기간,01시,02시,03시,04시,05시,06시,07시,08시,09시,10시,11시,12시,13시,14시,15시,16시,17시,18시,19시,20시,21시,22시,23시,24시,최대,최소,가중평균
2026/09/28,100.28,97.45,97.45,97.45,97.45,97.45,102.4,107.07,107.28,107.24,106.86,107.23,106.49,107.23,108.3,112.47,130.69,130.69,130.69,130.69,130.69,130.69,127.91,115.49,130.69,97.45,113.68
2026/09/27,97.12,94.37,94.02,94.02,94.02,94.37,98.31,98.31,93.61,88.57,91.27,5.89,0,94.02,94.02,98.31,107.75,110.27,115.67,116.25,116.25,116.25,110.27,110.27,116.25,0,95.69
2026/09/26,98.31,95.83,95.83,94.93,94.93,95.83,95.83,96.49,94.93,94.91,91.58,7.14,92.13,98.31,94.91,98.2,107.6,107.81,111.35,111.93,111.93,111.93,111.93,111.93,111.93,7.14,98.52
2026/09/25,95.54,95.26,95.26,95.26,95.26,95.26,96.56,96.49,91.49,87.42,84.25,0,7.09,84.25,86.7,93.78,110.85,111.43,111.43,111.43,111.43,111.43,111.43,111.43,111.43,0,94.2
2026/09/24,109.22,98.31,97.56,97.56,97.56,97.56,96.91,96.56,93.85,92.22,92.26,91.19,91.41,98.31,93.85,93.93,110.85,111.43,111.43,111.43,111.43,111.43,111.43,111.43,111.43,91.19,101.99
2026/09/23,103.45,99.44,97.99,96.74,96.63,97.99,103.45,103.45,103.45,103.44,103.43,103.41,103.4,103.39,103.38,103.21,103.4,103.42,103.43,103.45,103.45,103.45,103.42,102.71,103.45,96.63,102.3
2026/09/22,105.09,98.46,97.56,97.56,97.56,97.56,98.46,104.94,99,97.6,97.56,97.56,92.08,105.26,105.77,105.6,127,127,127,127,127,113.33,113.33,110.57,127,92.08,108.12
2026/09/21,100.05,97.45,97.45,97.45,97.45,101.74,102.44,104.48,109.28,103.63,103.4,103.39,103.33,103.38,107.63,109.95,183.48,183.83,183.74,183.48,183.48,130.69,127.91,112.91,183.83,97.45,126.08
2026/09/20,98.94,97.96,97.96,97.96,98.31,98.31,98.31,96.49,93.69,90.15,91.65,91.54,6.31,92.57,93.83,98.31,109.21,110.95,111.35,111.93,111.93,111.93,111.93,111.93,111.93,6.31,98.83
2026/09/19,107.65,102.19,100.02,100.02,100.02,100.02,100.02,98.44,96.64,93.02,93.2,97.98,97.44,97.98,103.67,103.63,103.69,111.08,111.66,111.66,111.66,111.66,111.66,111.66,111.66,93.02,103.67
2026/09/18,98.95,95.51,95.51,95.51,95.51,95.51,95.78,102.5,105.26,105.26,100.43,95.78,95.51,99.27,109.22,112.47,113.05,120.29,119.75,119.83,119.92,108.41,107.85,105.83,120.29,95.51,105.4
2026/09/17,98.27,95.33,95.33,95.33,95.33,95.33,96.11,102.07,105.82,100.96,96.53,95.33,95.33,97.1,97.1,112.47,113.05,113.05,116.61,117.08,117.08,106.44,106.44,106.44,117.08,95.33,103.56
2026/09/16,100.01,97.81,95.76,95.18,95.22,96.4,97.81,101.33,100.01,96.69,94.33,94.33,90.09,94.33,100.62,97.17,109.95,111.1,161.59,111.1,111.1,111.1,111.1,111.1,161.59,90.09,104.45
2026/09/15,99.16,95.7,95.52,95.52,95.52,95.52,99.94,100.79,97.63,95.52,93.17,93.07,90.43,92.97,93.82,96.92,113.45,114.02,114.02,114.02,114.02,109.65,107.14,107.14,114.02,90.43,101.7
2026/09/14,98.64,96.32,94.91,94.91,94.91,95.42,99.72,106.25,101.26,99.83,106.89,106.89,106.89,106.89,106.89,99.83,123.64,128.37,128.4,128.4,123.64,120.79,115.94,115.55,128.4,94.91,109.74
2026/09/13,97.91,96.49,95.54,95.54,95.54,97.91,97.91,96.56,93.5,97.91,97.91,104.27,104.53,104.53,104.53,104.54,109.65,115.67,116.25,121.38,116.25,112.45,112.45,110.72,121.38,93.5,104.89
2026/09/12,104.93,97.81,97.81,97.81,97.81,97.81,97.81,97.59,95.87,97.59,97.59,103.49,103.48,103.47,103.47,103.47,107.64,111,112.03,112.04,111.93,111.93,111.93,111.93,112.04,95.87,104.02
2026/09/11,105.07,98.05,97.37,95.96,95.96,97.37,100.15,105.37,134.08,141.45,107.55,107.52,107.5,107.48,176.5,176.35,176.5,176.6,137.8,137.8,137.77,130.69,127.91,112.36,176.6,95.96,126.99
2026/09/10,104.78,100.64,97.57,96.25,96.25,97.57,99.88,100.76,155.28,155.28,106.98,107.63,107.63,107.61,107.61,107.61,116,125.25,125.25,125.25,125.25,166.64,125.25,108.61,166.64,96.25,116.28
2026/09/09,103.59,99,97.45,96.19,96.19,97.45,97.48,100.71,99.05,103.44,103.54,103.54,103.53,103.53,107.97,107.71,113.45,123.97,140.03,138.35,123.97,123.97,121.12,115.61,140.03,96.19,110.16
2026/09/08,100.89,98.62,97.52,96.11,96.11,97.52,100.89,103.46,158.67,166.95,172.08,171.98,107.58,171.57,171.47,171.31,173.53,181.54,188.36,182.57,137.08,125.25,125.25,122.82,188.36,96.11,141.1
2026/09/07,100.24,97.6,96.19,96,96,96.19,99.31,106.9,153.43,168.29,168.18,168.08,167.77,167.77,167.62,167.52,186.33,188.75,189.5,189.5,187.83,176.99,131,130.89,189.5,96,150.38
2026/09/06,99.03,96.3,96.3,96.3,96.3,96.3,97.24,96.56,95.35,93.13,90.25,6.05,46.56,96.64,96.64,96.6,107.33,110.73,112.33,121.38,113.16,113.16,113.16,111.93,121.38,6.05,97.56
2026/09/05,115.04,102.8,99.22,99.22,99.22,99.22,99.22,98.37,96.63,95.17,95.84,96.31,91.57,93.03,96.31,96.31,99.22,129,129.32,128.19,118.5,111.93,111.93,111.93,129.32,91.57,105.62
2026/09/04,120.16,104.7,97.34,97.2,97.2,97.34,107.99,120.16,120.16,190.37,191.99,187.21,179.39,189.45,189.36,189.98,190.78,191.99,192.69,192.69,192,190.7,179.28,149.77,192.69,97.2,160.39
2026/09/03,119.57,107.33,102.91,102.91,102.91,102.91,103.9,119.57,119.57,188.71,193.09,191.48,187.96,190.67,189.87,190.67,195.17,195.26,195.43,194.3,189.36,189.05,179.65,154.93,195.43,102.91,162.74
2026/09/02,117,117,117,117,117,117,117,117,181.61,193.05,192.25,191.85,186.82,191.04,191.04,191.04,194,194.05,192.25,193.05,193.05,187.58,185.62,149.25,194.05,117,167.91
2026/09/01,118.57,102.8,102.8,102.8,102.8,102.8,102.8,118.57,180.51,188.06,188.06,193.82,184.9,192.62,192.62,192.62,193.42,194.7,194.71,194.64,194.63,188.14,183.59,150.83,194.71,102.8,165.13
2026/08/31,101.35,98.85,98.85,98.85,98.85,98.85,100.51,109.09,115.48,178.13,177.39,177.03,177.03,176.29,175.56,179.02,179.02,177.39,179.05,178.86,178.86,168.6,163.01,110.21,179.05,98.85,150.85
2026/08/30,105.24,101.86,98.64,98.64,98.64,98.64,98.64,98.64,99.78,101.13,112.21,111.91,112.21,112.21,112.21,111.6,113.65,113.67,177.28,177.28,177.28,177.28,111.44,110.82,177.28,98.64,120
2026/08/29,120.72,108.98,100.93,100.93,100.93,100.93,100.93,100.93,110.7,111.31,158.79,156.42,156.42,166.76,175.58,178.06,178.06,178.18,178.85,179.38,179.38,169.08,160.5,115.67,179.38,100.93,143.7
2026/08/28,114.9,102.08,102.08,102.08,102.08,102.08,102.08,152.43,165.65,171.64,170.91,171.23,170.18,171.23,177.28,177.28,177.28,177.29,176.88,176.89,172.74,173.48,173.48,157.02,177.29,102.08,155.78
2026/08/27,114.9,102.09,102.09,102.09,102.09,102.09,102.09,116.76,131.73,173.4,172.67,171.94,171.94,171.21,170.47,170.47,182.89,177.58,177.58,177.59,177.6,174.87,167.2,161.39,182.89,102.09,152.83
2026/08/26,121.07,101.43,101.43,101.43,101.43,101.43,101.43,111.23,145.55,174.2,173.46,172.73,172,175.17,175.17,175.15,172,172.73,175.17,174.93,174.93,169.87,166.53,150.2,175.17,101.43,151.77
2026/08/25,114.9,101.57,101.13,101.13,101.13,101.13,113.46,113.48,167.27,170.41,169.67,169,169,177.74,177.38,168.85,169.1,181.08,181.09,180.31,180.28,171.87,172.6,159.9,181.09,101.13,154.24
2026/08/24,101.23,100.5,100.5,100.5,100.5,100.5,103.1,126.73,158.99,172.53,171.79,171.46,171.06,170.77,170.77,170.77,171.06,182.06,182.06,178.71,173.26,171.46,171.46,160.22,182.06,100.5,153.98
2026/08/23,109.61,103.74,102.18,98.51,98.51,98.51,98.51,98.51,98.51,92.06,92.06,111.27,112.11,112.49,112.49,112.49,112.51,175.24,175.24,175.24,175.24,175.24,175.24,112.28,175.24,92.06,125.29
2026/08/22,112.66,109.74,102.66,101.04,101.04,101.04,101.04,101.04,109.36,110.43,111.44,111.83,111.82,177.07,174.34,156.39,178.64,178.64,178.64,178.64,178.64,178.64,177.07,115.01,178.64,101.04,138.39
2026/08/21,103.36,100.98,100.98,100.98,100.98,100.98,100.98,133.03,141.66,171.83,176.29,175.56,175.56,169.18,174.83,174.83,178.09,178.11,176.29,176.29,171.83,170.19,164.22,115.94,178.11,100.98,151.08
2026/08/20,111.62,103.15,100.98,100.98,100.98,100.98,100.98,110.54,142.83,172.44,175.99,175.26,162.98,165.06,171.6,173.06,173.8,175.71,179.11,179.13,177.09,172.67,168.2,149.54,179.13,100.98,151.46
2026/08/19,103.36,100.98,100.98,100.98,100.98,100.98,100.98,110.56,159.25,171.33,174.18,173.45,172.72,171.98,171.98,171.98,175.77,175.82,175.82,175.86,175.65,171.54,164.1,116.19,175.86,100.98,150.44
2026/08/18,102.25,101.97,98.74,98.74,98.74,98.74,99.57,109.94,161.89,168.92,176.84,173.91,173.91,173.91,173.91,173.91,173.91,173.91,180.22,180.67,176.84,171.18,166.44,146.54,180.67,98.74,152.75
2026/08/17,101.92,98.98,98.98,98.98,98.98,98.98,98.98,98.98,101.37,151.36,151.36,151.59,151.36,111.12,111.11,110.93,151.36,167.87,178.22,179.86,178.22,178.22,178.22,161.7,179.86,98.98,136.86
2026/08/16,102.64,100.75,98.25,98.25,98.25,98.25,98.25,99.92,100.75,176.01,164.27,153.93,153.93,153.93,164.27,153.93,153.93,164.27,176.03,176.03,176.03,176.03,153.93,110.49,176.03,98.25,140.48
2026/08/15,116.73,109.74,104.17,100.62,100.62,100.62,100.57,109.57,110.64,111.86,171.86,176.29,176.29,176.29,177.17,176.29,176.29,177.17,179.32,179.32,179.32,171.86,119.61,115.51,179.32,100.57,144.73
2026/08/14,103.34,101.23,100.5,100.5,100.5,100.5,101.23,109.3,111.9,169,173.98,173.25,172.51,175.62,178.17,171.78,172.51,178.32,178.35,178.3,175.81,173.17,173.01,148.13,178.35,100.5,150.58
2026/08/13,103.32,101.38,101.31,101.31,101.31,101.31,101.38,111.48,112.24,172.44,172.21,171.83,171.83,171.68,171.45,171.68,171.83,172.06,177.45,176.19,172.52,165.29,163.42,115.26,177.45,101.31,147.44
2026/08/12,112.77,103.94,102.33,100.8,100.8,100.8,102.49,110.59,145.87,171.36,173.05,172.32,170.9,170.86,170.52,170.67,179.06,172.32,173.05,173.42,174.15,174.15,164.13,119.55,179.06,100.8,149.54
2026/08/11,129.64,104.15,102.22,102.38,102.38,102.22,109.17,129.64,168.55,171.64,170.91,169.44,168.71,167.98,167.4,167.4,183.05,169.44,184.67,172.68,172.78,172.74,173.47,161.32,184.67,102.22,154.39
2026/08/10,124.84,99.08,98.25,98.25,98.25,98.25,109.06,111.73,132.44,165.97,172.3,171.57,170.84,170.11,169.37,179.89,171.57,179.87,179.91,178.49,174.14,174.87,175.6,155.67,179.91,98.25,153.54
2026/08/09,111.88,109.94,100.18,95.67,95.67,95.3,93.93,93.93,112.32,112.25,112.37,112.81,112.79,112.79,176.36,178.85,178.85,178.85,178.85,178.85,178.85,178.85,168.37,116.1,178.85,93.93,137.19
2026/08/08,154.92,110.6,110.25,110.25,109.3,109.92,110.42,110.25,110.31,171.29,171.06,170.99,170.76,170.76,175.36,170.99,171.06,171.44,172.28,173.02,173.75,174.12,174.12,161.62,175.36,109.3,153
2026/08/07,161.34,110.94,110.96,110.96,110.98,111,110.92,124.91,165.35,164.62,163.52,167.54,167.5,167.47,167.47,167.45,174.15,174.39,183.55,183.22,165.35,167.92,168.65,162.68,183.55,110.92,155.79
2026/08/06,124.91,113.57,110.21,110.38,109.14,109.14,110.78,118.77,146.51,169.04,168.3,167.57,173.46,173.96,174.76,173.54,165.74,166.47,183.98,169.04,169.04,169.77,170.87,158.94,183.98,109.14,153.61
2026/08/05,128.73,110.28,109.39,109.4,109.32,109.4,110.72,111.47,146.37,167.78,167.04,166.31,164.48,163.75,163.75,173.16,166.58,181.63,181.78,171.21,170.6,169.61,170.34,158.2,181.78,109.32,152.42
2026/08/04,110.94,110.53,100.7,99.87,100.35,100.7,102.43,103.32,166.78,172.94,172.87,172.64,171.75,172.49,172.49,172.49,172.64,180.49,183.7,177.21,177.23,174.04,173.55,147.1,183.7,99.87,153.66
2026/08/03,112.35,101.3,99.63,99.63,99.63,99.63,109.39,111.54,162.93,173.38,172.65,172.27,171.2,171.2,171.2,171.2,173.21,171.2,172.27,182.59,173.38,174.11,168.21,138.33,182.59,99.63,152.63
2026/08/02,112.95,109.23,106.59,102.5,102.5,109.56,110.64,111.19,111.18,111.7,173.57,173.34,173.27,173.04,173.04,173.04,173.27,173.57,173.73,173.96,174.11,174.34,164.68,158.19,174.34,102.5,147.99
2026/08/01,121.47,109.01,104.97,103.56,103.21,102.26,110.91,110.47,110.96,111.41,172.76,172.76,172.53,172.46,172.46,172.53,172.53,172.76,172.92,173.36,174.1,173.53,168.85,157.41,174.1,102.26,147.75
2026/07/31,108,103.06,93.06,91.71,91.71,91.71,128.36,137.65,153.02,152.88,152.67,152.53,152.33,152.26,152.26,152.26,156.05,156.09,156.09,156.09,153.02,153.22,154.59,146.93,156.09,91.71,140.08
2026/07/30,119.89,103.65,102.88,103.11,102.93,103.57,107.87,138.18,153.83,153.17,152.51,151.85,151.19,150.53,150.53,150.53,155.4,155.51,156.85,156.99,156.6,153.83,154.16,146.74,156.99,102.88,141.19
2026/07/29,130.86,94.02,93.31,93.31,93.31,93.31,107.96,114.29,156.13,155.47,154.81,154.15,152.83,152.83,152.83,153.49,153.49,154.15,155.47,166.25,156.13,156.46,156.46,143.23,166.25,93.31,140.41
2026/07/28,110.52,103.41,103.41,103.29,103.33,103.25,103.42,113.79,143.1,153.76,163.25,153.1,147.39,151.12,151.12,151.12,162.49,163.03,162.93,165.31,154.42,154.75,154.75,142.87,165.31,103.25,141.26
2026/07/27,109.64,90.26,90.26,90.26,90.26,90.26,103.2,147.09,149.33,155.58,154.92,154.26,152.99,154.26,153.6,154.26,164.4,164.4,155.58,155.91,155.91,156.57,153.6,139.27,164.4,90.26,141.12
2026/07/26,104.85,104.04,95.62,92.01,91.66,90.66,103.64,104.34,104.61,109.48,157.02,156.88,156.88,157.56,157.56,157.56,158.23,155.25,159.55,159.88,153.01,150.86,111.77,111.77,159.88,90.66,131.27
2026/07/25,107.5,107.2,96.32,94.71,95.39,94,108.66,104.5,109.4,147.37,116.75,138.09,138.09,155.72,155.72,155.72,147.37,150.89,161.08,160.98,160.93,147.38,142.34,111.45,161.08,94,131.27
2026/07/24,107.66,97.72,96.64,96.7,93.06,96.67,97.16,146.73,156.31,155.98,155.98,155.32,152.97,154.66,154.66,154.66,155.32,155.32,163.76,163.77,156.31,153.45,151.21,111.29,163.77,93.06,139.77
2026/07/23,107.25,93.5,93.5,93.5,93.5,93.5,93.5,109.26,149.61,154.29,154.29,154.29,154.29,154.29,154.29,154.29,163.03,163.04,162.97,154.62,155.28,155.28,149.61,112.75,163.04,93.5,137.61
2026/07/22,106.88,106.93,93.29,93.29,93.29,93.29,108.1,108.29,153.41,154.31,153.98,153.98,153.32,152.83,152.83,165.43,165.72,153.32,154.12,154.31,154.31,154.97,154.97,145.19,165.72,93.29,140.07
2026/07/21,114.32,114.41,103.23,103.34,103.21,103.36,107.46,109.13,153.64,153.64,153.64,153.64,152.98,152.98,160.34,152.98,160.34,152.98,160.34,156.72,153.64,154.3,154.3,137.33,160.34,103.21,141.04
2026/07/20,94.22,92.74,92.74,92.74,92.74,92.74,92.74,109.26,153.74,156.53,156.53,154.88,154.88,154.88,159.88,158.55,158.95,158.95,156.53,158.72,156.53,156.53,149.47,134.1,159.88,92.74,139.43
2026/07/19,96.18,95.11,91.58,91.58,91.58,91.58,91.58,90.43,90.43,104.96,109.52,143.38,109.51,109.51,109.12,109.26,108.99,115.68,115.71,155.63,155.63,155.63,109.16,104.57,155.63,90.43,111.62
2026/07/18,138.26,103.07,93.18,93.05,93.05,93.05,103.97,104.47,107.86,108.59,156.44,156.43,156.44,156.47,155.78,155.78,155.78,156.42,156.42,156.43,156.05,155.17,127.36,110.17,156.47,93.05,133.65
2026/07/17,116.8,107.06,104.1,104.1,104.1,104.1,104.11,108.07,109.05,154.59,154.24,154.04,153.9,153.9,153.69,153.69,153.9,154.04,154.38,154.88,154.88,155.22,152.01,117.66,155.22,104.1,137.02
2026/07/16,113.45,103.02,92.74,92.74,92.74,92.74,107.94,109.25,140.11,156.94,156.98,157.42,151.91,156.75,156.93,151.77,159.8,159.81,159.82,159.83,154.1,154.76,154.76,146.01,159.83,92.74,140.18
2026/07/15,113.36,103.36,103.36,103.37,103.3,103.38,108,113.84,151.81,152.85,152.19,151.53,151.33,151.12,150.98,150.98,150.98,151.12,158.16,158.27,152.85,152.85,153.51,146.09,158.27,103.3,139.3
2026/07/14,113.45,103.4,103.4,103.41,103.41,103.41,107.64,109.21,150.51,150.37,150.37,150.17,150.17,150.17,150.62,160.15,160.37,160.37,160.37,157.42,151.17,150.99,150.99,146.51,160.37,103.4,140.2
2026/07/13,113.7,90.89,90.89,90.89,90.89,90.89,92.12,109.28,152.2,155.57,154.91,154.25,154.25,153.59,152.93,153.59,154.25,154.25,154.91,155.57,156.23,156.89,150.83,146.82,156.89,90.89,138.68
2026/07/12,113.37,98.41,96.16,93.79,92.99,91.65,90.3,103.68,107.99,108.42,138.07,157.31,157.24,157.24,157.24,155.86,155.93,155.93,156.28,156.48,156.62,156.62,113.5,109.01,157.31,90.3,130.72
2026/07/11,109.16,104.04,103.12,96.2,94.7,102.99,103.45,104.09,107.58,108.56,156.75,156.41,156.2,156.2,156.13,154.76,154.83,155.08,156.4,157.07,157.73,154.16,111.15,111.15,157.73,94.7,131.8
2026/07/10,105.97,92.21,92.21,92.21,92.21,92.21,92.21,110.24,110.94,157.49,156.94,156.83,156.17,157.68,154.85,154.85,154.85,157.03,156.17,156.83,156.83,157.49,153.27,145.01,157.68,92.21,137.16
2026/07/09,103.43,103.43,103.33,103.44,102.97,103.45,103.45,116.49,154.05,152.67,152.67,155.5,153.62,157.11,155.5,155.5,152.47,152.47,152.67,152.67,152.95,152.95,150.22,107.84,157.11,102.97,138.02
2026/07/08,105.59,92.62,92.62,92.62,92.62,92.62,92.62,104.6,109.6,154.05,153.85,153.85,153.85,153.85,155.26,155.26,155.26,155.26,155.26,155.26,154.74,151.81,149.57,125.47,155.26,92.62,134.3
2026/07/07,105.91,92.91,92.91,92.91,92.91,108.44,103.63,116.95,154.51,154.52,154.52,153.86,153.2,155.98,152.54,152.31,156.37,152.54,153.2,153.86,153.86,154.52,150.89,110.62,156.37,92.91,137.19
2026/07/06,93.83,92.44,92.44,92.44,92.44,92.44,92.44,104.85,143.01,155.11,154.66,155.11,154.18,155.11,155.28,155.11,155.11,155.11,155.11,155.11,154.66,154.66,130.22,130.22,155.28,92.44,136.43
2026/07/05,96.29,91.71,89.62,89.62,89.62,89.62,89.62,89.62,89.62,89.62,91.76,89.62,105.33,105.32,105.32,105.33,105.35,115.68,115.71,125.07,115.71,105.38,104.88,104.56,125.07,89.62,100.9
2026/07/04,98.88,96.35,94.51,92.81,91.47,92.81,91.47,90.99,91.09,90.99,104.9,104.89,116.28,119,104.85,104.87,104.87,104.88,104.9,104.91,116.29,116.29,116.3,96.74,119,90.99,102.57
2026/07/03,99.38,92.69,92.69,92.69,92.69,92.69,92.69,102.55,105.01,130.26,130.07,110.78,110.78,144.44,153.72,153.32,152.97,142.12,146.91,141.33,138.76,130.07,110.78,110.78,153.72,92.69,121.91
2026/07/02,98.89,91.86,91.86,91.86,91.86,91.86,91.86,103.67,104.92,113.41,118.85,147.53,118.5,147.53,153.19,153.19,153.19,144.94,147.55,144.45,143.63,143.61,114.64,109.92,153.19,91.86,123.73
2026/07/01,96.22,94.81,90.17,90.17,90.17,90.17,90.17,140.13,140.13,109.94,104.43,104.42,104.41,145.8,152.83,152.83,152.83,152.83,152.83,152.83,152.83,152.83,143.55,110.2,152.83,90.17,126.01
2026/06/30,93.35,92.31,87.01,87.01,87.01,87.01,87.01,103.93,89.27,98.96,99.44,106.2,99.41,111.2,109.68,110.73,111.43,142.87,142.88,142.89,111.43,107.81,142.67,107.81,142.89,87.01,108.14
2026/06/29,93.23,92.09,87.4,86.37,87.4,87.4,91.49,93.23,93.23,106.2,99.52,99.47,125.18,106.2,106.2,106.2,109.75,142.42,142.44,142.44,142.44,111.43,108.63,107.78,142.44,86.37,109.03
2026/06/28,100.45,100.46,92.11,90.69,100.46,100.46,99.72,81.97,80.02,80.01,80.43,80.65,80.65,80.68,80.68,80.68,97.52,104.05,110.4,119.11,122.84,110.86,110.86,110.86,122.84,80.01,97.2
2026/06/27,110.93,98.2,91.71,90.83,90.48,90.48,89.67,88.59,88.59,84.09,82.93,82.93,5.85,84.4,82.93,84.09,88.59,101.67,140.1,140.28,140.66,140.66,140.7,135.97,140.7,5.85,101.26
2026/06/26,91.81,91.81,90.77,89.38,89.38,89.38,90.35,91.54,99.4,136.53,99.37,138.92,134.26,99.33,99.18,98.96,99.09,134.26,134.27,134.27,134.28,107.29,107.29,107.29,138.92,89.38,108.95
2026/06/25,92.93,89.14,89.14,89.14,89.14,89.14,89.14,89.14,99.76,100.15,100.11,100.11,99.44,99.75,99.94,136.69,113.66,114.72,115.51,117.1,117.1,136.7,102.31,98.23,136.7,89.14,103.88
2026/06/24,100.64,94.67,90.79,89.14,89.14,90.45,92.19,95.57,103.93,101.08,129.47,131.33,127.95,134.35,133.18,129.47,101.08,101.08,101.08,108.46,108.46,101.08,99.48,92.53,134.35,89.14,106.89
2026/06/23,98.3,92.15,89.14,89.14,89.14,89.14,90.85,92.24,98.3,99.53,99.54,99.71,98.6,99.69,99.69,99.12,102.82,102.82,115.78,119.77,145.11,145.11,145.11,102.82,145.11,89.14,105.32
2026/06/22,89.38,88.06,88.06,88.06,88.06,88.06,89.38,90.79,99.83,104.34,136.02,102.85,95.31,104.34,136.02,142.18,142.18,142.18,136.02,136.02,136.02,102.85,102.85,98.33,142.18,88.06,112.12
2026/06/21,104.02,90.72,90.72,90.72,90.72,90.72,90.15,88.03,83.75,81.19,81.19,86.85,86.85,86.85,86.85,86.85,90.01,104.05,104.83,109.76,109.76,109.76,109.76,109.76,109.76,81.19,95.36
2026/06/20,100.84,97.27,93.35,93.35,93.35,93.35,93.35,93.35,97.27,103.64,128.69,128.69,134.2,135.03,135.03,100.01,103.64,103.64,103.64,103.64,103.64,103.64,103.64,99.6,135.03,93.35,106.62
2026/06/19,99.09,91.19,91.17,91.17,91.24,91.17,98.5,99.05,137.14,137.5,137.69,137.79,137.78,137.77,141.61,141.61,141.61,147.52,147.52,138.54,133.66,133.59,128.9,116.94,147.52,91.17,125.29
2026/06/18,99.26,91.05,91.05,91.05,91.05,91.05,91.05,99.19,111.24,138.74,139.4,139.9,139.89,139.89,139.36,139.79,140.09,140.09,140.18,140.28,140.37,138.76,138.38,99.25,140.37,91.05,123.49
2026/06/17,101.08,97.68,96.1,89.8,95.4,96.73,96.89,99.24,137.74,140.56,143.48,144.96,143.35,144.53,143.18,146.71,145.73,141.81,138.33,142.33,138.51,141.72,138.61,111.47,146.71,89.8,127.72
2026/06/16,135.92,94.14,92.63,92.63,92.63,93.57,95.49,98.58,99.13,99.12,140.9,141.15,140.8,141.42,141.42,141.43,141.44,142.52,142.57,142.71,141,140.98,134.56,115.57,142.71,92.63,124.22
2026/06/15,97.72,91.45,89.09,85.88,87.39,90.76,99.5,104.03,138.75,138.13,138.83,138.83,139.87,138.83,138.83,138.83,138.83,139.87,139.89,139.89,139.74,139.74,139.74,108.7,139.89,85.88,124.97
2026/06/14,101.25,96.66,95.76,95.45,95.76,97.1,95.76,85.83,82.29,81.75,81.75,99.83,100.13,100.01,100.29,100.27,99.95,109.34,111.48,111.48,111.48,111.48,111.48,111.48,111.48,81.75,100.36
2026/06/13,111.58,100.21,99.38,98.1,99.38,95.77,94.87,90.19,83.34,78.33,78.9,78.95,6.38,78.95,78.95,83.34,89.1,109.97,110.42,111.01,110,110.75,110,110,111.58,6.38,94.13
2026/06/12,101.39,96.87,93.7,91.46,92.34,93.04,95.38,98.98,137.06,129.05,128.92,128.73,128.6,128.51,128.37,128.37,128.37,128.51,129.68,129.83,130.02,130.11,117.1,117.1,137.06,91.46,118.25
2026/06/11,138.47,102.03,102.03,102.03,102.03,102.03,116.5,116.5,98.34,98.33,98.29,128.38,134.08,128.24,128.15,128.15,134.77,134.78,143.44,143.44,143.44,128.88,128.98,116.01,143.44,98.29,121.64
2026/06/10,111.91,104.48,98.42,98.26,98.04,98.42,98.42,131.72,137.38,98.37,128.89,128.75,128.66,128.66,128.57,135.39,135.44,135.47,137.52,137.54,137.05,133.73,133.96,133.92,137.54,98.04,123.49
2026/06/09,133.25,98.42,97.9,98.42,98.42,133.35,133.35,133.25,139.95,128.81,128.62,128.44,128.35,128.3,128.21,128.17,136.78,136.49,136.82,142.45,133.06,133.06,133.16,117.77,142.45,97.9,127.14
2026/06/08,100.64,92.44,84.67,83.7,84.67,91.69,93.48,99.33,137.01,99.32,99.32,99.28,99.28,99.28,99.27,99.28,104.94,137.14,137.42,137.42,137.42,137.42,137.42,132.14,137.42,83.7,111.16
2026/06/07,102.23,90.13,90.13,89.42,90.13,90.13,88.18,84.72,81.8,46.92,81.8,100.34,100.42,100.33,100.15,99.8,100.39,110.26,110.28,117.57,117.57,110.28,110.28,110.28,117.57,46.92,98.13
2026/06/06,112.65,95.62,89.95,89.95,91.46,111.49,111.4,89.82,81.75,81.75,81.75,100.67,81.75,81.75,81.75,99.86,100.74,110.26,112.08,112.08,112.09,112.09,112.16,112.96,112.96,81.75,99.86
2026/06/05,120.71,98.01,97.44,92.91,93.87,98.23,135.06,142.73,142.16,128.16,144.32,127.84,127.79,127.7,127.7,136.18,136.18,136.19,136.21,136.23,136.24,135.87,136.83,135.28,144.32,92.91,127.13
2026/06/04,101.46,87.99,86.8,86.41,86.41,86.8,98.4,99.42,133.92,135.51,142.52,148.82,148.65,149.34,148.62,148.62,148.63,148.63,135.9,136.03,132.62,132.3,140.86,140.48,149.34,86.41,127.85
2026/06/03,111.12,101.65,111.03,91.91,101.67,101.68,91.91,86.85,86.85,99.23,141.44,141.44,137.87,141.41,141.41,137.84,130.49,130.54,130.63,144.17,131.94,131.94,132.03,117.07,144.17,86.85,120.49
2026/06/02,142.53,99.19,96.17,93.16,93.16,94.67,132.22,111.37,142.54,124.33,124.11,124,133.18,123.73,129.07,129.07,152.67,136.48,141.36,138.37,135.22,135.14,145.09,134.13,152.67,93.16,126.62
2026/06/01,101.64,97.12,91.48,86.49,86.41,98.27,99.27,142.07,136.17,132.59,142.16,132.53,132.53,133.85,143.27,143.27,142.5,142.15,142.16,142.16,136.66,134.76,134.76,134.76,143.27,86.41,127.8
2026/05/31,104.74,97.58,93.4,93.41,120.7,120.7,120.71,81.8,80.21,80.21,80.21,80.21,80.21,80.21,97.06,97.52,106.74,113.36,128.56,128.81,128.98,124.71,123.06,113.34,128.98,80.21,105.36
2026/05/30,113.18,113.15,105.7,103.27,113.15,113.16,113.17,100.07,99.78,80.34,100.52,100.5,100.48,100.48,100.24,97.69,100.5,132.99,140.54,132.99,140.54,112.92,112.92,112.88,140.54,80.34,111.22
2026/05/29,136.67,100.22,100.96,100.96,125.27,125.35,100.22,127.67,128.01,125.54,130.03,130.03,130.01,130.03,130.02,127.99,127.96,125.56,146.62,146.66,134.7,134.7,134.7,129.96,146.66,100.22,126.96
2026/05/28,107.19,100.44,98.1,98.1,98.8,98.8,98.8,116.33,127.67,138.06,138.04,120.19,109.87,115.07,116.46,116.36,127.67,127.67,143.15,140.18,132.14,127.96,138.41,138.4,143.15,98.1,120.97
2026/05/27,131.32,100.09,100.09,100.1,100.83,100.83,104.86,129.19,133.58,133.58,133.58,133.58,129.07,133.58,133.58,133.58,133.58,133.58,133.59,133.54,129.18,124.51,133.42,133.42,133.59,100.09,125.58
2026/05/26,108.6,96.78,96.78,96.78,96.76,96.78,100.54,123.92,124.4,124.4,137.42,137.67,137.36,137.46,137.36,137.36,137.36,137.35,136.94,137.4,136.63,132.98,129.87,125.41,137.67,96.76,125.47
2026/05/25,116.5,105.57,97.4,97.15,97.28,97.31,103.38,97.48,98.08,101.65,105.93,120.82,120.65,120.65,120.65,120.65,131.15,131.3,133.09,141.75,141.75,135.01,135.01,133.06,141.75,97.15,118.32
2026/05/24,107.17,101.34,93.3,93.3,101.34,101.34,104.17,102.58,102.65,102.63,102.59,102.56,102.56,102.56,102.54,102.56,102.56,150.59,114.53,150.52,144.52,124.1,114.52,114.52,150.59,93.3,111.57
2026/05/23,103.15,103.91,100.44,96.16,96.29,100.59,104.29,104.11,104.62,130.09,129.96,130.01,129.55,130.08,129.52,127.34,117.97,112.75,114.49,114.49,114.49,103.95,102.08,102.41,130.09,96.16,111.8800497
2026/05/22,133.22,100.17,99.01,99.01,99.01,100.91,100.17,115.6,128.68,133.19,133.07,132.88,132.8,132.69,132.69,132.51,132.51,128.67,132.51,134.26,134.26,134.24,134.27,134.12,134.27,99.01,124.3
2026/05/21,131.23,100.29,100.29,100.29,100.24,100.29,100.28,125.16,129.18,133.33,135.71,135.75,135.72,135.77,135.71,135.71,135.71,135.71,135.71,135.71,135.71,135.71,135.72,135.71,135.77,100.24,127.03
2026/05/20,131.23,100.16,100.16,100.17,100.17,100.17,103.89,126.12,134.05,137.74,137.68,137.68,134.07,137.7,137.73,137.65,137.74,137.74,137.77,137.77,132.85,132.6,136.1,124.74,137.77,100.16,127.88
2026/05/19,107.19,96.58,81.58,80.34,80.34,96.37,99.55,134.27,120.92,125.43,125.41,135.62,132.72,135.61,135.61,135.42,135.42,132.9,134.18,134.19,134.21,134.21,134.26,123.11,135.62,80.34,121.64
2026/05/18,103.84,106.01,80.76,80.34,80.34,82.04,96.06,134.17,124.6,124.6,124.94,127.79,127.87,133.86,133.86,133.86,131.6,131.58,131.65,133.23,133.23,133.23,134.17,133.17,134.17,80.34,120.92
2026/05/17,116.83,102.14,102.9,102.9,103.9,134.5,105.56,90.55,80.21,80.21,91.34,91.59,91.59,134.68,134.69,134.7,134.66,120.49,142.13,142.34,142.11,135.21,119.04,114.07,142.34,80.21,116.43
2026/05/16,133.81,133.81,133.51,111.05,111.05,122.14,111.07,111.05,95.9,96.82,96.81,116.89,138,116.69,116.69,122.85,137.92,129.12,137.92,149.55,158.22,131.03,137.93,137.93,158.22,95.9,125.76
2026/05/15,130.39,99.28,99.77,100.5,100.5,103.71,105.18,98.34,132.15,132.71,132.48,132.4,132.17,135.42,135.44,135.1,143.05,142.93,142.87,143.11,133.27,133.29,134.16,134.16,143.11,98.34,126.46
2026/05/14,131.87,99.71,99.71,99.72,99.72,100.06,115.53,115.35,130.2,132.76,133.08,132.89,132.76,132.7,132.58,132.58,132.58,132.58,149.34,132.85,132.86,138.18,132.88,132.82,149.34,99.71,126.07
2026/05/13,130.91,97.16,94.66,97.86,97.86,99.44,140.7,140.7,104.88,125.72,139.56,124.71,104.88,127.02,139.56,127.02,127.02,104.88,139.56,146.32,146.32,132.79,140.7,140.7,146.32,94.66,124.64
2026/05/12,102.15,100.22,100.22,100.22,100.78,100.78,100.75,125.62,132.04,132.27,132.25,131.18,116.65,133.38,136.15,136.15,136.15,136.15,136.15,136.15,132.3,137.7,137.7,132.11,137.7,100.22,124.8
2026/05/11,105.33,79.38,78.49,77.49,77.49,79.45,126.09,101.06,119.01,134.01,134.88,134.26,134.01,134.01,134.01,134.01,129.9,129.9,134.01,134.71,134.88,136.36,136.36,115.63,136.36,77.49,120
2026/05/10,115.83,104.34,104.59,103.11,104.59,132.14,132.14,113.47,98.79,100.12,100.54,100.57,100.56,100.56,100.49,100.7,100.27,103.94,103.96,113.55,113.55,113.53,113.52,104.45,132.14,98.79,108.15
2026/05/09,137.36,121.4,110.82,111.29,121.4,121.4,142.16,110.82,100.09,100.19,100.17,100.15,100.14,127.63,100.14,99.39,98.97,115.7,119.8,138.02,137.97,138.03,138.04,134.02,142.16,98.97,119.28
2026/05/08,130.91,100.07,100.38,100.87,100.87,129.66,139.78,134.77,134.72,139.78,139.78,139.78,129.66,139.78,144.84,139.78,129.92,129.92,139.78,139.78,132.04,132.05,132.05,132.06,144.84,100.07,129.96
2026/05/07,121.76,115.15,110.35,108.62,108.62,110.35,134.69,134.7,130.79,131.59,131.47,134.78,130.79,134.77,131.07,132.11,130.79,130.79,131.86,131.87,131.89,134.7,134.7,134.7,134.78,108.62,128.08
2026/05/06,120.29,120.29,102.27,102.27,120.29,120.29,133.86,134.23,123.23,121.61,133.94,133.94,122.95,133.94,134.19,134.19,133.94,123.23,119.81,125.84,125.84,125.84,125.74,120.46,134.23,102.27,124.81
2026/05/05,101.71,102,96.74,103.47,103.47,134.09,102.71,100.81,79.2,100.66,101.35,101.43,74.42,74.42,100.61,82.09,100.61,105.46,129.94,143.78,143.79,129.94,143.68,129.94,143.79,74.42,110.47
2026/05/04,103.9,83.08,81.48,80.49,78.1,83.08,123.75,123.69,123.82,131.84,132.87,132.36,131.84,131.84,132.36,132.36,131.84,130.93,147.26,147.6,147.5,131.94,131.94,131.94,147.6,78.1,123.01
2026/05/03,116.2,103.62,106.49,102.94,102.94,100.24,102.94,103.94,105.05,134.51,134.51,134.56,134.57,134.52,134.51,120.8,120.8,134.51,134.52,134.57,134.57,123.05,122.44,116.59,134.57,100.24,121.16
2026/05/02,119.76,111.23,111.22,102.56,103.59,103.98,103.98,103.32,101.11,125.03,125.03,125.02,100.91,103.58,103.58,103.58,103.58,100.96,123.36,127.12,124.84,124.84,121.99,111.42,127.12,100.91,112.22
2026/05/01,133.77,127.94,119.01,127.71,127.95,138.14,138.14,138.12,108.51,113.73,115.29,115.29,111.99,110.25,115.29,110.52,123.99,132.07,149.3,136.54,135.6,135.6,135.6,135.6,149.3,108.51,127.74
2026/04/30,119,114.29,99.36,99.36,99.5,114.28,120.06,120.06,120.06,121.33,121.05,124.72,120.06,124.19,131.18,130.29,124.78,124.78,135.59,137.14,137.17,124.84,124.85,124.82,137.17,99.36,121.93
2026/04/29,124.2,112.45,104.91,104.91,104.91,113.81,123.76,123.56,113.81,115.72,125.25,125.15,113.81,124.97,124.86,113.7,133.6,124.45,133.71,136.57,136.57,124.46,124.46,124.45,136.57,104.91,121.7
2026/04/28,121.07,111.9,111.63,111.51,105.87,118.57,120.74,128.55,128.56,128.56,124.69,124.87,110.49,110.49,110.49,110.49,110.49,116.62,137.57,138.19,123.94,123.94,119.94,119.96,138.19,105.87,120.14
2026/04/27,102.27,87.11,87.11,87.11,87.11,87.11,112.58,114.78,121.18,122.31,122.31,121.74,118.82,121.74,121.74,121.74,126.93,126.94,126.94,137.41,137.13,126.94,129.28,126.94,137.41,87.11,117.19
2026/04/26,117.19,108.33,108.33,108.33,112.34,117.85,117.85,117.78,97.57,98.71,98.73,98.69,98.69,98.67,98.67,104.97,112.5,115.88,117.79,128.13,117.85,117.87,117.87,116.81,128.13,97.57,111.56
2026/04/25,124.56,121.47,111.31,112.04,121.63,121.93,123.79,121.26,111.81,115.95,117.8,117.8,117.71,117.79,117.79,117.79,117.81,117.76,136.82,136.64,128.66,128.66,128.65,125.98,136.82,111.31,121.94
2026/04/24,122.73,107.29,107.29,107.29,108.8,122.81,124.31,124.31,121.88,121.16,98.96,98.92,98.9,98.88,98.88,98.88,107.54,125.34,125.35,135.2,135.24,125.35,125.35,125.35,135.24,98.88,116.2
2026/04/23,120.81,120.41,105.73,105.73,105.73,109.87,126.08,127.53,127.5,123.38,99.03,98.91,98.39,98.98,98.91,98.91,115.13,118.79,126.71,135.13,135.13,124.59,124.59,124.59,135.13,98.39,116.19
2026/04/22,120.92,98.96,98.15,96.86,97.2,98.69,111.03,120,128.17,128.24,128.24,128.24,124.14,121.06,124.14,120,124.15,124.15,124.15,126.08,126.04,126.08,124.16,124.16,128.24,96.86,119.16
2026/04/21,121.58,108.18,106.98,107.08,108.27,120.69,123.91,123.57,116.32,98.89,98.88,98.85,98.77,98.84,98.84,98.85,116.62,125.05,140.97,140.97,140.96,125.62,125.64,125.64,140.97,98.77,116.71
2026/04/20,100.95,99.27,94.5,94.5,94.5,94.5,112.28,116.87,119.26,122.99,121.97,122.12,120.33,121.97,121.97,133.16,126.86,126.86,126.86,126.86,124.12,124.1,124.1,124.1,133.16,94.5,117.81
2026/04/19,124.33,109.15,109.15,109.15,111.21,111.21,111.29,110.8,96.04,97.31,98.57,98.43,99.16,99.09,99.12,99.03,112.77,112.77,122.73,134.5,127.42,127.41,127.41,127.41,134.5,96.04,113.2
2026/04/18,122.53,122.02,114.13,98.44,114.2,115.06,115.02,114.04,98.56,99.17,98.86,98.93,99.13,99.12,99.12,100.48,99.67,124.02,129.58,130.78,130.78,124.26,124.26,124.3,130.78,98.44,113.72
2026/04/17,127.15,124.3,110.15,110.23,110.23,116.31,124.71,127.16,126.93,126.59,126.59,120.81,120.08,120.08,120.89,132.14,129.2,129.22,129.25,129.28,129.28,129.3,125.8,125.58,132.14,110.15,124.15
2026/04/16,110.96,109.45,109.45,109.45,109.45,109.45,113.93,139.4,109.45,111.27,111.08,110.84,109.45,110.6,110.56,110.56,110.52,124.22,134.23,134.23,120.27,119.68,119.68,111.35,139.4,109.45,115.94
2026/04/15,123.99,107.5,107.5,107.5,107.5,114.3,128.57,128.57,111.75,109.73,111.07,111.07,109.73,110.95,110.87,110.87,109.73,128.18,129.28,141.09,129.28,122.19,113.91,111.75,141.09,107.5,117.15
2026/04/14,126.24,117.82,106.79,106.79,106.79,109.6,114.93,122.91,125.52,111.54,99.09,99.07,99.05,99.03,110.56,118,120.51,122.91,135.59,135.62,125.84,125.63,127.13,125.78,135.62,99.03,117.03
2026/04/13,124.98,84.58,113.02,113.01,113.02,84.58,113.2,127.57,127,124.04,130.45,124.24,121.32,121.32,120.86,121.32,128.05,126.56,128.81,127.27,126.6,126.6,128.21,126.6,130.45,84.58,121.06
2026/04/12,110.55,98.81,98.62,98.31,98.81,98.82,98.81,98.31,97.86,98.11,98.02,98.05,98.05,97.63,75.08,97.03,97.12,110.59,110.62,134.28,124.43,124.34,113.98,110.62,134.28,75.08,104.98
2026/04/11,124.91,112.8,112.19,111.17,112.86,117.21,117.21,117.21,111.17,99.04,99.22,99.21,98.54,97.64,98.37,97.56,98.8,112.62,116.47,132.89,133.35,126.18,133.35,126.18,133.35,97.56,114.24
2026/04/10,125.12,125.13,110.88,110.88,110.88,125.13,126.59,127.38,135.04,130.88,121.48,117.99,98.95,98.95,98.87,98.95,110.88,126.27,126.34,135.89,128.2,126.56,126.56,126.26,135.89,98.87,120.34
2026/04/09,125.76,124.87,118.24,112.3,112.3,118.25,125.95,125.92,127.61,152.01,152.01,150.75,121.56,151.73,151.94,151.79,150.54,121.92,133.94,127.29,127.29,125.2,126.54,124.85,152.01,112.3,132.58
2026/04/08,126.48,125.16,120.49,114.88,114.88,124.65,125.9,126.23,124.96,114.49,113.98,109.14,108.98,108.9,108.82,123.32,110.65,117.2,135,134.67,126.75,126.41,126.34,125.21,135,108.82,121.14
2026/04/07,125.7,120.57,112.85,110.6,112.77,125.54,124.82,126.38,124.71,121.89,121.36,121.36,98.77,98.76,98.76,98.76,110.59,118.42,134.97,136.57,136.57,126.36,126.45,124.87,136.57,98.76,119.94
2026/04/06,125.23,110.8,110.8,110.8,110.8,110.8,123.73,124.05,126.3,122.37,131.47,121.81,114.28,114.5,114.5,114.42,118.95,124.45,135.47,134.6,128.52,126.3,126.3,126.3,135.47,110.8,121.79
2026/04/05,124.24,118.44,116.53,116.5,119.9,120.87,120.87,120.73,116.59,98.46,98.75,98.75,98.47,98.22,97.62,97.62,108.92,115.78,125.48,126.12,125.48,124.31,124.31,124.31,126.12,97.62,115.64
2026/04/04,130.19,127.57,117.51,117.1,117.1,118.48,118.56,119.21,128.76,130.1,130.1,128.92,117.1,117.1,117.1,128.83,128.06,118.45,130.33,130.39,130.39,130.39,128.73,125.69,130.39,117.1,124.58
2026/04/03,121.46,121.44,110.96,110.96,110.96,110.96,127.53,127.53,125.65,110.94,130.83,123.64,110.94,110.93,110.93,123.65,115.93,118.73,126,127.49,127.16,127.25,127.25,125.89,130.83,110.93,120.54
2026/04/02,125.39,120.67,113.7,113.73,113.73,123.82,125.96,139.25,139.24,112.29,110.72,110.72,110.72,110.72,110.72,110.72,110.72,139.25,139.25,139.24,126.98,127.06,127.13,124.97,139.25,110.72,122.74
2026/04/01,109.47,101.09,101.09,101.09,101.09,106.65,117.71,122.17,123,166.8,122.17,117.55,111.24,111.24,116.76,119.47,122.17,120.49,124.87,127.48,122.17,119.47,119.47,118.94,166.8,101.09,118.37
2026/03/31,105.37,105.04,102.89,102.89,102.89,102.89,105.96,121.56,128.02,119.25,108.63,102.44,96.39,102.44,113.25,113.28,114.9,114.91,127.59,127.32,121.56,121.56,120.87,121.22,128.02,96.39,113.25
2026/03/30,102.87,88.52,80.02,80.02,80.02,80.02,102.73,119.18,119.59,150.1,119.38,100.9,100.56,101.27,119.28,114,128.79,119.03,119.35,119.67,114.56,113.53,111.97,109.24,150.1,80.02,109.66
2026/03/29,105.56,105.07,105.15,105.15,105.15,105.15,105.15,105.15,89.88,77.31,74.87,74.87,0,57.28,74.87,77.31,92.53,102.93,121.82,121.82,121.82,121.13,114.33,113.04,121.82,0,97.77
2026/03/28,131.29,126.93,116.35,116.37,116.37,116.39,116.81,116.12,100.07,87.13,99.96,97.2,92.11,96.9,93.54,87.13,98.26,126.95,115.14,127.02,115.14,114.82,115.14,114.85,131.29,87.13,111.29
2026/03/27,116.64,121.07,104.35,104.35,104.35,106.39,120.97,111.47,111.27,80.92,77.55,75.45,0,73.97,75.4,76.33,100.42,107.03,119.52,122.54,121.36,121.25,122.03,120.99,122.54,0,101.51
2026/03/26,104.38,98.21,97.44,96.45,97.32,103.19,109.31,112.26,113.46,107.97,78.59,77.71,0,71.4,77.71,78.23,99.88,112.66,119.18,119.17,115.73,115.03,115.63,115.04,119.18,0,99.17
2026/03/25,115.88,111.86,101.99,101.99,102.08,108.85,115.02,116.77,122.49,116.69,108.35,95.99,80.02,80.02,80.02,93.55,102.21,112.49,119.11,122.49,121.75,120.99,121.1,114.49,122.49,80.02,108.62
2026/03/24,111.45,111.48,101.98,101.98,102.07,102.16,120.13,120.13,133.71,109.44,96.74,96.74,81.58,97.51,98.51,111.03,113.81,133.7,133.7,133.69,122.57,122.51,122.51,122.51,133.71,81.58,113.43
2026/03/23,117.53,103.45,99.4,93.82,97.8,103.5,108.53,121.91,121.87,109.63,109.21,80.06,69.75,80.06,80.06,80.06,105.98,136.64,136.65,117.3,117.1,117.1,119.63,119.63,136.65,69.75,107.52
2026/03/22,118.78,111.27,109.3,109.16,109.15,109.3,109.3,109.1,90.28,87.09,97.87,98.41,98.19,98.18,97.33,81.18,100.56,117.33,117.85,118.33,117.96,117.85,117.8,117.43,118.78,81.18,107.71
2026/03/21,131.51,117.79,117.73,111.4,117.76,117.78,117.78,117.78,106.45,97.06,98.55,98.07,98.03,97.44,97.42,89.18,103.76,120.1,120.11,120.12,120.13,120.13,120.13,120.13,131.51,89.18,112.77
2026/03/20,115.29,114.94,104.62,104.69,106.12,106.44,117.51,117.97,117.5,108.09,100.82,93.56,58.73,73.97,76.85,86.43,105.87,115.2,115.85,115.82,115.46,115.2,115.2,118.68,118.68,58.73,106.12
2026/03/19,111.44,104.65,110.54,104.73,110.42,110.65,116.29,116.75,116.46,113.35,101.64,100.96,89.09,89.09,92.02,101.18,112.36,115.45,120.5,120.5,120.1,120.16,120.2,119.37,120.5,89.09,110.61
2026/03/18,111.73,97.28,97.28,97.28,97.28,97.28,102.22,109.45,118.4,147.55,129.04,125.77,114.6,121.3,121.3,121.27,120.45,120.45,114.6,114.6,114.4,112.61,112.61,119.32,147.55,97.28,115.11
2026/03/17,112.19,112.14,97.92,96.45,96.45,102.08,108.32,116.04,115.86,109.45,97.92,97.46,59.59,76.74,76.38,77.94,105.96,115.94,120.51,120.45,116.02,115.8,115.75,115.84,120.51,59.59,104.41
2026/03/16,115.25,102.4,99.77,99.77,99.77,102.44,114.16,116.33,121.74,121.68,116.13,107.04,103.64,105.84,106.8,111.57,112.37,117.04,179.89,118.92,116.85,116.85,116.85,116.76,179.89,99.77,115.15
2026/03/15,122.04,116.16,106.03,105.45,105.45,108.99,114.35,114.35,111.12,97.67,97.05,95.92,93.74,89.14,93.34,98.09,104.09,113.87,114.81,115.3,115.26,115.07,115.15,114.55,122.04,89.14,108.18
2026/03/14,131.51,119.9,119.9,118.06,119.85,124.06,124.06,124.06,109.47,109.03,102.35,101.47,101.47,101.95,101.47,101.47,110.23,120.76,120.76,120.91,120.77,120.77,121.2,120.77,131.51,101.47,115.81
2026/03/13,116.81,110.07,110.07,105.04,110.09,114.01,114.48,124.82,124.78,114.42,104.5,104.35,103.43,103.43,103.43,103.43,110.04,114.67,125.25,125.38,115.22,115.2,115.2,114.61,125.38,103.43,113.05
2026/03/12,119.52,116.79,108.64,108.74,108.74,113.12,116.76,132.92,132.92,132.92,132.9,108.83,108.81,108.83,108.83,132.9,132.92,132.92,132.92,132.91,121.07,120.75,121.03,114.34,132.92,108.64,121.49
2026/03/11,119.52,116.69,105.54,105.54,105.54,105.54,114.05,115.91,127.03,117.75,114.16,129.57,106.29,106.29,119.46,119.46,116.82,119.54,123.3,123.66,122.11,122.15,121.96,114.47,129.57,105.54,116.75
2026/03/10,119.52,106.03,106.03,104.5,106.03,108.1,115.97,116.24,119.6,116.02,105.8,101.63,101.59,101.54,101.54,101.54,109.96,115.22,122.02,122.02,121.72,121.72,121.76,115.17,122.02,101.54,112.27
2026/03/09,114.82,100.82,100.82,100.82,100.82,102.36,115.83,119.59,119.83,115.95,108,102.36,101.8,102.36,106.25,112.37,113.12,114.98,120.69,120.69,120.69,119.29,119.61,120.25,120.69,100.82,112.06
2026/03/08,119.84,119.74,112.21,109.75,109.75,109.75,109.99,109.88,106.92,97.73,97.8,97.6,97.39,97.89,97.28,97.14,109.66,112.55,123.68,125.49,132.95,123.87,123.87,123.87,132.95,97.14,112.44
2026/03/07,115.61,121.51,121.43,110.8,113.66,113.66,113.89,114.69,113.66,99.62,99.83,98.95,97.67,97.83,97.44,97.14,105.89,116.84,117.92,117.71,117.44,117.28,117.82,116.92,121.51,97.14,111.53
2026/03/06,113,101.71,101.71,101.71,101.71,101.71,112.9,113.68,126.93,130.82,116.17,114.98,106.12,106.12,106.01,112.37,115.26,115.34,115.91,115.92,115.28,114.57,114.66,114.67,130.82,101.71,112.58
2026/03/05,112.25,112.05,103.27,103.27,103.35,103.39,116.06,116.29,120.73,116.06,106.29,106.13,105.93,105.86,112.43,116.36,116.36,116.59,116.83,116.69,116.37,116.37,112.16,116.37,120.73,103.27,112.3
2026/03/04,108.72,107.21,107.21,107.21,107.21,114.25,120.9,120.97,126.48,114.36,103.22,101.82,101.77,100.89,100.89,101.32,111.79,124.53,125.19,120.97,120.9,120.9,120.9,120.9,126.48,100.89,113.48
2026/03/03,102.56,94.16,89.09,89.09,89.37,94.16,102.01,111.63,125.86,125.17,114.92,105.11,106.55,106.55,106.55,111.34,113.02,123.02,123.02,123.02,113.35,113.14,111.67,107.88,125.86,89.09,109.56
2026/03/02,102.29,81.55,86.77,86.8,86.77,86.77,89.14,101.44,106.08,106.62,105.2,100.79,98.44,98.51,100.83,107.57,101.65,106.09,108.5,108.5,112.21,108.5,108.5,106.32,112.21,81.55,100.86
2026/03/01,99.23,98.16,87.73,79.38,79.75,92.82,95.51,97.29,95.51,94.42,98.91,99.26,99.33,99.33,99,98.37,98.11,99.33,103,103,103.01,103.01,102.6,99.33,103.01,79.38,97.09
2026/02/28,115.05,107.14,104.57,104.57,104.57,108.88,121.7,121.7,113.43,113.43,100.13,137.87,100.11,106.71,100.1,99.71,89.77,115.02,119.74,119.74,118.84,119.74,119.74,119.74,137.87,89.77,112.19
2026/02/27,103.25,100.08,93.03,93.03,93.03,100.21,114.86,125.62,128.15,125.8,120.4,105.95,105.67,105.44,105.16,104.93,104.93,110.6,124.01,123.42,123.22,113.15,111.04,111.11,128.15,93.03,111
2026/02/26,111.71,113.29,107.76,107.76,107.76,107.76,117.13,121.46,126.35,126.09,118.35,107.4,109.32,111.78,114.9,121.41,121.53,121.53,122.65,121.8,121.54,121.54,121.53,115.89,126.35,107.4,117.01
2026/02/25,110.57,105.71,105.71,104.57,105.71,107.5,114.86,119.73,125.12,122.42,118.07,103.14,109.3,109.3,109.3,109.3,116.08,119.8,121.71,121.37,119.83,119.83,119.83,114.77,125.12,103.14,114.34
2026/02/24,108.05,100.31,92.93,99.77,99.77,100.07,105.34,121.04,124.46,137.01,137.01,128.81,121.09,129.13,128.77,124.46,119.52,119.33,119.4,119.23,112.99,112.67,112.67,112.67,137.01,92.93,117.23
2026/02/23,113.29,86.93,78.58,78.58,78.58,81.16,112.01,113,131.56,122.9,116.8,106.8,109.85,105.34,105.34,105.34,114.74,121.4,121.4,121.18,120.55,115.21,113.29,113.29,131.56,78.58,109.32
2026/02/22,103.07,102.1,99.79,88.38,83.1,90.19,90.01,97.12,97.12,97.2,97.04,97.12,97.89,95.28,5.84,75.3,84.07,97.53,104.12,104.12,104.12,104.12,104.12,104.12,104.12,5.84,93.63
2026/02/21,110.41,105.57,105.57,104.66,104.66,104.66,113.35,105.57,108.87,120.08,100.14,100.13,100.12,100.12,99.64,99.57,103.26,112.87,115.04,115.12,115.11,115.12,115.1,115.1,120.08,99.57,108.37
2026/02/20,105.55,102.75,102.75,102.75,102.75,106.37,117.5,118.35,128.8,117.96,113.42,105.31,105.18,104.66,104.66,104.39,111.34,121.42,122.36,122.72,120.7,115.64,114.87,114.85,128.8,102.75,112.54
2026/02/19,104.32,113.85,91.98,91.98,91.98,91.98,102.88,113.24,116.11,136.49,103.93,103.93,110.2,102.79,103.59,103.13,124.25,124.85,124.85,123.64,114.96,114.51,113.29,114.51,136.49,91.98,110.89
2026/02/18,100.34,100.29,99.94,99.64,99.94,100.18,100.34,100.34,94.7,70.78,70.78,71.89,0,6.72,68.44,70.78,83.36,98.15,104.13,104.13,104.13,104.13,104.13,104.13,104.13,0,89.14
2026/02/17,98.8,98.8,78.49,78.34,78.39,96.93,98.8,98.8,78.97,70.22,70.22,68.44,0,67.16,68.65,70.22,76.77,98.28,101.06,101.06,101.72,101.72,101.72,101.72,101.72,0,85.88
2026/02/16,98.8,115.91,96.58,79.84,79.02,87.55,98.8,98.8,74.52,72.39,72.15,71.87,6.01,6.74,72.15,72.15,72.41,98.1,100.68,98.45,98.45,98.45,98.45,98.45,115.91,6.01,84.14
2026/02/15,98.41,81.2,79.94,79.04,79.94,80.76,97.61,98.41,79.94,98.15,107.08,98.15,97.89,97.89,97.89,74.76,90.47,97.89,100.68,98.15,98.15,98.15,98.15,98.15,107.08,74.76,92.82
2026/02/14,110.41,111.86,98.38,92.78,86.85,98.38,98.38,98.38,108.69,130.48,124.17,100.8,98.67,98.67,100.51,97.99,81.83,97.6,97.95,97.95,97.95,97.95,97.95,97.95,130.48,81.83,100.93
2026/02/13,115.05,108.99,91.9,91.9,91.9,113.54,115.14,119.46,119.56,118.64,113.8,105.88,109.6,102.28,109.6,114.68,114.68,114.68,101.12,101.12,101.13,102.39,102.39,102.39,119.56,91.9,107.88
2026/02/12,113.06,81.35,81.35,81.35,81.35,81.35,113.14,116.4,132.57,114.54,114.33,109.85,109.61,109.45,109.37,109.34,112.36,116.4,116.4,116.4,116.4,113.02,116.4,113.06,132.57,81.35,108.33
2026/02/11,115.7,106.92,106.92,91.8,91.8,106.92,115.7,124.48,133.26,133.26,133.26,133.26,115.7,115.7,115.7,115.7,124.48,124.48,124.48,124.48,124.48,115.7,115.7,115.7,133.26,91.8,118.66
2026/02/10,112.1,108.53,103.32,103.32,103.32,108.53,112.1,120.88,129.66,162.43,136.04,129.66,120.88,120.88,129.66,135.69,129.66,129.66,127.45,120.88,120.88,120.38,112.1,112.1,162.43,103.32,122.39
2026/02/09,113,92.22,77.58,76.2,75.56,77.58,113,121.78,130.57,130.57,130.57,130.57,113,121.78,113,113,130.57,129.13,130.57,121.78,121.78,121.78,121.78,121.78,130.57,75.56,115.47
2026/02/08,121.84,113.06,113.06,113.06,113.06,113.06,113.06,121.84,113.06,113.06,113.06,127.27,127.27,118.98,110.69,110.69,104.29,121.84,121.84,121.84,121.84,121.84,121.84,121.84,127.27,104.29,117.33
2026/02/07,120.37,111.59,111.59,111.59,111.59,111.59,111.59,120.37,120.37,111.59,120.37,111.59,111.59,111.59,111.59,111.59,111.59,120.37,120.37,120.37,120.37,120.37,120.37,120.37,120.37,111.59,115.85
2026/02/06,116.82,110.76,109.68,108.04,108.04,108.04,116.82,125.6,131.24,125.6,125.6,108.04,108.04,108.04,108.04,116.82,125.6,125.6,128.46,125.6,117.74,116.82,116.82,116.82,131.24,108.04,117.59
2026/02/05,78.3,76.55,76.55,76.75,76.8,76.8,82.7,131.99,131.99,116.4,116.16,115.52,75.81,114.48,111.34,115.92,115.52,115.65,131.99,131.99,131.99,123.21,131.99,123.21,131.99,75.81,109.05
2026/02/04,112.54,77.86,77.86,77.86,77.86,77.86,113.27,130.83,139.61,189.98,116.71,97.92,115.68,94.65,88.71,116.26,116.26,116.38,116.55,116.67,116.83,115.68,115.57,109.88,189.98,77.86,111.1
2026/02/03,113.85,92.26,81.01,81.01,81.01,81.01,117.9,126.68,135.46,113.6,106.24,98.22,94.68,96.81,95.7,105.32,112.82,112.94,113.19,113.27,113.43,113.43,113.52,111.84,135.46,81.01,106.17
2026/02/02,113.18,75.96,74.53,74.53,74.53,74.53,78.4,127.16,127.16,115,112.73,98.3,95.02,94.97,93,112.28,112.28,112.28,112.69,112.65,112.74,120.11,122.36,111.22,127.16,74.53,104.03
2026/02/01,124.64,124.64,116.3,83.1,79.69,83.1,111.64,116.3,110.08,88.18,90.33,71.64,70.97,0,70.97,71.64,74.87,116.04,116.21,116.3,116.3,116.3,124.64,124.64,124.64,0,98.67
2026/01/31,123.21,116.88,107.88,107.88,107.82,105.93,114.57,123.21,136.2,88.85,88.85,71.99,0,6.65,71.99,73.73,108.34,112.59,112.8,112.88,112.88,122.66,123.21,123.21,136.2,0,100.96
2026/01/30,103.59,106.48,106.48,106.48,106.49,106.49,116.18,114.61,118.26,132.52,114.54,109.95,102.74,106.14,109.95,113.62,114.51,114.52,114.52,114.16,111.7,110,110,110,132.52,102.74,111.79
2026/01/29,97.39,92.42,87.66,87.66,87.66,91.71,107.95,114.96,116.82,148.36,109.58,104.98,73.17,97.05,89.11,91.73,109.35,107.75,107.76,107.76,126.32,102.35,102.35,102.35,148.36,73.17,103.61
2026/01/28,97.39,107.27,107.09,92.9,92.9,107.09,113.97,126.23,134.39,134.67,115.15,109.47,119.61,108.95,108.95,108.95,130.38,130.38,130.38,128.29,126.09,124.06,124.13,120.44,134.67,92.9,117.58
2026/01/27,97.22,91.78,88.48,87.69,87.69,87.69,109.53,111.11,117.2,134.61,114.67,94.04,88.47,88.47,88.47,101.53,108.8,113.43,113.43,113.43,126.24,108.83,106.93,106.9,134.61,87.69,104.6
2026/01/26,103.59,76.02,76.02,76.02,76.02,76.02,82.71,107.15,118.89,148.21,114.31,113.24,108.38,107.55,107.55,130.2,129.25,108.6,108.74,108.7,120.94,108.8,102.04,97.22,148.21,76.02,106.47
2026/01/25,105.8,105.8,86.57,77.6,83.11,87.83,88.39,98.01,77.6,74.95,73.32,70.83,0,61.03,71.36,76.52,87.83,97.54,97.63,97.63,133.11,110.76,110.76,110.76,133.11,0,88.56
2026/01/24,97.43,97.47,92.53,92.04,91.86,92.64,133.97,133.97,97.64,127.33,77.08,77.08,72.2,72.2,75.98,77.08,86.92,97.34,97.43,97.43,97.47,97.55,97.6,110.14,133.97,72.2,95.88
2026/01/23,97.61,106.45,106.46,106.46,106.46,106.46,110.58,126.34,128.88,185.41,115.34,115.33,110.58,106.47,106.4,106.4,113.8,113.8,127.23,112.34,108.96,102.78,123.01,97.35,185.41,97.35,115.08
2026/01/22,97.73,92.92,92.92,92.92,92.92,92.92,113.12,126.76,132.45,186.11,114.52,112.64,101.15,105.63,112.63,112.69,113.56,113.56,116.42,113.57,113.21,111.33,110.53,106.64,186.11,92.92,112.86
2026/01/21,92.92,92.92,92.92,92.92,92.92,92.92,115.56,97.73,119.43,185.66,114.54,95.59,107.82,92.92,95.5,113.27,113.54,133.86,116.6,116.59,114.08,97.61,97.65,97.65,185.66,92.92,108.8
2026/01/20,95.5,93.81,92.79,92.79,92.79,92.79,116.15,113.26,134,134.55,114.5,104.13,110.33,94.86,93.24,113.42,115.08,132.33,116.78,116.88,113.63,102.62,102.62,102.62,134.55,92.79,109.11
2026/01/19,94.95,86.47,86.47,86.47,86.47,86.47,86.47,112.69,112.66,133.74,118.66,114.97,116.56,114.97,114.97,114.97,114.97,114.97,114.97,114.97,114.89,116.61,98.76,98.76,133.74,86.47,108.26
2026/01/18,109.26,97.46,94.41,92.57,92.52,92.61,96.24,97.54,109.25,136.74,74.89,69.89,0,69.72,70.67,76.13,85.93,97.12,97.12,97.24,97.24,97.24,97.29,97.29,136.74,0,90.8
2026/01/17,97.09,93.05,87.81,87.81,92.77,93.33,96.53,97.34,136.98,146.19,72.72,71,0,69.83,71,72.72,93.52,114.73,116.32,114.73,114.73,114.5,105.64,105.64,146.19,0,96.21
2026/01/16,103.1,96.09,93.71,93.71,93.71,104.14,105.32,122.49,125.15,116.85,104.83,92.83,102.02,75.11,91.67,108.72,116.85,116.85,116.85,116.85,116.85,102.97,114.87,114.83,125.15,75.11,106.81
2026/01/15,96.05,92.92,92.92,92.92,92.92,92.92,108.99,122.66,119.12,135.23,115.91,115.69,92.92,92.92,93.18,115.73,115.92,115.92,128.67,115.93,126.29,102.62,102.62,102.62,135.23,92.92,108.65
2026/01/14,105.8,107,106.81,106.81,106.85,107,117.1,122.83,131.49,132.21,128.68,101.6,92.2,93.21,113.7,113.7,117.44,128.99,117.45,115.75,122.92,113.7,112.44,112.35,132.21,92.2,114.27
2026/01/13,94.53,93.54,92.52,92.52,92.52,92.52,110.11,113.31,113.63,114.58,113.53,93.54,85.93,90.48,93.54,112.17,127,131.8,114.53,127,114.55,113.2,113.5,113.51,131.8,85.93,107.35
2026/01/12,96.81,89.7,86.47,86.47,86.47,86.47,86.47,105.5,117.16,133.74,117.16,111.09,109.82,111.09,111.09,114.58,111.09,111.09,111.14,110.93,123.71,110.69,102.76,102.16,133.74,86.47,106.94
2026/01/11,88.19,76.4,75.85,75.85,75.85,75.85,77.52,110.58,121.23,104.88,113.05,96.7,72.61,96.7,96.7,96.7,121.23,121.23,117.17,129.46,129.46,117.17,93.29,121.23,129.46,72.61,101.54
2026/01/10,96.87,95.84,86.4,86.4,86.4,86.4,95.89,96.87,96.87,96.01,92.86,92.76,92.48,92.15,86.4,118.2,130.27,136.03,97.26,97.26,97.34,96.34,97.43,96.65,136.03,86.4,98.17
2026/01/09,105.75,106.94,106.94,106.94,106.94,106.94,116.61,113.79,132.08,131.17,114.81,112.41,109.18,112.46,114.8,114.8,114.81,114.8,114.8,114.8,114.8,110.54,110.54,102.18,132.08,102.18,113.34
2026/01/08,105.75,107.33,106.7,106.6,106.66,107.22,118.91,114.96,118.72,123.91,112.05,108.79,107.14,112.21,102.09,124.25,133.26,133.26,116.65,116.66,115.31,113.84,113.84,113.76,133.26,102.09,114.71
2026/01/07,109.04,92.3,86.58,86.58,86.58,86.58,107.86,105.5,115.24,130.81,114.93,104.67,108.97,93.49,93.49,101.59,108.46,113.76,113.9,113.97,108.88,102.62,102.62,102.62,130.81,86.58,104.6
2026/01/06,93.08,77.26,76.32,76.32,76.32,77.26,93.08,119.17,134,119.13,103.02,102.91,108.38,88.47,88.47,105.4,119.69,119.11,117.77,116.8,116.58,111.89,105.5,103.02,134,76.32,103.38
2026/01/05,76.79,74.63,74.63,74.63,74.63,74.63,75.33,97.11,120.32,115.54,93.92,92.87,80.97,80.97,81.88,96.84,115.52,133.35,130.7,115.54,105.66,92.68,96.25,95.14,133.35,74.63,96.57
2026/01/04,77.84,77.84,75.14,73.94,73.94,75.14,76.33,76.65,75.14,73.94,73.94,73.51,72.2,73.94,73.94,76.02,78.89,97.21,97.26,97.1,97.17,96.98,97.2,97,97.26,72.2,82.19
2026/01/03,83.81,83.81,82.25,76.49,76.34,77.1,83.81,83.81,77.1,76.82,73.7,72.83,72.4,72.83,73.7,76.05,76.82,78.55,78.55,78.55,78.55,78.55,78.56,78.56,83.81,72.4,77.98
2026/01/02,94.8,76.28,75.51,75.51,75.51,76.14,81.44,97.65,117.9,117.9,97.56,93.71,93,93.7,93.69,97.11,117.36,117.36,117.27,117.24,97.39,92.74,93.46,93.46,117.9,75.51,97.18
2026/01/01,93.48,78.28,76.84,76.84,76.84,77.07,78.28,94.69,78.28,76.05,94.27,69.95,5.96,60.44,72.26,75.62,94.69,95.78,95.79,95.79,123.37,95.8,95.8,95.79,123.37,5.96,83.72
2025/12/31,72.34,69.88,69.88,69.88,69.88,71.92,74.14,85.96,116.83,116.88,94.97,94.97,94.97,88.09,94.54,84.41,86.07,78.62,78.65,109.08,109.08,93.2,101.14,75.82,116.88,69.88,88.44
2025/12/30,94.52,110.83,94.95,94.95,94.95,94.95,82.09,95.18,130.68,95.18,94.74,92.09,43.06,87.66,87.65,84.48,95,126.72,95,95,118.78,82.09,117.63,89.38,130.68,43.06,96.23
2025/12/29,67.45,67.45,67.45,67.45,67.45,67.45,67.45,75.14,113.17,117.85,94.32,88.07,86.07,87.66,87.66,87.66,86.07,114.13,114.13,114.1,84.78,77.39,77.39,77.39,117.85,67.45,87.31
2025/12/28,72.5,68.39,68.3,68.3,68.3,68.3,70.09,72.7,70.44,68.3,68.3,66.81,65.39,66.81,68.3,68.3,71.7,71.9,72.1,124.75,124.75,72.1,72.3,72.3,124.75,65.39,74.85
2025/12/27,80.72,72.42,72.35,71.85,71.75,71.75,73.04,73.04,73.04,72.84,71.36,69.05,67.76,68.39,115.47,72.34,75.23,75.24,75.24,75.24,75.24,75.24,75.24,75.24,115.47,67.76,75.01
2025/12/26,79.34,73.31,73.31,73.31,73.31,73.31,73.31,94.64,118.16,118.3,94.41,93.43,91.74,92.26,92.26,92.26,95.4,95.4,95.45,95.45,93.95,109.89,109.89,91.23,118.3,73.31,92.54
2025/12/25,84.3,79.04,73.49,72.23,71.92,72.23,73.94,84.3,79.13,71.92,68.82,68.09,66.69,68.54,68.82,106.27,114.23,94.35,94.61,84.3,84.3,84.3,94.32,94.61,114.23,66.69,82.03
2025/12/24,73.32,73.32,73.32,73.32,73.32,73.32,73.32,82.34,115.78,131.2,125.57,117.63,109.68,111.94,94.09,129.88,109.68,82.34,109.68,82.34,74.66,74.43,74.23,72.98,131.2,72.98,94.04
2025/12/23,76.07,73.32,73.32,73.32,73.32,73.32,76.07,95.58,96.48,96.42,94.22,94.22,117.2,94.22,96.42,115.96,95.58,96.42,95.58,95.04,112.23,79.31,79.31,79.31,117.2,73.32,90.63
2025/12/22,79.34,69.62,69.62,69.62,69.62,69.62,72.53,93.54,96.74,96.74,96.3,90.68,76.69,90.82,91.75,95.39,95.65,97.41,125.29,125.29,95.72,91.9,109.14,92.67,125.29,69.62,91.55
2025/12/21,72.1,71.34,70.18,68.55,69.99,70.53,71.34,72.7,72.7,70.53,68.29,68.01,68.01,68.01,68.29,70.26,72.5,79.18,79.39,79.92,79.92,79.92,79.92,79.92,79.92,68.01,73.31
2025/12/20,77.95,71.16,71.16,70.99,70.99,71.16,71.16,71.16,71.16,71.16,71.16,71.16,70.69,71.16,71.16,71.16,71.16,71.16,71.16,71.16,71.16,71.44,71.44,71.64,77.95,70.69,71.46
2025/12/19,74.46,73.31,73.31,73.31,73.31,73.31,74.46,117.23,115.76,95.15,116.77,116.65,117.23,94.63,93.34,94.63,94.63,87.65,117.23,117.23,101.35,74.46,74.46,93.4,117.23,73.31,94.35
2025/12/18,112.91,73.34,73.34,73.34,73.34,73.34,74.76,95.46,97.86,95.46,95.46,94.1,67.88,94.1,92.74,92.74,95.46,95.46,95.46,113.33,117.46,101.58,101.58,101.58,117.46,67.88,92.49
2025/12/17,74.72,73.27,73.27,73.27,73.27,73.27,74.72,93.27,113.69,129.1,119.74,95.45,116.46,93.25,93.25,93.25,93.25,93.26,93.27,111.03,118.01,111.03,111.03,101.52,129.1,73.27,96.9
2025/12/16,79.34,73.27,73.27,73.27,73.27,73.27,73.27,94.14,96.33,118.72,118.99,118.65,121.58,118.75,94.14,96.17,94.14,94.14,94.14,94.14,92.78,99.13,107.07,91.18,121.58,73.27,95.43
2025/12/15,79.34,70.26,69.53,69.53,69.53,70.26,71.99,112.07,115.99,114.7,95.99,95.05,92.39,95.38,95.86,95.9,114.1,95.99,95.99,95.99,92.39,82.15,98.65,98.65,115.99,69.53,92.71
2025/12/14,79.1,71,71,71,71,71,71,73.87,71,69.61,66.47,66.47,66.47,66.47,66.47,70.15,73.87,79.1,123.24,123.24,79.92,79.92,79.92,79.92,123.24,66.47,77.44
2025/12/13,79.03,72.53,71.95,69.91,69.91,70.6,73.13,79.11,79.08,72.48,71.64,70.6,70.2,72.48,77.85,78.76,115.48,123.41,123.41,123.41,78.87,78.87,78.87,78.87,123.41,69.91,83.04
2025/12/12,74.98,71.34,70.07,70.07,70.07,71.17,74.98,92.89,96.71,114.81,114.83,96.54,95.61,96.05,96.46,95.56,115.62,115.62,92.89,92.89,76.75,74.98,99.73,91.78,115.62,70.07,91.12
2025/12/11,105.14,90.65,73.17,73.17,73.17,73.17,98.6,94.22,114.49,135.02,116.58,116.53,122.43,94.22,94.27,122.43,94.43,94.59,94.5,94.5,93.29,106.54,98.6,98.6,135.02,73.17,99.93
2025/12/10,79.56,73.36,73.36,73.36,73.36,73.36,73.36,93.28,94.65,115.22,115.22,115.21,119.27,94.06,113.64,94.06,93.59,93.41,93.37,93.41,77.81,95.44,95.44,95.44,119.27,73.36,93.06
2025/12/09,73.38,73.38,73.38,73.38,73.38,73.38,76.6,93.64,115.99,116,115.84,110.99,114.67,93.64,95,93.64,114.67,114.67,114.67,114.67,106.73,76.26,76.26,76.26,116,73.38,95.55
2025/12/08,77.28,68.97,68.97,68.97,68.97,71.33,72.79,79.56,120.73,117.93,93.36,112.78,96.9,112.78,120.73,98.24,120.73,112.78,112.78,112.78,104.84,96.9,104.84,104.84,120.73,68.97,98.85
2025/12/07,72.47,70.62,70.62,70.62,70.62,72.71,76.44,76.44,76.44,74.1,72.71,66.92,58.76,0,66.38,66.92,86.6,86.7,94.43,94.43,94.43,94.43,94.43,94.43,94.43,0,76.45
2025/12/06,107.02,107.02,90.44,78.17,91.99,91.99,87.98,93.15,93.15,76.26,140.21,132.28,6.28,68.21,71.68,74.12,90.59,93.15,93.15,93.15,93.15,93.15,93.15,106.83,140.21,6.28,90.86
2025/12/05,74.94,73.31,73.31,73.31,73.31,73.54,76.78,113.81,115.9,115.9,115.2,111.09,100.88,92.39,93.75,100.88,112.43,112.43,116.76,112.23,116.97,92.39,93.6,91.03,116.97,73.31,98.26
2025/12/04,74.55,73.27,73.27,73.27,73.27,73.27,74.55,113.54,114.67,126.61,114.57,114.31,91.91,93.4,93.4,116.85,116.69,116.66,113.89,113.9,93.04,74.85,77.78,77.78,126.61,73.27,96.66
2025/12/03,78.95,73.27,73.27,73.27,73.27,73.27,73.27,107.38,112.89,112.82,112.84,109.38,108.33,111.98,112.84,123.62,112.84,112.84,112.84,112.84,112.84,107.38,87.02,107.25,123.62,73.27,101.57
2025/12/02,73.53,73.53,68.96,68.96,68.96,73.53,73.53,113.4,114.34,114.34,114.34,114.34,113.4,114.4,114.4,113.4,113.4,113.4,113.4,114.34,114.34,106.39,85.67,75.39,114.4,68.96,99.97
2025/12/01,70.53,68.64,68.64,68.64,68.64,69.46,70.53,92.27,115.65,119.21,119.21,93.63,72.42,111.27,95.38,111.27,119.21,119.21,119.21,119.21,119.21,79.03,79.03,79.03,119.21,68.64,96.01
2025/11/30,70.88,69.05,67.96,67.79,67.79,67.95,69.05,69.05,67.79,67.21,67.02,66.27,65.62,65.62,67.02,67.4,69.05,69.05,69.05,69.05,71.52,71.52,71.52,71.52,71.52,65.62,68.68
2025/11/29,101.74,84.05,71.04,76.54,78.03,84.05,91.96,91.96,84.05,67.96,67.96,66.67,0,65.62,67.96,82.37,91.15,91.23,91.23,92.98,92.98,91.52,91.28,91.53,101.74,0,81.02
2025/11/28,86.57,72.37,72.37,72.37,72.37,73.06,89.47,106.03,117.02,112.87,112.9,90.55,89.53,106,109.23,105.95,117.02,109.23,109.23,109.23,109.23,101.43,101.43,101.43,117.02,72.37,98.85
2025/11/27,75.15,72.29,72.29,72.29,72.29,72.29,75.54,88.15,105.59,113.39,116.57,116.57,105.01,100.07,93.91,90.3,90.3,89.87,106.49,106.49,106.49,82.01,82.54,78.14,116.57,72.29,92.16
2025/11/26,71.23,67.71,67.71,67.71,67.71,68.09,75.15,92.71,120.01,120.01,104.92,104.92,0,89.96,89.96,89.96,89.87,89.96,115.49,91.15,91.15,78.44,78.44,78.44,120.01,0,85.1
2025/11/25,68.75,67.75,67.75,67.75,67.75,67.75,70.83,83.99,109.56,117.36,119.36,104.9,104.9,104.9,104.9,104.9,104.9,104.9,104.9,104.84,76.41,74.26,76.41,75.55,119.36,67.75,91.41
2025/11/24,68.65,68.21,68.21,68.21,68.21,68.21,68.65,76,108.17,105.37,105.37,109.01,107.43,107.43,76.85,105.37,105.37,105.37,105.37,105.37,83.99,76.85,76.07,76.11,109.01,68.21,89.64
2025/11/23,89.64,73.64,73.64,73.64,73.64,73.64,73.64,73.64,69.96,64.55,63.54,52.02,56.78,56.78,64.55,67.82,69.96,73.43,73.43,73.43,73.64,73.64,73.64,73.64,89.64,52.02,70.65
2025/11/22,110.59,74.91,70.88,75.12,70.88,86.49,91.96,91.96,73.74,66.38,65.78,64.1,0,64.1,65.78,70.77,109.75,91.28,109.63,91.39,91.39,91.43,91.51,91.28,110.59,0,81.32
2025/11/21,72.24,67.88,67.87,67.87,67.87,70.22,84.19,90.13,94.29,120.01,112.02,90.84,67.87,90.26,90.64,90.84,90.84,90.84,90.84,112.87,89.48,89.48,89.48,89.48,120.01,67.87,87.91
2025/11/20,85.53,73.24,73.24,73.24,73.24,73.46,89.22,90.13,115.77,115.77,115.77,111.59,105.87,111.58,111.58,123.29,111.59,105.88,105.88,89.7,83.99,73.46,73.46,73.46,123.29,73.24,95.09
2025/11/19,92.11,73.72,73.23,73.23,73.23,73.72,92.61,92.08,123.66,110.8,124.6,110.8,110.8,110.8,110.8,110.8,110.8,110.8,110.8,110.8,110.8,89.77,89.44,104.13,124.6,73.23,100.68
2025/11/18,105.99,88.37,85.65,85.65,85.65,90.13,103.43,106.94,122.7,122.71,107.57,114.12,107.23,107.56,114.12,108.44,119.33,106.94,106.94,106.94,106.94,106.94,106.94,102.88,122.71,85.65,105.77
2025/11/17,113.24,72.29,72.29,72.29,72.29,72.29,88.55,106.9,109.65,109.43,110.88,110.41,109.65,109.35,109.41,124.53,109.65,109.6,108.16,108.35,124.7,106.06,106.06,104.52,124.7,72.29,103.36
2025/11/16,89.56,82.52,71.74,76.69,71.74,84.9,85.98,81.99,69.38,67.59,67.59,65.64,0,66.34,67.59,68.68,80.6,90.49,90.49,90.49,90.49,90.49,90.49,90.49,90.49,0,77.97
2025/11/15,90.55,89.46,89.14,81.76,88.97,89.69,89.79,89.79,88.77,69.36,67.9,67.12,0,66.6,67.9,70.16,89.33,90.48,90.23,90.23,90.85,119.29,90.23,90.66,119.29,0,83.24
2025/11/14,93.16,73.39,73.39,73.39,73.39,73.39,91.98,105.92,110.81,110.79,110.45,108.59,106.58,106.58,106.58,108.59,108.36,106.58,106.58,105.9,105.91,125.66,105.89,97.81,125.66,73.39,100.25
2025/11/13,90.36,78.89,78.78,78.78,78.78,78.78,94.01,115.5,152.09,116.86,116.72,113.79,104.01,104.91,110.14,108.43,108.44,108.41,104.46,104.47,92.62,91.82,92.21,97.54,152.09,78.78,101.47
2025/11/12,90.36,81.38,78.97,73.35,78.21,88.52,109.9,110.2,113.08,115.55,110.7,110.11,106.43,106.8,108.43,108.42,115.29,115.66,119.66,115.66,106.43,104.73,104.73,104.73,119.66,73.35,104.02
2025/11/11,106.07,88.25,83.21,83.21,83.21,88.51,108.99,116.25,109.76,114.74,123.2,109.47,107.99,109.41,109.68,109.23,109.24,128.15,128.21,119.79,119.79,119.79,109.29,104.78,128.21,83.21,109.07
2025/11/10,72.44,72.44,72.44,72.44,72.44,72.44,90.88,104.25,122.29,110.52,110.52,110.06,106.29,108.3,104.59,106.29,111.6,112.13,119.52,112.11,111.88,111.88,111.88,104.29,122.29,72.44,101.84
2025/11/09,72.52,71.17,69.81,68.35,68.35,70.58,76.82,76.82,70.34,67.59,79.83,66.27,56.52,65.65,67.59,67.59,71.17,79.51,89.93,89.67,89.67,80.09,80.09,80.09,89.93,56.52,74.73
2025/11/08,86.49,83.04,77.78,77.78,77.78,77.78,84.05,83.37,77.78,86.2,91.17,91.17,91.17,115.85,115.85,91.17,90.6,91.16,89.32,89.17,90.03,87.49,87.22,87,115.85,77.78,88.48
2025/11/07,91.08,84.19,84.19,73.35,73.35,91.65,92.75,104.99,108.39,108.62,108.49,107.21,106.74,107.75,112.09,144.61,111.56,107.78,107.78,107.78,107.78,105.15,105.15,105.1,144.61,73.35,103.16
2025/11/06,108.66,82.85,74.11,72.47,72.47,88.45,108.29,114.1,119.37,109.15,116.6,108.68,107.94,108.69,109.12,114.77,108.8,113.22,126.47,108.63,106.77,104.61,104.61,104.58,126.47,72.47,104.66
2025/11/05,116.13,88.34,84.03,82.12,83.27,88.51,107.09,107.38,109.18,107.97,113.48,107.62,107.39,107.8,108.08,116.5,115.77,137.66,116.77,115.78,109.7,109.65,109.15,108.9,137.66,82.12,107.39
2025/11/04,96.89,92.88,92.88,92.88,92.88,92.88,94.5,103.07,103,107.5,118.68,108.02,105.55,108.23,108.28,115.75,108.23,108.31,108.24,108.25,108.25,108.05,107.73,103.51,118.68,92.88,104.28
2025/11/03,85.47,72.47,72.47,72.47,72.47,72.47,89.74,104.07,122.29,114.32,116.03,108.85,108.19,108.39,108.61,111.74,108.7,108.76,118.77,118.77,108.48,108.48,108.48,108.48,122.29,72.47,102.73
2025/11/02,109.07,103.1,103.1,102.96,103.1,103.16,103.99,106.86,106.89,113.07,109.06,105.09,103.1,103.1,112.86,111.04,109.06,113.07,113.17,113.28,113.38,113.38,113.44,110.77,113.44,102.96,108.6
2025/11/01,108.25,106.6,100.35,100.35,100.35,100.35,111.74,111.9,111.9,111.93,115.45,109.55,102.32,104.3,102.32,106.28,114.19,116.05,115.7,114.2,114.2,114.21,108.25,108.25,116.05,100.35,108.92
2025/10/31,116.72,89.77,90.19,89.69,89.56,105.57,117.22,123.67,127.22,127.11,126.88,126.59,123.67,126.54,123.67,123.67,123.67,126.88,123.67,123.67,123.67,123.67,122.98,117.22,127.22,89.56,117.76
2025/10/30,118.07,113.61,89.72,89.72,89.62,113.84,118.07,120.55,125.18,123.77,130.82,123.43,120.22,122.37,122.37,123.32,123,123.28,128.82,129.23,123.28,128.82,129.25,113.77,130.82,89.62,119.08
2025/10/29,117.21,90.3,89.79,83.9,89.67,90.18,111.18,111.18,119.63,125.31,120.79,112.05,111.97,111.81,117.13,117.13,124.11,124.23,130.09,124.24,112.83,109.69,109.86,107.07,130.09,83.9,111.63
2025/10/28,115.98,89.92,90.01,89.69,89.99,97.2,119.73,120.07,120.09,120.37,126.72,112.17,112.16,112.16,118.96,120.3,130.55,133.24,130.76,120.05,117.85,112.17,99.93,107.23,133.24,89.69,113.63
2025/10/27,75.47,73.19,73.19,73.19,73.19,73.19,102.31,115.29,132.75,124.21,125.66,124.65,112.36,116.2,112.36,116.2,118.96,128.7,128.73,128.62,126.61,128.73,125.93,126.46,132.75,73.19,111.97
2025/10/26,77.2,73.44,71.42,68.35,68.5,69.12,72.63,73.44,71.71,67.27,67.27,67.27,63.12,65.41,65.49,90.78,90.78,93.9,93.9,93.9,93.9,93.46,90.78,89.88,93.9,63.12,79.05
2025/10/25,91.13,90.35,74.32,73.13,73.13,73.19,90.31,109.26,90.1,116.31,118.45,118.45,118.45,118.45,116.31,116.31,109.87,114.46,116.31,116.31,116.31,116.31,116.31,111.15,118.45,73.13,104.68
2025/10/24,109.13,71.52,70.45,68.92,69.68,90,102.67,116.58,119.13,119.13,119.13,119.13,119.13,119.13,119.13,119.13,116.43,117.72,117.83,114.51,114.51,112.36,112.36,108.06,119.13,68.92,107.76
2025/10/23,105.77,89.83,74.94,72.26,72.94,103.08,103.34,111.81,117.51,117.4,117.17,117.06,113.96,116.83,116.83,116.83,113.96,116.11,125.02,125.06,125.04,113.96,113.96,109.66,125.06,72.26,109.76
2025/10/22,106.66,89.72,89.76,89.78,89.67,115.09,97.3,134.09,120.56,120.55,120.55,118.53,118.53,118.53,118.53,118.53,118.53,118.53,118.52,118.51,114.1,111.44,111.61,107.65,134.09,89.67,112.42
2025/10/21,111.61,83.72,82.47,82.61,84.44,90.41,97.31,97.66,126.57,112.73,112.61,112.37,112.28,112.24,112.24,112.24,130.12,118.32,126.4,126.77,118.32,98.51,98.48,98.58,130.12,82.47,107.48
2025/10/20,71.89,68.27,67.23,67.23,67.23,68.27,74.73,97.26,143.35,125.78,125.53,118.87,110.74,118.88,118.87,118.88,118.82,118.87,129.51,129.37,118.81,118.24,129.07,102.15,143.35,67.23,107.76
2025/10/19,72.61,71.28,68.97,68.2,68.2,68.97,69.74,69.17,66.97,91.98,91.98,91.98,91.98,91.98,91.98,91.66,91.8,92.5,92.5,92.5,92.5,91.98,91.55,77.83,92.5,66.97,83.23
2025/10/18,92.31,87.08,72.22,72.2,72.25,72.28,72.28,85.05,91.55,130.55,130.41,122.71,93.43,92.19,93.43,158.79,93.43,130.77,130.95,93.43,92.23,92.19,92.13,91.4,158.79,72.2,98.81
2025/10/17,107.15,84.56,73.05,73.05,73.05,90.02,102.33,114.32,117.24,117.14,125.72,120.47,114.74,120.46,120.46,135.88,135.88,122.58,128.42,128.41,129.61,129.61,128.11,127.95,135.88,73.05,114.86
2025/10/16,102.41,92.85,92.85,92.95,92.85,92.85,102.8,113.62,116.72,145.01,144.99,118.61,117.02,127.01,127.01,162.12,128.12,128.2,128.26,118.7,117.09,113.62,113.62,117.06,162.12,92.85,118.44
2025/10/15,106.06,90.69,90.57,83.73,83.73,90.89,109.96,109.26,117.24,119.12,137.4,123.16,119.04,145.47,123.15,123.15,136.82,118.35,129.75,129.35,129.7,115.71,109.26,91.37,145.47,83.73,115.52
2025/10/14,96.1,73.96,73.96,73.96,73.96,90,102.96,112.09,122.26,161.07,137.52,122.4,121.81,121.91,137.48,172.99,133.26,133.29,122.32,122.32,122.33,112.09,109.87,117.06,172.99,73.96,117.46
2025/10/13,68.71,68.11,68.11,68.11,68.11,68.11,71.97,119.69,126.69,141.57,129.66,147.44,126.46,126.46,126.46,152.69,124.74,126.46,129.35,129.16,129.02,128.99,118.61,91.97,152.69,68.11,114.16
2025/10/12,72.99,70.99,69.8,68.61,68.61,68.61,70.34,68.61,68,67.69,67.69,67.69,67.69,67.69,68,68.61,92.95,93.03,93.7,93.04,93.04,93.04,93.9,91.51,93.9,67.69,78
2025/10/11,94.91,71.93,71.35,70.43,71.35,92.17,92.39,92.23,69.28,92.83,93.09,93.09,0,92.04,93.08,93.09,93.09,117.73,117.66,117.58,93.43,93.1,93.03,92.23,117.73,0,88.87
2025/10/10,102.41,69.96,68.45,68.45,68.26,68.45,90.07,90.49,108.8,115.25,118.12,115.25,114.71,117.61,115.25,116.8,115.25,117.61,129.2,129.2,129.2,128.82,113.1,112.63,129.2,68.26,107.05
2025/10/09,69.13,69.13,68.08,67.04,68.08,69.13,69.13,69.13,65.59,65.59,71.74,62.94,6.64,136.73,71.75,134.61,92.86,93,92.92,93.02,93.03,92.87,92.6,78.54,136.73,6.64,80.04
2025/10/08,67.31,67.31,67.31,67.31,67.31,67.31,67.31,67.31,67.31,65.7,66.06,65.97,0,67.31,66.17,67.31,67.31,135.84,136.52,140.83,80.42,80.42,80.42,80.42,140.83,0,77.69
2025/10/07,69.31,68.19,67.64,67.36,67.36,67.36,67.64,67.36,65.56,66.74,67.36,67.36,67.26,66.55,64.93,65.44,67.36,72.5,72.5,75.19,75.19,75.19,75.19,75.19,75.19,64.93,69.53
2025/10/06,69.19,67.26,67.02,67.02,67.02,67.63,69.08,69.08,66.92,66.73,67.02,67.02,67.02,67.02,66.59,67.02,67.02,69.08,69.08,74.03,74.03,74.03,74.03,74.03,74.03,66.59,69.08
2025/10/05,72.32,70.69,70.69,69.08,69.08,70.09,70.69,69.08,67.07,67.07,67.07,67.07,66.23,67.07,67.07,67.07,69.08,71.78,71.78,74.03,74.03,74.03,74.03,74.03,74.03,66.23,70.19
2025/10/04,73.28,72.92,72.51,71.69,71.36,72.51,72.92,72.51,72.51,68.69,139.9,133.46,68.69,68.69,68.69,70.87,72.92,72.92,72.92,73.82,73.82,73.82,73.82,73.82,139.9,68.69,77.24
2025/10/03,102.21,90.46,74.97,73.51,73.51,73.95,91.13,91.91,115.5,118.37,118.37,118.37,115.5,115.5,115.5,111.19,111.19,115.5,115.5,115.5,115.5,115.5,115.5,111.41,118.37,73.51,105.42
2025/10/02,74.18,73.96,73.96,73.96,73.96,73.96,73.96,91.05,118.3,119.72,124.02,126.72,124.02,126.15,124.02,172.28,121.87,118.39,119.72,117.58,119.72,91.95,91.78,115.95,172.28,73.96,107.6
2025/10/01,98.63,73.28,71.64,70.82,69.26,71.64,76.65,91.14,91.14,114.92,114.92,114.91,91.11,103.71,103.7,117.57,130.5,116.21,119.42,137.49,117.17,103.4,103.12,96.91,137.49,69.26,101.47
2025/09/30,77.32,76.15,75.49,74.77,75.04,75.49,75.96,76.15,91.52,93.14,136.01,93.37,92.89,93.37,93.36,92.78,93.38,93.38,129.58,129.58,129.58,96.44,96.44,92.42,136.01,74.77,95.09
2025/09/29,72.39,69.84,69.22,69.84,69.2,69.84,72.71,78.82,78.82,126.88,126.88,72.71,72.71,72.71,86.72,91.52,91.29,126.87,137.68,137.68,129.45,129.45,88.55,88.55,137.68,69.2,95.88
2025/09/28,72.05,71.65,71.65,71.65,71.65,71.65,71.65,71.65,71.65,76.7,128.43,128.43,128.43,130.38,96.62,95.63,78.25,95.97,95.94,96.18,91.16,91.16,91.16,80.74,130.38,71.65,90.24
2025/09/27,77.25,71.92,71.63,71.63,71.63,71.63,71.92,74.99,71.63,121.98,93.09,93.13,92.86,121.98,123.93,126.93,123.93,123.1,111.99,112.05,103.12,93.18,92.83,83.26,126.93,71.63,95.41
2025/09/26,78.16,73.01,73.01,73.01,71.52,72.61,75.82,93.44,128.58,128.16,128.04,127.86,127.8,127.62,127.62,127.62,127.8,127.86,121.33,121.33,121.34,118.25,100.05,92.74,128.58,71.52,109.01
2025/09/25,106.15,106.15,106.15,106.15,106.24,106.24,106.24,106.24,106.15,140.02,175.38,117.92,105.78,117.49,117.54,137.38,124.46,124.35,126.56,126.56,126.56,118.33,106.34,79.22,175.38,79.22,117.78
2025/09/24,89.9,76.32,76.32,76.76,76.76,76.32,76.41,92.81,100.09,175.54,131.42,131.45,100.85,100.85,131.34,144.52,120.78,100.85,125.76,125.76,131.4,125.76,96.28,92.86,175.54,76.32,109.01
2025/09/23,78.41,75.03,71.57,71.57,71.57,71.57,77.68,91.74,123.1,125.05,128.96,125.05,125.05,132.67,132.67,132.67,133.31,133.16,126.54,126.54,125.05,123.1,123.1,122.91,133.31,71.57,112.49
2025/09/22,75.77,71.68,71.68,71.68,71.68,71.68,71.92,75.79,120.65,121.55,132.38,120.65,126.59,130.16,120.65,124.19,120.65,122.61,126.13,126.13,126.13,120.65,118.7,92.71,132.38,71.68,108.18
2025/09/21,74.6,71.03,70.24,70.24,70.24,71.03,71.03,71.03,69.73,67.63,119.41,119.41,93.77,117.45,117.45,117.45,93.83,115.89,105.91,105.87,117.45,93.84,93.4,84.89,119.41,67.63,92.16
2025/09/20,77.31,74.29,74.29,74.29,74.29,74.29,74.29,74.29,74.29,120.95,120.95,163.82,139.19,71.63,71.63,74.29,74.29,74.62,110.44,110.43,85.66,85.66,85.66,85.66,163.82,71.63,89.82
2025/09/19,78.18,74.4,74.4,74.4,74.4,74.4,91.97,117.63,121.43,130.89,131.23,130.52,130.02,128.24,162.72,128.24,125.98,125.98,125.98,125.98,121.43,109.52,109.52,117.58,162.72,74.4,114.16
2025/09/18,76.77,73.74,71.52,71.52,71.52,71.52,74.27,93.93,122.94,129.8,129.62,193.74,129.56,129.56,129.56,129.56,129.62,129.8,129.92,129.92,130.45,123,123,113.06,193.74,71.52,115.71
2025/09/17,93.49,75.1,74.92,75.58,74.92,75.58,91.74,123.87,133.68,163.83,142.35,133.5,133.5,133.5,133.5,143.71,133.5,133.5,133.68,133.8,133.8,129.61,125.83,93.84,163.83,74.92,120.4
2025/09/16,123.91,73.71,73.71,73.71,73.71,73.71,91.81,92.74,125.86,139.52,139.5,133.12,133.12,133.12,140.35,140.94,140.35,133.48,133.48,133.54,133.54,133.54,125.86,123.91,140.94,73.71,120.5
2025/09/15,71.8,71.32,71.32,71.32,71.32,71.32,72.08,127.09,127.09,134.59,134.59,134.59,133.99,133.99,133.99,133.99,133.99,133.99,134.59,134.59,134.59,130.63,127.09,92.6,134.59,71.32,116.99
2025/09/14,77.23,75.68,71.86,70.76,70.76,70.76,71.86,71.86,70.76,93.59,101.14,101.12,101.12,101.12,101.11,101.12,101.13,101.14,101.15,101.15,100.82,96.08,93.19,85.51,101.15,70.76,89.73
2025/09/13,90.89,74.54,71.63,71.63,71.63,71.63,71.63,71.63,77.08,137.59,139,163.42,102.82,137.23,139,139,139,139,139,139,139,125.69,89.87,84.23,163.42,71.63,111.74
2025/09/12,92.4,74.49,74.49,74.49,74.49,74.49,75.2,126.12,126.12,133.79,133.73,133.55,133.55,133.37,141.51,154.68,143.65,133.79,133.79,133.97,134.09,131.54,126.12,124.08,154.68,74.49,120.49
2025/09/11,93.67,75.61,74.19,74.19,74.19,74.19,76.98,125.32,127.27,127.27,132.48,125.32,125.32,134.16,133.98,134.16,127.28,134.28,134.52,134.71,134.89,127.27,125.32,115.53,134.89,74.19,116.35
2025/09/10,120.49,74.76,74.04,74.04,74.04,74.04,91.66,120.49,122.44,129.88,129.69,129.63,129.45,129.33,129.33,129.33,129.82,129.85,131.91,131.91,130.12,130.3,123.97,93.69,131.91,74.04,116.02
2025/09/09,93.49,75.57,75.22,75.57,74.91,74.91,92.36,125.21,131.08,139.93,139.93,132.4,132.22,132.22,132.22,132.22,138.46,138.46,132.64,132.88,132.88,133.06,132.11,123.26,139.93,74.91,120.37
2025/09/08,71.6,71.28,71.31,71.28,71.28,71.28,71.6,123.68,129.55,133.13,133.13,133.13,132.35,132.35,132.35,145.87,138.22,132.35,136.89,138.22,133.13,133.13,133.13,123.68,145.87,71.28,119.58
2025/09/07,131.38,76.06,74.64,74.78,74.51,73.92,73.92,73.92,74.73,136.93,94.13,137.09,138.89,138.89,138.89,138.89,138.89,138.89,138.89,138.89,138.89,138.89,136.93,93.54,138.89,73.92,115.6
2025/09/06,130.18,98.87,91.81,91.81,91.81,91.81,91.81,91.95,125.1,134.96,131.62,134.9,134.72,134.72,133.39,129.67,140.39,134.9,134.9,135.1,135.14,135.14,127.72,123.99,140.39,91.81,122.33
2025/09/05,122.41,91.56,91.5,91.5,91.5,121.15,121.15,122.28,130.54,130.3,130.12,130,133.16,139.28,139.38,139.26,139.28,130.24,138.38,136.79,130.3,130.36,130.54,126.62,139.38,91.5,126.17
2025/09/04,123.71,92.21,87.43,88.09,88.09,88.09,121.75,121.75,131.38,131.32,131.32,131.14,130.96,130.96,130.96,130.9,137.73,130.9,137.73,137.32,136.15,131.32,131.17,127.24,137.73,87.43,123.92
2025/09/03,120.78,94.02,94.02,94.02,94.02,94.02,94.02,120.78,128.21,127.97,127.79,127.67,127.49,127.49,128.59,137.56,136.07,136.91,149.14,157.48,134.14,129.55,128.39,128.39,157.48,94.02,124.6
2025/09/02,120.56,91.5,91.5,91.5,91.5,91.5,91.85,122.51,129.95,129.77,129.71,129.53,129.41,129.23,129.23,129.23,138.59,130.32,138.61,137.43,129.95,129.95,130.13,127.42,138.61,91.5,122.47
2025/09/01,119.83,74.99,74.99,74.99,74.99,74.99,91.74,121.78,128.98,128.98,128.98,128.98,128.5,128.5,128.5,137.9,150.74,150.74,152.4,152.4,129.6,129.51,128.98,128.98,152.4,74.99,123.34
2025/08/31,117.64,116.55,84.79,84.79,84.79,84.79,84.79,84.79,117.64,120.74,119.48,120.45,120.45,120.28,120.23,120.28,120.28,120.45,121.86,122.13,122.13,121.8,120.96,117.64,122.13,84.79,112.48
2025/08/30,123.26,123.16,104.24,100.35,88.52,88.52,100.35,100.72,101.23,105.41,116.9,116.91,116.91,116.91,116.9,113.29,133.8,134.13,134.13,134.13,151.15,123.3,121.11,120.79,151.15,88.52,117.28
2025/08/29,125.68,110.5,108.81,108.81,108.81,108.81,112.34,117.49,118.2,122.77,122.19,125.72,125.72,125.72,149.8,154.08,131.37,121.23,129.7,129.7,121.27,120.38,120.27,120.27,154.08,108.81,123.5
2025/08/28,124.4,111.33,109.49,109.49,109.49,109.49,113.17,115,118.8,121.39,121.39,119.01,125.17,120.81,121.39,130.57,130.59,130.59,130.93,130.93,124.16,119.02,118.9,118.7,130.93,109.49,120.97
2025/08/27,124.21,110.52,108.68,90.92,90.94,108.68,112.36,116.78,119.35,119.47,117.53,119.47,117.03,120.29,120.09,120.29,130.73,130.73,130.73,129.99,122.91,122.89,120.8,120.8,130.73,90.92,118.74
2025/08/26,130.34,113.96,114.72,114.72,114.72,114.72,114.72,116.56,125.48,120.58,141.83,141.82,126.61,141.83,141.83,158.62,141.83,130.3,130.3,130.3,129.23,119.51,119.51,120.14,158.62,113.96,128.5
2025/08/25,114.66,84.24,84.24,84.24,84.24,84.24,85.95,118.93,130.18,130.18,130.18,130.14,122.79,130.03,130.14,130.14,130.14,130.46,131.69,131.69,122.77,120.81,120.77,120.74,131.69,84.24,118.84
2025/08/24,115.13,115.13,112.77,115.13,111.44,109.59,113.28,115.13,115.13,117.94,117.77,117.72,117.72,117.72,117.72,117.72,117.72,117.77,127.68,128.78,128.78,123,119.97,118.45,128.78,109.59,118.35
2025/08/23,117.47,112.32,112.32,84.66,84.66,84.66,84.66,114.16,116,116.54,116.8,116.8,117.31,117.31,117.31,117.31,116.8,117.31,134.48,134.48,134.48,121.97,121.97,121.65,134.48,84.66,115.03
2025/08/22,124.24,111.99,110.68,108.31,108.42,108.84,111.65,117.45,117.27,119.81,119.85,121.02,120.24,122.26,122.3,128.8,123,122.7,140.05,136.87,121.72,119.86,121.65,121.59,140.05,108.31,120.79
2025/08/21,110.12,99.89,92.58,90.51,88.27,90.89,114.84,119.41,115.09,119.74,119.78,121.1,119.78,121.6,121.96,121.4,132.45,132.45,132.45,132.45,122.68,121.1,118.94,118.62,132.45,88.27,117.38
2025/08/20,110.18,99.91,95.34,90.51,90.51,84.24,114.7,122.68,115.47,118.17,118.26,120.83,118.22,120.68,121.8,125.84,126.36,126.36,126.36,120.76,118.79,118.04,115.87,115.16,126.36,84.24,115.3
2025/08/19,130.16,111.48,111.48,110.88,111.48,111.48,117.11,119.31,119.09,120.22,129.2,121.35,121.11,130.49,130.95,130.49,131.85,132.46,131.85,130.24,121.2,121.15,121.09,118.53,132.46,110.88,123.13
2025/08/18,115.59,76.45,76.45,76.45,76.45,76.45,76.45,115.59,118.73,118.73,118.73,118.73,118.22,118.22,121.37,135.15,123.69,124.48,124.51,124.13,119.4,118.73,118.73,118.73,135.15,76.45,112.38
2025/08/17,117.46,118.98,113.96,77.12,114.22,77.12,76.63,116.06,115.92,121.01,121.01,121.01,120.5,120.5,120.5,120.5,120.5,119.75,121.01,121.01,121.01,121.01,118.43,116.06,121.01,76.63,114.58
2025/08/16,115.86,114.02,117.67,110.85,77.24,77.18,77.18,115.86,115.86,118.84,117.7,118.84,118.44,118.44,118.44,118.44,118.44,118.44,118.84,118.84,118.84,117.7,118.84,117.7,118.84,77.18,113.06
2025/08/15,114.99,114.99,116.83,111.29,111.29,111.29,114.99,117.35,114.99,118.14,118.09,117.92,117.92,117.82,117.82,117.82,117.8,117.92,125.51,125.88,119.32,119.32,120.1,116.83,125.88,111.29,117.66
2025/08/14,115.01,113.17,113.17,113.17,107.66,84.24,119.66,120.16,116.65,118.02,118.95,120.34,120.34,153.99,118.02,118.02,118.95,120.2,120.2,120.34,117.43,116.68,120.16,116.65,153.99,84.24,118.22
2025/08/13,109.8,97.86,96.02,90.51,84.24,84.24,109.29,116.93,115.1,131.69,131.69,120.83,120.68,120.68,117.91,117.91,119.4,117.91,117.91,117.91,120,116.65,116.43,116.43,131.69,84.24,114.13
2025/08/12,118.26,84.35,84.34,84.33,84.34,84.35,95.63,118.33,119.27,125.52,125.59,125.59,125.5,125.51,119.52,128.39,119.56,119.56,120.26,120.28,119.27,119.27,119.4,116.85,128.39,84.33,114.24
2025/08/11,117.09,75.19,75.19,75.19,75.19,75.12,75.19,118.5,118.5,120.92,120.92,120.92,120.48,120.48,149.52,120.48,122.04,122.04,122.04,122.04,120.92,120.92,120.92,118.5,149.52,75.12,113.16
2025/08/10,119.26,79.57,77.29,76.5,76.5,76.5,76.5,76.5,76.5,119.47,120.89,123.06,122.93,122.93,122.88,122.88,122.93,159.63,123.14,123.32,123.32,121.86,120.89,120.89,159.63,76.5,110.45
2025/08/09,117.4,115.99,113.28,78.56,78.56,78.56,78.56,116.56,118.82,121.37,121.24,121.24,121.24,121.24,154.75,121.37,121.5,118.82,121.5,121.55,121.55,118.82,119.5,118.82,154.75,78.56,115.23
2025/08/08,115.07,113.24,109.56,84.37,84.37,84.37,109.9,117.54,118.39,118.22,118.16,117.99,117.88,117.88,119.92,120.17,120.17,120.17,120.77,120.79,119.67,118.56,118.56,118.56,120.79,84.37,114.53
2025/08/07,114.5,85.47,81.87,81.87,81.87,81.87,114.5,120.01,123.19,121.26,124.25,124.25,120.98,124.25,124.25,124.25,120.98,121.09,121.26,121.32,121.49,121.49,121.66,118.18,124.25,81.87,114.7
2025/08/06,114.95,84.4,84.38,84.37,84.38,84.36,116.04,118.27,127.74,118.97,118.97,118.97,118.1,120.38,125.52,135.43,123.62,119.69,119.64,119.64,119.21,119.6,118.27,118.43,135.43,84.36,114.66
2025/08/05,115.29,76.29,75.82,75.82,75.82,75.82,115.29,118.44,118.38,118.38,118.21,119.75,118.61,118.13,120.77,124.83,125.05,125.18,125.12,125.04,119.21,118.44,118.61,118.61,125.18,75.82,112.94
2025/08/04,116.43,114.79,112.95,107.44,88.57,107.44,118.82,118.82,119.09,120.23,150.33,128.82,122.33,128.76,130.31,130.31,130.36,130.66,131.69,131.69,128.76,119.08,119.08,118.77,150.33,88.57,123.42
2025/08/03,115.93,116.11,115.93,108.55,76.5,108.95,115.93,114.09,115.93,116.9,116.73,118.18,125.37,125.89,122.95,122.4,120.45,120.51,139.25,132.62,132,122.38,156.78,117.41,156.78,76.5,121.1
2025/08/02,115.5,115.5,113.48,111.64,111.64,111.64,113.48,115.32,116.29,116.93,122.45,122.55,123.5,123.5,123.41,122.41,118.12,118.29,122.11,147.41,140.05,120.06,116.93,116.87,147.41,111.64,120.51
2025/08/01,116.19,113.1,113.1,109.42,111.26,113.1,113.1,119.33,119.15,119.04,118.97,120.34,120.34,120.34,126.65,129.98,124.89,125.41,124.76,124.76,121.6,117,116.94,116.92,129.98,109.42,119.59
2025/07/31,117.02,115.16,92.82,92.82,92.82,92.78,121.05,120.54,119.86,122.42,126.92,126.92,121.92,128.14,128.14,131.7,130.93,130.25,130.25,128.07,128.06,119.77,119.86,119.97,131.7,92.78,120.54
2025/07/30,132.02,113,114.86,109.28,109.28,111.14,121.18,120.66,119.39,125.4,128.22,130.06,127.34,128.47,133.95,133.95,133.94,133.89,128.82,128.97,125.99,122.59,121.08,119.1,133.95,109.28,124.73
2025/07/29,108.83,96.44,92,91.07,92,93.98,98.82,120.91,120.66,121.23,125.21,128.65,128.57,128.65,132.56,147.25,147.25,132.14,132.13,132.19,122.96,121.43,120.67,120.34,147.25,91.07,121.08
2025/07/28,97.13,96.44,81.17,81.17,81.17,91.55,98.74,99.66,120.62,121.22,122.51,123.32,123.24,123.26,132.33,132.78,132.78,133.21,133.21,133.21,132.33,122.82,122.73,122.71,133.21,81.17,117.82
2025/07/27,117.57,117.57,93.31,91.17,88.49,90.97,93.32,117.57,120.42,120.25,127.79,120.02,120.02,123.71,123.71,131.11,123.7,123.69,130.45,145.68,124.94,120.54,120.71,120.71,145.68,88.49,118.18
2025/07/26,116.27,118.25,114.99,92.56,92.65,112.54,116.27,119.39,119.11,118.94,120.32,120.72,120.72,123.96,123.96,123.96,123.96,138.6,138.34,123.9,123.92,120.32,130.99,130.67,138.6,92.56,120.9
2025/07/25,100.34,93.13,88.18,86.07,83.18,85.41,93.36,99.3,116.91,122.02,123.82,127.6,122.49,126.48,130.7,134.25,133.14,133.02,124.08,133.18,122.14,121.72,121.34,121.34,134.25,83.18,116.49
2025/07/24,100.78,93.06,92.97,82.17,82.17,92.57,93.22,100.31,119.36,121.21,124.27,124.17,120.31,124.06,124.81,136.91,136.91,124.21,124.21,124.03,123.31,121.88,117.56,116.7,136.91,82.17,115.21
2025/07/23,100.65,93.05,93.05,92.45,83.48,92.84,93.04,99.57,119.01,120.57,121.29,128.1,123.38,124.73,151.6,151.61,135.71,125.31,124.94,124.94,121.18,121.18,117.12,116.26,151.61,83.48,117.77
2025/07/22,125.12,114.68,92.69,91.62,90.53,91.62,110.96,118.4,119.89,121.17,125.83,127.06,121.84,125.88,126.03,147.3,132.44,147.3,147.3,136.12,132.43,121.33,121.15,121.15,147.3,90.53,123.06
2025/07/21,118.53,81.37,80.72,79.9,79.9,79.9,93.11,118.53,121.48,122.91,124.24,125.48,124.24,131.39,155.93,131.33,124.24,131.33,124.24,135.23,121.97,121.78,121.78,121.75,155.93,79.9,118.37
2025/07/20,100.05,81.64,79.27,77.73,79.38,79.38,79.38,79.38,93.33,93.97,101.44,118.41,118.43,121.92,121.92,121.92,121.9,121.86,121.86,136.05,136.21,135.94,101.48,100.54,136.21,77.73,107.13
2025/07/19,94.2,83.45,81.01,81.01,81.01,81.01,81.01,81.01,93.11,99.99,120.72,120.73,123.62,123.81,123.26,120.73,120.71,111.58,111.61,111.97,111.17,100,99.57,93.76,123.81,81.01,103.2
2025/07/18,94.15,93.08,83.48,83.48,83.48,92.61,98.97,99.93,126.63,134.74,135.64,134.61,126.68,134.66,134.66,134.4,131.25,131.25,118.11,118.09,118.07,118.07,107.9,93.44,135.64,83.48,115.85
2025/07/17,100.71,92.94,92.55,92.64,92.61,92.64,98.51,100.71,125.07,125.07,134.21,134.21,123.69,134.21,134.21,134.21,125.22,125.38,125.29,135.51,125.07,125.03,125.2,109.54,135.51,92.55,118.83
2025/07/16,119.51,92.62,84.76,85.32,84.76,85.57,113.9,117.61,127.64,133.62,133.58,133.58,123.18,133.58,133.6,133.6,127.81,127.81,127.81,135.45,127.83,127.81,127.73,115.76,135.45,84.76,120.97
2025/07/15,118.2,92,89.49,90.04,89.57,89.4,114.94,122.41,125.39,127.79,131.16,128.8,128.6,130.22,127.72,127.72,125.36,125.35,125.39,133.41,125.39,125.39,125.38,121.05,133.41,89.4,120.04
2025/07/14,118.62,113.98,93.12,92.67,82.78,92.62,110.26,115.84,121.19,121.83,123.13,123,121.8,123.05,132.55,132.55,132.55,132.97,133.17,135.28,122.87,121.65,121.59,121.58,135.28,82.78,120.43
2025/07/13,118.84,93.42,92.9,90.81,90.67,90.81,92.96,114.52,121.97,121.8,121.68,121.51,121.46,128.74,126.83,127,121.46,131.78,131.81,121.97,122.03,122.2,131.81,118.84,131.81,90.67,116.82
2025/07/12,125.92,122.2,92.99,89.84,89.16,92.58,120.34,122.47,128.57,118.07,120.22,120.22,120.22,123.33,123.33,123.33,123.33,135.27,135.28,136.3,136.32,136.12,120.24,119.91,136.32,89.16,120.79
2025/07/11,118.36,115.01,109.44,92.84,107.74,109.44,111.29,121.8,120.52,121.38,121.23,121.68,121.68,144.2,121.68,125.89,125.89,125.71,122.95,132.92,122.78,121.65,121.61,121.62,144.2,92.84,120.76
2025/07/10,131.98,113.74,117.09,111.88,110.02,113.74,117.09,120.73,123.39,127.31,127.13,143.51,126.4,128.45,134.05,156.91,134.03,133.98,127.06,133.9,126.52,121.15,121.09,121.09,156.91,110.02,126.92
2025/07/09,131.98,114.03,117.21,112.17,110.31,114.03,117.73,120.78,127.9,127.61,128.8,128.46,128.29,143.81,142.47,159.98,134.4,134.39,134.39,134.39,129.57,123.15,122.14,122.14,159.98,110.31,128.63
2025/07/08,131.98,115.01,118.13,111.29,111.29,113.15,115.62,121.05,126.94,127.15,127.56,127.53,126.18,142.79,152.78,153.06,141.46,135.41,135.41,135.41,132.44,123.54,122.8,122.24,153.06,111.29,129.24
2025/07/07,118.34,114.82,112.96,92.88,92.88,92.88,114.82,118.36,121.11,125.93,127.6,130.48,127.54,134.39,134.39,151.58,134.33,134.3,129.54,128.29,122.61,121.12,121.07,121.05,151.58,92.88,123.71
2025/07/06,118.03,118.03,93,88.67,87.99,88.3,91.99,114.3,118.03,121.23,121,120.71,120.65,120.65,120.48,120.48,120.65,135.31,135.31,135.34,135.31,121.23,120.73,121,135.34,87.99,117.42
2025/07/05,117.69,113.97,117.69,92.76,92.45,92.77,112.11,117.69,120.08,120.87,120.82,120.65,120.53,120.53,120.53,120.53,120.65,131.75,131.74,137.63,137.65,131.75,131.75,117.69,137.65,92.45,120.05
2025/07/04,131.98,115.75,115.75,115.75,115.75,115.75,115.9,118.43,121.44,128.61,128.68,128.68,123.35,130.99,132.68,132.37,132.37,132.37,143.28,143.29,132.39,121.51,121.44,121.44,143.29,115.75,126.72
2025/07/03,115.69,115.86,115.86,115.86,115.86,115.86,117.43,118.31,120.07,120.91,123.07,127.6,127.43,129.88,132.43,147.22,147.22,147.21,130.46,130.46,128.37,120.6,120.6,120.54,147.22,115.69,126.29
2025/07/02,131.98,98.88,98.28,92.8,92.8,92.8,109.67,118.92,121.35,121.48,128.53,129.28,128.8,145.12,156.17,147.8,147.8,128.37,128.37,128.37,122.62,121.54,121.48,121.48,156.17,92.8,124.21
2025/07/01,131.98,98.24,105.04,92.69,91.37,92.69,116.94,118.33,121.02,122.54,129.22,147.6,141.85,141.85,129.22,129.22,122.54,124.67,124.64,125.66,125.15,121.04,121.01,120.97,147.6,91.37,122.07
2025/06/30,105.55,95.1,94.65,94.8,94.84,94.79,95.53,106.44,125.67,171.07,128.93,131.87,129,137.19,156.39,156.39,156.39,128.99,128.98,128.99,126.56,125.73,125.69,114.87,171.07,94.65,125.98
2025/06/29,106.65,96.07,95.54,84.77,84.77,84.77,84.98,96.03,96.59,96.95,126.2,106.94,106.44,106.44,103.43,126.18,107.61,107.82,113.99,133.07,154.55,133.03,112.95,111.69,154.55,84.77,108.75
2025/06/28,108.91,108.87,105.87,95.89,95.71,95.8,105.03,105.66,107.14,108.55,126.34,126.34,116.78,126.33,126.28,126.35,116.32,116.47,116.47,133.14,133.13,132.34,107.13,106.28,133.14,95.71,115.17
2025/06/27,108.93,94.59,88.99,86.62,94.74,95.46,95.66,106.62,114.82,125.7,126.48,126.48,126.48,150.22,131.82,131.82,126.75,126.75,126.32,126.26,126.31,125.36,123.63,107.06,150.22,86.62,117.9
2025/06/26,108.93,94.63,94.32,86.89,94.85,95.5,104.13,106.62,115.59,124.61,153.26,125.7,124.23,170.26,137.53,148.57,129.43,129.3,129.11,129.16,129.26,126.5,115.59,107.04,170.26,86.89,121.84
2025/06/25,107.52,104.58,95.04,95.04,94.88,95.04,104.05,106.71,124.02,140.85,140.85,140.84,127.77,140.88,140.85,140.85,127.58,127.66,127.73,127.75,127.66,125.64,114.08,106.95,140.88,94.88,122
2025/06/24,105.69,105.35,95.06,94.95,94.95,95.12,99.39,106.48,123.86,130.89,130.96,130.96,130.94,154.28,151.35,130.96,130.92,130.91,125.55,130.88,127.45,124.33,125.64,107.02,154.28,94.95,121.75
2025/06/23,105.54,94.83,94.78,94.64,94.7,94.9,98.44,107.63,128.91,133.99,164.63,133.92,128.87,132.28,128.9,130.34,127.34,127.34,127.44,127.14,127.14,121.75,114.72,107.04,164.63,94.64,120.87
2025/06/22,103.79,97.3,86.54,83.24,83.24,83.24,83.24,81.27,81.27,105.62,105.62,105.62,105.62,106.77,104.96,107.51,106.98,107.42,112.39,112.39,112.39,110.93,106.67,96.88,112.39,81.27,100.42
2025/06/21,120.96,105.56,106.05,102.06,102.06,100.73,102.06,105.64,105.84,126.48,127.07,127.23,127.22,127.21,127.04,127.15,126.74,126.55,126.59,126.68,126.61,109,109.01,107.86,127.23,100.73,117.21
2025/06/20,106.6,105.92,106.34,105.66,105.51,105.56,106.61,122.98,124.77,138.53,193.75,138.3,130.65,139.04,137.6,137.58,130.63,130.61,128.2,125.21,125.21,124.95,124.77,124.71,193.75,105.51,127.2
2025/06/19,107.86,106.06,95.04,95.01,95.18,95.06,117.65,121.54,125.91,129.47,132.19,132.14,130.03,132.07,138.73,166.11,137.85,137.2,131.39,128.84,127.55,125.91,125.91,125.62,166.11,95.01,125
2025/06/18,105.26,103.5,103.25,94.85,94.61,94.56,95.29,123.31,123.84,128.04,128.68,130.76,128.67,136.39,136.37,136.37,134.24,134.35,128.66,126.39,126.93,126.93,121.63,107.13,136.39,94.56,120.91
2025/06/17,106.67,106.57,106.67,105.54,105.36,105.51,106.66,106.65,127.05,129.47,134.39,134.39,130.24,153.86,150.78,148.05,140.11,135.42,134.22,129.62,127.06,126.58,126.07,126.07,153.86,105.36,126.74
2025/06/16,97.88,84.97,80.64,81.43,81.46,81.46,95.02,107.55,126.3,128.18,128.98,130.12,128.18,134.91,134.91,134.91,133.26,132.44,132.28,125.4,125.22,121.7,107.52,107.23,134.91,80.64,116.88
2025/06/15,104.82,96.07,95.27,81.3,82.52,83.75,84.16,80.98,96.02,96.93,106.7,106.82,106.82,106.82,106.82,106.83,106.83,106.29,106.81,118.25,116.8,106.84,106.66,106.2,118.25,80.98,101.41
2025/06/14,115.03,107.27,106.25,101.42,106.51,106.17,107.32,107.32,137.98,129.97,139.04,138.89,131.99,138.46,131.82,130.04,127.15,126.95,125.22,125.27,124.78,126.28,107.32,107.32,139.04,101.42,121.71
2025/06/13,106.54,106.24,105.62,105.38,105,106.55,106.54,124.68,125.14,129.25,130.98,131.89,130.78,140.43,139.72,132.33,131.44,131.44,127.87,128.75,127.56,125.68,122.35,106.51,140.43,105,123.26
2025/06/12,105.26,103.46,90.24,90.12,90.07,90.25,124.51,124.51,125.83,128.57,128.57,136.82,128.55,140.28,147.6,134.87,133.79,132.72,132.61,131.9,126.05,125.37,124.51,106.99,147.6,90.07,122.4
2025/06/11,108.06,106.07,95.03,105.52,105.47,105.34,106.88,125.56,126.93,127.63,130.81,130.89,130.17,137.04,167.44,137,130.54,130.35,129.73,127.58,127.59,126.1,123.38,106.88,167.44,95.03,124.07
2025/06/10,108.81,105.72,90.15,90.22,90.25,105.72,114.06,122.67,123.68,125.16,132.67,132.65,128.16,139.32,139.32,139.32,132.59,136.3,128.17,129.86,128.09,126.11,126.11,107.09,139.32,90.15,122.04
2025/06/09,104.93,104.09,104.31,95.06,95.06,104.36,104.92,107.15,131.09,127.9,141.37,127.63,127.63,137.8,137.76,127.63,127.63,125.49,125.67,125.67,125.67,125.67,107.08,107.08,141.37,95.06,119.6
2025/06/08,101.78,95.22,85.78,83.77,87.85,88.82,88.26,81.69,95.88,96.82,105.54,105.4,105.4,105.33,171.76,105.93,110.66,110.66,110.72,110.72,110.72,109.27,105.98,105.67,171.76,81.69,103.58
2025/06/07,106.02,96.26,96.23,95.71,95.72,95.69,95.67,106.6,106.53,108.91,108.91,127.52,143.63,108.86,108.86,108.86,108.86,108.86,108.91,108.91,107.49,105.36,105.37,105.37,143.63,95.67,106.91
2025/06/06,105.54,104.46,104.1,95.77,95.77,95.77,104.09,104.27,105.92,107.95,107.95,123.85,123.81,141.93,123.63,123.63,123.63,137.7,137.85,124.03,123.07,107.95,107.95,107.95,141.93,95.77,114.26
2025/06/05,107.02,105.68,90.25,90.25,90.25,106.65,107.03,121.14,123.79,123.79,129,128.93,128.93,128.88,128.84,137.44,126.98,126.74,126.75,126.7,123.76,121.14,107,107.01,137.44,90.25,117.87
2025/06/04,107.06,106.46,94.82,94.86,95.03,106.72,108.08,108.08,108.03,124.08,127.5,127.5,124.05,127.5,127.5,127.5,127.5,127.33,124.08,124.08,124.01,121.08,121.08,108.03,127.5,94.82,117.08
2025/06/03,104.73,104.04,104.32,95.76,95.75,103.93,104.31,107.64,107.63,124.23,144.9,143.21,130.8,130.81,130.75,130.81,123.65,122.18,123.32,122.18,122.18,107.67,107.67,107.68,144.9,95.75,116.71
2025/06/02,97.46,87.27,86.2,85.3,85.3,96.97,100.43,107.11,107.74,126.08,127.15,127.13,127.13,141.58,142.66,146.54,126.35,125.88,122,122,107.74,106.26,105.61,105.11,146.54,85.3,115.11
2025/06/01,104.44,100.72,92.64,91.13,89.62,90.1,104.34,102.54,102.53,102.53,106.37,105.14,105.14,106.21,106.13,109.97,109.97,109.97,139.88,140.12,110.04,108.56,115.23,105.13,140.12,89.62,107.33
2025/05/31,121.41,110.88,103.66,84.77,85.31,105.05,110.86,111.04,111.04,111.32,112.29,112.13,112.13,135.06,129.04,129.05,133.66,130.42,132.11,129.1,128.86,128.95,112.7,112.7,135.06,84.77,116.69
2025/05/30,139.86,110.77,110.77,110.78,110.77,110.71,129.83,130.04,130.13,134.24,132.53,132.53,132.53,132.53,132.53,149.48,132.53,132.53,132.53,132.47,129.93,129.16,129.16,129.69,149.48,110.71,128.71
2025/05/29,111.68,110.53,110.52,105.61,110.5,110.55,117.25,127,129.43,128.61,137.07,137.06,135.31,137.04,144.22,144.22,137.04,135.71,133.93,130.84,131.4,131.4,127.35,127.32,144.22,105.61,127.76
2025/05/28,126.07,110.71,110.71,110.63,110.71,110.8,126.59,127.59,129.52,131.75,148.5,140.75,135.1,140.68,140.74,146.85,144.43,144.8,141.65,140.67,140.66,129.33,128.83,128.77,148.5,110.63,131.93
2025/05/27,144.43,104.97,104.97,98.27,104.5,108.74,125.8,130.57,130.01,133.45,141.98,146.89,139.52,141.2,141.45,146.88,142.09,140.91,139.45,133.41,133.4,133.42,133.37,133.38,146.89,98.27,131.31
2025/05/26,118.35,108.6,84.23,84.23,84.23,100.08,111.11,111.99,146.07,134.43,138.33,138.24,135.76,138.24,138.25,146.48,137.36,151.38,135.02,134.39,152.96,130.56,134.35,134.36,152.96,84.23,128.2
2025/05/25,145.27,111.85,112.01,104.99,111.85,111.85,112.48,111.66,107.61,107.87,113.41,111.97,112.85,125.75,125.75,125.75,125.75,152.18,152.16,146.89,146.87,143.55,143.69,112.27,152.18,104.99,125.39
2025/05/24,142.92,142.92,107.36,92.52,92.52,107.21,108.78,109.47,129.83,130.16,130.81,130.8,130.8,130.79,130.3,130.51,130.27,141.12,141.12,141.15,141.15,141.16,141.12,141.12,142.92,92.52,128.19
2025/05/23,144.43,108.51,101.46,101.46,101.46,108.5,127.43,134.27,139.09,145.57,145.58,145.59,131.64,145.59,145.59,145.9,134.88,134.91,145.57,145.59,138.55,138.55,138.55,138.55,145.9,101.46,133.82
2025/05/22,131.46,131.47,129.91,108.23,129.41,129.92,136.08,132.4,140.53,140.53,153.27,153.3,140.32,153.25,153.25,153.24,140.53,140.53,140.53,140.53,140.53,140.53,137.88,134.06,153.3,108.23,139.54
2025/05/21,144.43,130.85,100.58,100.58,100.58,100.58,100.58,126.05,132.04,146.73,146.71,141.31,138.87,146.44,149.72,149.72,141.85,141.85,141.92,142.2,142.06,141.87,139.47,139.5,149.72,100.58,134.22
2025/05/20,144.43,103.25,102.61,89.41,89.62,98.27,103.25,127.27,134.91,137.55,143.87,135.01,134.98,134.95,134.94,134.96,134.9,137.1,151.9,151.96,149.44,141.18,141.18,141.18,151.96,89.41,130.49
2025/05/19,109.15,90.73,88.77,86.79,87.58,89.94,109.15,109.89,125.02,145.27,130.69,130.19,125.01,125.01,126.64,144.86,128.74,128.7,155.68,155.7,146.79,129.54,129.1,128.73,155.7,86.79,123.81
2025/05/18,108.76,84.13,84,84,87.2,109.74,110.33,110.08,110.82,109.85,110.52,110.48,110.38,110.38,107.32,110.38,110.48,133.16,133.39,133.58,133.28,133.28,133.2,125.03,133.58,84,113.16
2025/05/17,120.45,108.55,84.95,82.93,82.93,85.45,108.08,109.18,125.26,129.06,136.85,136.85,136.79,136.85,131.22,131.14,127.89,127.48,128.1,128.22,130.19,127.68,128.48,109.67,136.85,82.93,119.18
2025/05/16,108.51,107.67,104.81,108.51,107.68,111.35,109.28,127.44,132.57,145.65,145.62,145.58,137.62,145.58,198.84,146.23,144.24,132.64,132.62,130.27,131.89,130.19,129.71,128.54,198.84,104.81,132.35
2025/05/15,127.69,101.9,100.08,99.6,98.27,100.08,122.98,129.08,129.08,134.23,134.23,134.23,134.16,134.23,136.41,134.21,134.18,131.9,129.45,129.44,129.43,129.63,128.91,127.5,136.41,98.27,125.64
2025/05/14,129.44,105.52,103.71,105.52,107.54,108.28,126.1,130.63,128.67,131.8,136.52,136.5,132.41,135.94,136.47,148.28,140.32,134.63,131.81,131.86,131.8,130.63,128.74,127.31,148.28,103.71,127.96
2025/05/13,109.04,107.57,103.71,89.32,91.8,116.32,125.27,130.81,129.41,129.69,139.63,139.62,132.61,132.64,139.32,139.6,139.6,139.32,132.63,132.64,130.81,131.38,126.25,126.22,139.63,89.32,126.32
2025/05/12,114.38,107.58,84.74,84.74,108.79,110.79,111.59,130.64,130.65,131.85,134.51,134.13,129.54,134.13,134.13,134.13,134.13,131.92,130.72,131.87,130.72,129.44,129.44,127.75,134.51,84.74,124.45
2025/05/11,100.25,83.8,82.79,82.28,83.29,82.83,82.27,79.75,112.8,113.6,130.88,130.14,113.57,113.15,107.26,108.77,107.73,113.08,128.28,131.51,128.28,130.92,113.75,111.71,131.51,79.75,107.53
2025/05/10,129.88,110.88,110.63,110.5,84.78,110.58,110.91,111.31,131.07,131.07,131.67,131.67,131.67,131.67,131.59,131.88,128.18,127.58,127.53,128.13,131.84,129.82,124.9,110.92,131.88,84.78,122.89
2025/05/09,111.93,111.39,108.89,93.63,93.63,108.89,112.45,112.38,129.29,136.66,144.74,136.55,130.64,143.96,129.29,129.21,127.02,128.91,127.03,127.02,126.54,112.38,110.55,110.16,144.74,93.63,122.04
2025/05/08,111.32,111.19,100.55,100.55,99.43,111.27,129.15,126.97,127.14,130.65,145.27,144.97,126.79,132.35,132.42,132.41,132.42,132.24,131.84,131.86,126.63,131.83,129.44,111.94,145.27,99.43,124.99
2025/05/07,113.26,107.65,94.03,91.45,93.95,94.32,110.57,122.04,128.83,131.06,140.89,131.05,131.05,130.86,128.31,128.31,130.64,143.79,129.23,128.23,129.4,125.6,125.68,118.75,143.79,91.45,122.31
2025/05/06,111.28,107.55,93.79,93.83,93.88,109.99,110.81,119.12,130.86,130.84,130.89,130.89,127.48,130.9,129.9,130.13,127.48,127.48,128.98,130.13,130.13,129.58,120.26,118.94,130.9,93.79,121.3
2025/05/05,110.46,109.77,109.76,94.38,109.74,109.76,110.25,110.33,110.44,118.24,118.73,121.18,125.46,130.9,129.52,130.9,129.01,128.85,129.18,131.46,129.04,131.45,131.45,118.72,131.46,94.38,120.42
2025/05/04,110.94,110.39,109.91,94.38,110.72,112.43,112.43,130.91,129.73,129.38,112.15,111.66,110.6,111.66,111.66,119.12,118.49,119.12,130.08,130.91,130.07,129.64,119.14,119.14,130.91,94.38,118.16
2025/05/03,131.08,109.81,103.3,101.52,102.43,109.73,110.11,118.61,130.64,129.77,130.56,128.19,128.18,130.19,128.16,127.72,131.13,124.84,124.84,130.19,130.19,129.59,119.73,118.73,131.13,101.52,122.37
2025/05/02,130.63,110.44,109.8,106.28,109.98,129.3,118.66,130.58,129.82,130.66,131.86,131.87,129.93,129.94,129.94,129.94,129.93,129.89,131.87,129.94,129.98,126.41,125.9,124.4,131.87,106.28,125.93
2025/05/01,125.64,110.01,105.66,103.1,103.1,110.22,110.71,110.93,121.78,120.16,121.78,121.78,128.72,131.89,131.64,131.35,130.56,121.78,119.94,119.94,119.68,118.7,126.56,111.18,131.89,103.1,119.2
2025/04/30,113.64,98.73,98.13,98.16,99.22,114.36,116.47,137.84,135.99,139.52,157.28,139.5,139.47,139.5,139.5,146.97,139.38,139.31,138.34,138.34,133.79,129.1,138.34,139.29,157.28,98.13,130.14
2025/04/29,115.55,98.46,98.25,97.5,98.46,113.97,116.29,139.34,136.68,139.36,161.24,147.13,136.12,137.08,139.33,139.33,139.33,136.48,115.8,117.31,115.8,115.8,115.8,115.8,161.24,97.5,124.4
2025/04/28,93.69,84.24,84.24,84.24,84.24,88.67,99.71,115.81,138.34,136.65,139.28,145.51,136.09,136.63,136.93,157.47,137.21,135.92,116.75,116.75,116.29,99.96,100,100.05,157.47,84.24,116.98
2025/04/27,99.56,85.05,92.94,84.91,92.84,99.3,99.67,96.39,100.03,99.88,100.27,99.88,99.6,100.21,100.21,100.27,99.55,99.77,100.34,100.4,100.4,100.46,100.52,100.52,100.52,84.91,98.05
2025/04/26,111.73,98.42,93.43,93.43,110.81,114.9,115.84,111.16,111.3,111.58,115.44,115.23,112.51,112.51,115.84,117.13,112.11,116.35,115.84,115.84,115.84,115.84,115.84,115.84,117.13,93.43,111.85
2025/04/25,99.19,97.85,97.94,95.19,99.18,115.71,116.88,115.72,137.87,137.86,139.26,138.34,137.86,137.86,137.86,137.86,137.86,138.07,134.98,135,134.41,133.04,133.04,118.78,139.26,95.19,125.74
2025/04/24,114.15,98.53,97.52,97.52,98.92,115.55,132.89,132.88,137.63,137.3,139.28,154.69,137.3,139.28,138,139.28,137.3,145.98,146.86,146.96,135,132.89,118.64,118.17,154.69,97.52,129.54
2025/04/23,99.26,97.96,92.24,97.69,99.27,129.37,133.38,133.59,137.89,141.7,141.7,141.7,141.62,138.07,138.07,139.48,137.32,161.96,137.34,135.41,134.88,133.59,129.37,129.37,161.96,92.24,129.93
2025/04/22,113.74,84.96,84.96,84.96,84.96,94.7,98.42,116.93,137.92,145.44,148.05,148.05,138.96,148.65,166.11,166.11,141.09,141.09,141.1,137.54,137.91,137.93,137.42,120.67,166.11,84.96,129.93
2025/04/21,102.86,92.94,92.94,92.94,93.24,115.22,116.68,117.69,137.69,137.3,157.6,138.15,137.09,137.09,137.09,139.33,137.09,137.09,137.39,137.39,136.83,134.4,117.83,117.83,157.6,92.94,126.13
2025/04/20,99.84,99.47,84.9,92.38,99.49,100.2,100.2,99.61,81.09,99.82,113.38,99.82,0,99.64,99.7,99.95,99.91,99.6,100.15,111.91,111.91,111.91,111.91,111.87,113.38,0,98.29
2025/04/19,98.95,98.95,98.36,98.27,98.36,98.36,113.41,112.74,112.8,97.93,98.36,98.07,98.02,100.43,113.79,100.49,99.44,99.92,100.58,100.64,100.64,100.7,100.7,100.7,113.79,97.93,101.68
2025/04/18,112.96,98.75,111.76,111.76,115.76,116.2,116.2,139.34,142.17,142.17,183.32,154.69,137.27,137.27,137.27,137.27,137.27,137.6,135.76,137.2,135.21,132.72,118.17,118.37,183.32,98.75,131.13
2025/04/17,115.1,99.25,98.73,98.35,98.93,113.06,116.2,135.06,142.18,142.33,142.33,142.32,142.01,139.35,139.33,154.08,137.87,137.67,137.03,136.95,137.45,136.12,137.18,132.58,154.08,98.35,130.26
2025/04/16,146.1,116,100.15,109.05,116.19,136.03,136.46,138.06,138.46,159.97,162.07,144.57,138.39,144.53,144.5,161.65,138.42,138.36,138.29,138.29,138.22,138.07,138.07,137.79,162.07,100.15,137.75
2025/04/15,117.35,116.19,108.84,108.68,109.21,134.66,135.09,135.17,139.34,137.29,139.35,137.28,136.98,137.13,137.24,137.28,137.28,137.13,137.29,155.4,155.4,153.15,153.14,152.58,155.4,108.68,136
2025/04/14,93.31,83.85,83.85,83.85,83.85,103.49,98.12,117.01,159.72,154.18,159.72,152.9,139.14,152.9,161.86,154.34,148.21,148.21,148.26,148.24,137.99,137.94,137.91,137.91,161.86,83.85,133.77
2025/04/13,114.77,98.16,84.98,86.61,99.42,117.07,117.07,115.61,98.4,98.65,99.54,99.01,99.04,99.09,98.72,99.4,99.21,99.4,118.63,118.63,118.63,118.63,118.63,116.17,118.63,84.98,106.36
2025/04/12,129.4,98.55,93.69,92.25,92.58,98.55,98.9,99.23,99.26,111.23,139.87,139.86,139.86,139.87,139.86,156.66,134.49,129.4,129.4,129.4,129.4,129.4,129.4,129.4,156.66,92.25,121.66
2025/04/11,115.35,99.11,98.29,98.32,99.12,115.67,138.96,139.09,139.89,140.03,144.65,139.5,133.39,133.38,133.38,139.33,133.39,140.38,141.28,141.5,140.93,133.41,133.41,127.64,144.65,98.29,129.53
2025/04/10,114.2,98.67,96.68,96.68,98.51,110.65,135.3,139,150.81,154.15,154.6,142.98,142.98,148.79,139.45,139.15,137.02,137.06,137.07,137.07,136.98,135.96,135.73,118.81,154.6,96.68,131.79
2025/04/09,154.2,115.55,98.92,98.64,109.17,135.68,139.56,139.55,139.84,139.83,153.94,139.82,139.82,139.82,139.82,139.81,139.55,139.71,139.83,139.83,139.84,139.55,139.55,139.55,154.2,98.64,135.54
2025/04/08,154.2,115.14,98.22,98.19,109.24,140.86,141.41,141.47,142.91,142.05,141.49,136.56,136.48,136.54,136.5,136.56,136.48,136.56,140.38,153.12,153.04,140.19,139.97,140.54,154.2,98.19,135.99
2025/04/07,111.09,97.78,86.53,86.53,87.34,93.64,116.46,125.73,140.96,143.9,143.19,137.66,135.63,139.33,135.64,139.33,135.61,135.64,135.64,156.47,138.82,135.64,135.64,141.58,156.47,86.53,128.14
2025/04/06,101.18,99.36,85.99,88.94,113.27,132.88,142.94,141.42,101.07,101.51,116.12,101.12,0,6.87,116.87,96.04,99.36,114.63,120.82,120.94,121.03,121.11,121.16,121.24,142.94,0,106.45
2025/04/05,121.88,98.65,97.55,89.49,93.23,98.65,98.65,98.65,99.2,115.27,139.89,141.08,139.83,139.91,116.15,116.71,100.52,99.11,99.15,100,100,99.28,99.18,99.28,141.08,89.49,108.39
2025/04/04,154.2,105.88,98.33,98.33,108.54,136.56,138.29,137,137.82,137.25,140.17,145.55,137.42,145.4,140.17,137.9,136.51,136.98,137.9,138.41,137.52,137.31,137,138.41,154.2,98.33,133.65
2025/04/03,125.73,123.02,98.47,98.33,98.96,123.66,138.34,138.34,144.15,153.64,155.2,146.85,141.12,141.1,141.1,154.88,140.05,139.87,139.88,139.88,139.88,137.58,138.34,138.34,155.2,98.33,135.42
2025/04/02,104.85,95.52,94.67,95.09,95.07,98.57,117.13,139.33,135,135.07,136.76,139.35,136.17,136.8,136.81,139.37,136.83,133.06,133.17,133.18,118.48,116.94,116.46,116.46,139.37,94.67,123.12
2025/04/01,99.41,98.52,97.55,97.74,98.79,122.85,128.35,136.04,143.52,143.77,145.19,143.53,137.21,139.35,137.21,156.03,137.21,137.92,136.01,136.02,136.02,126.13,126.41,121.02,156.03,97.55,128.85
2025/03/31,113.89,96.51,87.25,85.98,87.25,89.13,113.8,128.59,138.69,132.46,132.46,132.46,128.83,132.46,132.46,128.84,128.84,128.53,128.65,126.89,125.67,123.02,123.02,115.49,138.69,85.98,120.5
2025/03/30,132.58,116.49,100.08,100.08,123.9,133.33,134.73,132.56,97.06,100.08,100.21,100.22,100.17,103.29,97.35,98.17,96.54,122.8,133.33,133.33,133.33,133.33,133.33,133.33,134.73,96.54,118
2025/03/29,134.22,132.24,129.77,123.15,129.87,134.48,134.42,126.37,123.05,103.28,133.4,133.4,128.99,130.32,111.26,99.91,99.91,111.64,124.34,133.55,133.1,133.1,133.1,133.1,134.48,99.91,125.86
2025/03/28,122.71,103.48,96.65,99.04,103.48,124.12,124.37,132.89,130.68,139.92,133.44,128.62,124.84,126.17,126.17,140.06,126.17,127.43,134.93,135.75,132.67,130.47,132.07,132.67,140.06,96.65,125.83
2025/03/27,112.54,96.79,96.58,96.58,96.58,96.76,97.49,113.8,117.53,160.78,160.78,134.55,124.9,134.48,134.33,134.88,134.72,130.4,128.87,132.89,113.8,113.38,113.8,104.43,160.78,96.58,121.33
2025/03/26,107.71,88.89,88.89,88.89,97.33,113.8,114.91,118.16,139.09,114.84,126.41,126.38,126.38,126.38,126.38,126.38,126.38,126.38,140.8,140.8,126.41,126.41,126.41,126.41,140.8,88.89,120.25
2025/03/25,107.37,96.67,96.49,85.4,96.39,97.29,103.48,103.48,124.12,130.21,132.46,133.46,128.59,130.21,130.21,130.21,130.2,124.12,124.12,113.8,113.38,111.73,108.51,108.36,133.46,85.4,115.58
2025/03/24,113.8,96.53,84.4,84.4,96.71,96.86,100.41,123.44,113.8,130.14,124.12,108.65,103.48,105.51,103.48,107.35,113.8,120.33,152.69,133.42,121.88,110.5,113.8,109.15,152.69,84.4,112.38
2025/03/23,124.29,115.03,113.6,111.97,113.6,137.26,145.87,143.72,99.94,99.82,101.92,100.06,97.7,97.7,97.7,103.29,101.14,114.2,123.9,135.32,135.32,135.32,135.33,135.3,145.87,97.7,119.29
2025/03/22,132.94,123.89,123.89,112.5,123.89,136.47,136.54,124.35,113.58,113.83,132.94,113.22,103.28,103.28,100.06,100.03,97.09,115.94,134.42,134.43,134.43,134.44,134.44,134.45,136.54,97.09,122.53
2025/03/21,114.15,97.31,96.22,89.43,96.9,103.48,124.12,128.38,131.96,131.94,133.5,129.55,127.24,127.16,127.08,132.44,125.8,125.8,135.31,125.81,125.81,123.72,124.12,133.38,135.31,89.43,121.81
2025/03/20,112.45,100.47,97.02,96.99,97.02,111.15,127.79,128.63,136.22,136.12,147.87,137.89,132.34,132.34,132.11,130.22,130.22,129.64,129.64,130.21,126.57,126.65,126.73,130.21,147.87,96.99,124.94
2025/03/19,112.26,98.04,96.43,91.44,96.57,106.29,113.12,113.16,136.72,137.08,157.94,130.22,128.9,128.9,128.71,128.89,130.22,128.71,131.28,131.28,131.02,128.42,128.27,128.26,157.94,91.44,123.22
2025/03/18,136.98,98.63,89.33,87.31,88.66,96.86,110.34,120.49,143.45,152.85,132.64,128.13,125.33,125.33,125.33,125.33,137.15,137.05,137.42,137.42,137.42,137.06,137.06,118.56,152.85,87.31,124.82
2025/03/17,95.74,83.24,83.24,83.24,83.24,83.24,87.44,110.79,136.49,136.49,129.51,127.56,127.56,127.85,127.44,122.98,122.9,114,114.35,113.23,111.08,110.79,110.79,110.79,136.49,83.24,112.12
2025/03/16,97.15,83.61,82.45,82.45,82.45,82.45,85.12,85.12,82.45,82.45,95.61,99.89,99.76,111.54,99.05,95.61,86.55,97.15,98.41,98.41,98.41,98.41,98.41,98.41,111.54,82.45,92.84
2025/03/15,131.75,98.13,97.37,97.03,97.03,98.22,98.22,98.26,97.03,107.97,97.87,97.65,6.83,79.16,67.12,78.74,86.47,97.59,98.54,98.54,98.54,98.54,98.54,98.54,131.75,6.83,93.62
2025/03/14,112.86,97.27,96.4,84.43,96.99,108.36,112.96,113.6,122.92,139.97,122.75,113.5,97.27,97.27,97.27,113.26,112.05,122.06,121.67,113.8,111.44,110.36,111.44,114,139.97,84.43,110.77
2025/03/13,91.37,85.12,82.92,82.59,83.85,89.99,109.57,111.44,116.83,116.81,116.79,115.06,97.84,97.84,97.84,111.44,106.95,111.74,111.85,111.85,111.74,111.74,111.74,111.74,116.83,82.59,104.73
2025/03/12,103.52,89.8,89.8,89.58,89.8,89.8,97.93,121.61,132.07,141.96,152.29,130.21,128.97,130.22,128.97,128.97,128.97,125.9,125.9,122.92,121.61,121.61,113.25,112.47,152.29,89.58,118.88
2025/03/11,96.02,87.23,84.7,83.44,84.7,87.23,96.44,113.6,130.22,137.56,130.21,130.21,126.84,130.22,130.22,130.22,137.54,137.28,136.59,136.52,111.36,95.89,95.89,95.94,137.56,83.44,114.57
2025/03/10,113.11,99.73,97.02,97.02,97.02,99.73,113.11,133.46,144.67,147.13,128.74,113.94,112.18,112.27,112.88,113.94,113.94,113.94,114.03,121.61,114.03,114.03,112.16,113.9,147.13,97.02,115.68
2025/03/09,154.76,97.6,89.37,97.6,113.96,143.08,114.74,96.67,78.49,77.77,0,0,0,0,0,79.29,95.61,122.91,146.46,143.36,141.31,145.65,141.31,145.77,154.76,0,99.71
2025/03/08,129.32,122.96,123.27,122.77,123.27,122.69,123.26,123.22,114.14,96.99,114.29,114.27,114.26,96.99,96.57,96.54,96.51,96.99,122.87,123.16,123,122.75,140.44,140.44,140.44,96.51,116.91
2025/03/07,94.02,85.51,85.51,85.51,85.51,88.92,96.9,109.57,121.7,130.22,130.22,130.21,111.96,130.22,130.21,130.22,130.22,113.95,113.22,113.23,111.38,110.68,110.79,97.84,130.22,85.51,111.02
2025/03/06,96.15,85.9,85.62,85.62,85.62,85.9,96.9,97.84,113.97,130.22,151.39,130.22,112.54,113.37,113.79,113.36,113.94,113.95,113.96,113.08,101.11,97.84,97.84,97.84,151.39,85.62,106.88
2025/03/05,96.24,85.51,85.51,85.51,85.51,85.51,96.9,113.06,129.05,147.99,149.57,131.87,128.98,131.55,131.28,127.29,122.44,121.47,121.61,122.26,134.16,113.65,111.89,112.42,149.57,85.51,116.93
2025/03/04,83.19,83.19,83.19,83.19,83.19,83.19,83.19,97.69,113.65,152.84,149.92,131.28,129.9,131.28,129.9,129.52,125.75,113.4,113.56,113.56,134.85,109.32,110.22,97.69,152.84,83.19,113.37
2025/03/03,81.32,79.49,79.49,79.49,79.49,79.49,81.76,83.21,95.61,113.26,113.26,114.75,114.75,114.75,114.75,114.75,114.18,114.29,114.07,112.98,98.41,97.48,95.61,94.07,114.75,79.49,100.32
2025/03/02,84.9,82.37,79.49,79.49,79.49,79.49,80.18,81.49,81.06,79.49,79.53,79.53,79.49,79.49,79.49,80.18,82.37,86.26,86.26,86.26,86.26,86.26,86.26,86.26,86.26,79.49,82.28
2025/03/01,95.61,86.26,84.33,81.71,81.71,81.91,84.33,84.08,95.6,99.33,112.34,99.33,99.33,99.33,99.33,99.33,98.4,95.86,95.91,95.95,95.92,86.26,95.61,86.26,112.34,81.71,93.14
2025/02/28,87.2,81.74,80.53,80.53,80.53,80.71,88.12,99.18,115.69,131.01,138.69,130.81,115.63,115.61,115.61,115.61,115.6,113.83,100.14,100.14,99.2,95.27,92.54,92.54,138.69,80.53,103.89
2025/02/27,97.37,88.86,88.86,88.86,88.86,98.32,99.28,113.61,118.96,118.94,118.91,117.09,100.23,102.15,102.32,112.76,112.76,113.15,113.34,113.4,107.64,107.64,107.64,107.64,118.96,88.86,106.34
2025/02/26,105.07,97.54,82.1,82.1,82.1,87.2,113.35,113.99,123.71,130.86,141.24,130.54,127.29,128.75,130.11,128.35,130.79,126.36,113.98,113.98,113.98,113.99,113.99,114.01,141.24,82.1,115.13
2025/02/25,100.23,85.02,83.6,82.77,83.6,85.02,107.9,107.9,130.79,130.79,150.78,142,128.4,128.32,128.32,128.32,144.44,130.78,114.94,114.94,113,109.59,109.59,109.59,150.78,82.77,115.62
2025/02/24,87.21,80.05,80.05,80.05,80.05,81.1,97.63,114.82,130.83,145.89,149.46,132.15,126.28,126.28,126.28,132.15,132.15,132.15,114.31,114.31,114.31,113.9,114.31,113.9,149.46,80.05,115.32
2025/02/23,104.96,86.42,86.39,84.98,85.83,86.43,98.4,97.34,81.85,79.67,98.31,72.76,72.76,6.21,72.76,72.76,79.67,96.13,104.96,104.96,98.27,104.96,103.97,104.96,104.96,6.21,88.24
2025/02/22,108.15,101.48,102.66,85.12,85.12,102.42,106.37,104.78,103.15,98.05,110.37,80.29,72.82,0,76.15,79.69,82.46,97.87,108.44,108.44,108.44,108.44,108.44,108.44,110.37,0,94.84
2025/02/21,107.9,97.98,102.32,84.33,101.64,101.91,107.07,132.8,138.87,140.85,155.34,140.38,132.73,132.81,132.54,132.81,132.81,132.81,132.56,126.31,113.91,113.67,113.9,113.9,155.34,84.33,122.57
2025/02/20,113.06,98.68,97.71,82.54,83.49,98.78,113.15,128.79,134.47,139.7,159.56,134.45,134.03,132.82,130.24,130.24,132.82,132.82,132.82,132.82,126.33,113.88,113.88,122.75,159.56,82.54,122.73
2025/02/19,107.9,101.77,98.38,97.93,98.42,102.35,113.2,128.69,137.5,142.09,157.35,138.32,133.08,132.79,132.57,131,140.97,132.55,130.74,130.78,129.84,124.91,128,128.37,157.35,97.93,126.04
2025/02/18,122.64,102.15,98.46,98.46,98.46,99.51,113.01,128.93,143.78,149.48,145.96,142.19,131.05,131.05,131.05,131.05,131.05,131.05,130.78,129.98,129.9,125.25,125.25,113.94,149.48,98.46,125.42
2025/02/17,123.89,98.61,97.86,80.89,98.06,98.22,102.01,132.8,132.5,145.9,151.99,132.56,130.94,131.73,131.11,132.15,132.15,132.15,130.06,130.79,130.79,132.48,132.45,113.87,151.99,80.89,124.6
2025/02/16,99.53,98.59,97.91,81.8,81.8,96.48,97.91,102.94,103.75,103.5,103.74,103.74,103.74,103.74,105.3,105.35,103.67,105.39,133.17,105.55,103.76,103.76,103.41,99.98,133.17,81.8,102.25
2025/02/15,122.15,101.69,99.22,99.09,99.22,101.8,102.54,115.65,116.85,141.55,150.58,148.17,132.52,132.5,132.51,123.96,123.96,102.92,115.97,114.96,107.61,102.76,102.78,132.48,150.58,99.09,117.71
2025/02/14,108.13,98.48,98.07,82.54,97.73,102.15,104.03,132.78,132.79,146.68,143.92,132.57,131.3,132.8,131.99,131.99,132.57,133.42,126.81,126.24,114.49,113.09,112.88,103.85,146.68,82.54,120.69
2025/02/13,112.57,101.6,101.61,98.25,101.6,111.24,112.61,132.81,136.01,136,146.77,139.35,131.12,132.15,132.15,131.37,140.03,131.12,132.23,132.23,130.15,125.75,122.78,114.04,146.77,98.25,125.27
2025/02/12,103.44,97.28,93.04,81.32,92.42,93.39,109.51,123.61,132.59,143.84,154.15,144,142.98,143.44,143.44,143.44,132.8,134.13,134.98,130.21,130.14,132.49,125.7,123.89,154.15,81.32,126.6
2025/02/11,103.12,101,100.23,83.22,84.06,98.32,107.51,134.24,138.75,150.33,144.44,145.55,131.36,131.37,132.15,131.37,132.15,132.15,132.15,132.15,132.15,113.98,113.98,113.98,150.33,83.22,122.95
2025/02/10,105.62,81,80.92,80.73,80.85,81,88.04,108.96,142.19,154.52,157.07,152,130.3,132.55,130.3,130.3,141.24,132.79,131.3,130,125.85,113.9,132.55,113.9,157.07,80.73,121.71
2025/02/09,103.41,99.27,99.08,82.99,82.99,98.46,99.15,102.61,103.48,103.74,106.34,103.74,104.56,103.74,103.64,102.95,103.74,106.23,111.85,108.84,103.48,103.48,103.48,103.48,111.85,82.99,101.95
2025/02/08,113.07,112.79,99.34,98.79,98.67,101.6,112.3,113.49,115.53,132.78,134.8,134.8,127.28,127.28,115.54,115.54,124.41,115.55,142.05,132.49,128.31,114.24,113.56,114.88,142.05,98.67,118.5
2025/02/07,112.43,101.97,98.56,98.14,98.13,98.55,111.77,113.73,136.65,159.17,149.17,142.6,131.72,136.2,136.43,151.02,136.65,136.65,134.8,131.51,130.1,129.66,129.78,128.8,159.17,98.13,127.86
2025/02/06,105.98,97.98,97.72,84.44,95.69,98.29,105.34,114.59,141.12,154.52,153.3,134.44,131.17,133.22,139.76,132.8,142.19,133.51,134,126.08,131.93,112.51,102.23,107.9,154.52,84.44,122.95
2025/02/05,106.94,96.77,84.44,84.44,84.44,98.11,109.77,111.86,139.87,148.18,150.83,138.84,132.35,133.91,133.58,142,133.58,132.24,132.24,127.04,131.1,112.43,105.93,105.7,150.83,84.44,121.72
2025/02/04,105.07,102.15,84.44,84.44,84.44,102.15,99.28,129.79,134.8,236.55,159.36,133.78,130.6,133.52,133.77,141.76,134.09,134.15,134.57,134.57,134.8,130.01,130.02,113.79,236.55,84.44,129.28
2025/02/03,102.15,80.55,80.55,80.55,80.55,80.55,86.78,109.48,142.19,157.57,151.41,133.91,133.05,133.58,131.32,132.92,132.92,132.92,133.91,133.91,114.52,102.78,99.72,99.16,157.57,80.55,118.04
2025/02/02,96.38,82.91,82,81.27,81.27,81.4,82.94,82.94,95.27,98.13,100.7,100.74,100.59,100.74,106.29,106.3,105.9,106.21,105.96,100.74,100.74,99.79,98.13,97.32,106.3,81.27,95.84
2025/02/01,103.21,98.71,82.77,82.77,82.77,82.77,84.47,84.47,99.51,105.95,132.56,151.16,113.57,110.31,104.88,104.97,105.01,103.66,103.6,103.41,103.23,100.17,99.92,100.37,151.16,82.77,102.27
2025/01/31,115.34,81.96,81.79,81.06,81.13,81.96,101.63,108.27,151.51,164.38,155.33,150.48,136.63,138.88,136.63,136.63,136.36,133.09,133.17,132.45,138.58,114.6,116.3,107.33,164.38,81.06,123.8
2025/01/30,97.63,85.81,81.14,79.87,79.87,97.63,97.63,97.63,97.63,107.7,109.31,109.28,109.39,103.7,98.47,76.68,98.42,104.3,104.62,104.62,104.62,104.62,104.44,104.46,109.39,76.68,98.51
2025/01/29,95.74,77.88,77.07,77.07,77.07,77.07,80.07,80.07,77.49,76.68,70.92,70.92,6.69,70.92,70.92,70.92,76.68,96.71,97.63,97.63,97.63,97.63,97.63,97.63,97.63,6.69,81.06
2025/01/28,96.06,82.26,80.92,80.92,80.92,81.77,83.35,83.35,80.33,79.87,78.51,78.51,78.51,78.51,78.51,79.87,80.33,80.33,88.53,88.53,88.53,88.53,88.53,88.53,96.06,78.51,83.28
2025/01/27,96.72,85.16,80.92,80.92,80.92,100.11,104.21,108.26,118.3,139.36,142.98,154.93,141.33,134.23,133.68,132.51,132.51,133.24,139.35,132.52,118.3,121.62,114.25,104.6,154.93,80.92,118.67
2025/01/26,118.27,86.29,82.74,80.92,80.92,81.1,83.08,98.48,106.56,117.72,147.05,139.37,118.64,120.92,120.95,117.62,117.62,117.45,117.73,117.72,116.4,116.3,117.07,115.88,147.05,80.92,109.97
2025/01/25,128.85,100.77,107.38,101.33,99.39,101.37,117.4,116.26,118.79,135.88,151.24,146.35,128.48,116.6,116.05,115.78,120.95,138.61,138.62,138.62,117.84,117.49,116.97,116.47,151.24,99.39,121.13
2025/01/24,118.47,107.85,102.41,101.78,101.95,102.31,108.61,129.7,138.86,156.44,153.54,142.93,137.04,137.04,138.58,137.04,138.87,136.74,139.43,132.84,118.77,108.61,118.47,132.76,156.44,101.78,127.78
2025/01/23,108.39,101.62,101.62,83.71,101.44,101.86,106.57,129.7,141.34,151.45,143.52,143.25,136.55,144.22,138.59,136.77,138.88,136.77,136.76,136.77,136.77,118.47,118.47,114.83,151.45,83.71,126.56
2025/01/22,110.11,102.03,101.71,101.84,102.03,106.56,107.39,138.88,144.95,156.44,155.89,148.76,138.69,138.77,138.77,145.89,138.77,137.09,136.82,138.98,138.59,121.72,115.48,114.68,156.44,101.71,129.85
2025/01/21,107.71,102.01,102.01,101.75,101.93,102.33,113.13,129.58,145.23,166.26,152.35,146.53,136.7,137.42,137.42,137.72,138.58,138.62,136.71,136.72,136.44,131.72,129.07,129.58,166.26,101.75,130.53
2025/01/20,117.61,80.3,80.3,80.3,80.3,95.31,101.84,116.05,138.59,153.41,165.68,164.5,138.62,138.62,138.62,138.59,138.62,138.59,136.63,136.56,132.06,138.57,117.41,116.84,165.68,80.3,127.33
2025/01/19,103.36,102.52,102.55,102.14,96.06,84,102.38,103.35,108.18,109.15,109.09,108.99,133.53,106.71,108.94,108.99,109.04,118.06,139.27,119.11,113.44,107.74,108.38,108.4,139.27,84,109.09
2025/01/18,107.96,106.03,102.25,102.47,102.11,102.75,107.33,107.74,117.54,138.53,118.72,118.4,117.24,117.18,117.63,117.18,117.66,117.54,118.45,118.12,116.45,107.63,107.63,107.96,138.53,102.11,112.95
2025/01/17,108.26,115.79,102,101.75,102,106.5,111.06,138.88,142.97,158.68,143.17,145.73,136.23,136.23,138.88,138.88,145.73,145.99,138.57,136.15,133.56,129.2,115.62,114.61,158.68,101.75,129.79
2025/01/16,108.07,106.76,106.34,101.97,106.76,102.05,105.25,136.78,144.48,157.34,156.67,148.76,139.15,139.28,139.28,139.28,139.29,138.58,138.38,138.98,138.57,136.78,114.49,114.7,157.34,101.97,130.51
2025/01/15,128.59,106.11,102,101.52,101.58,101.97,102.14,131.65,141.81,148.19,142.18,142.18,136.98,137.29,138.86,138.59,156.35,138.73,137.18,137.01,136.24,121.82,118.14,121.32,156.35,101.52,129.35
2025/01/14,108.13,104.61,101.75,101.79,101.7,101.79,107.34,136.77,146.51,154.09,147.33,146.13,138.8,139.21,139.21,139.21,139.22,139.22,136.79,136.51,136.77,136.77,136.77,114.59,154.09,101.7,130.31
2025/01/13,110.94,102.02,101.76,97.74,97.74,97.74,113.34,114.47,138.59,165.24,152.63,156.44,138.26,138.58,138.58,138.58,152.65,138.58,138.57,138.59,138.57,136.77,138.49,114.88,165.24,97.74,131.27
2025/01/12,111.15,111.8,111.82,97.63,98.55,102.64,103,103.19,111.74,117.03,118.12,118.07,117.91,117.29,117.36,116.96,116.74,118.07,118.12,118.12,116.06,108.64,111.74,107.81,118.12,97.63,112.14
2025/01/11,114.96,106.45,102.74,102.74,102.74,106.12,106.52,117.4,118.75,136.42,136.41,138.53,136.38,136.38,136.37,134.11,134.11,131.93,132.87,132.87,131.18,116.1,116.56,115.23,138.53,102.74,122.72
2025/01/10,124.44,112.6,106.2,101.97,101.97,112.52,117.05,138.02,147.83,163.15,147.2,147.33,140.19,140.26,144,140.85,156.37,139.21,139.21,139.21,139.21,132.81,133.06,138.49,163.15,101.97,134.73
2025/01/09,108.07,109.23,101.97,101.97,101.97,106.76,107.55,118.54,144,161.72,147.95,147.07,139.15,143.38,143.63,148.66,144.05,146.14,138.36,138.59,136.6,136.53,134.24,134.24,161.72,101.97,132.78
2025/01/08,85.04,81.97,81.97,81.97,81.97,81.97,83.37,112.78,140.44,161.72,159.39,133.25,133.25,133.13,133.25,160.86,136.76,133.33,133.42,134.61,126.52,116.06,120.82,121,161.72,81.97,122.01
2025/01/07,96.87,82.03,82.03,82.03,82.03,82.03,87.46,114.52,127.47,156.92,146.26,146.26,132.67,132.67,138.58,136.77,128.39,124.33,125.58,125.58,103.32,102.35,97.74,97.74,156.92,82.03,115.69
2025/01/06,77.42,76.17,76.17,75.75,76.17,76.17,78.81,97.66,128.09,136.72,128.4,128.09,127.47,127.47,122.7,126.84,126.84,126.84,128.32,124.77,103.32,102.35,97.52,100.11,136.72,75.75,109.44
2025/01/05,86.97,78.2,77.07,77.07,77.07,77.07,77.51,77.51,79.21,80.05,83.22,83.16,83.16,83.59,83.59,88.85,87.71,88.96,88.96,88.96,88.96,88.39,88.39,88.96,88.96,77.07,83.66
2025/01/04,97.77,81.76,81.12,81.12,81.12,81.12,97.37,98.47,98.78,119.65,119.65,98.16,0,0,97.98,97.94,97.94,98.78,98.68,98.07,98.78,98.78,97.37,97.69,119.65,0,89.28
2025/01/03,84.69,81.32,81.06,81.06,81.06,81.06,87.47,115.29,138.49,166.56,155.47,146,134.16,134.04,133.95,133.95,132.19,128.32,128.32,128.32,103.38,102.21,88.96,88.96,166.56,81.06,116.2
2025/01/02,84.81,80.83,80.83,80.83,80.83,80.83,87.52,97.7,128.32,151.16,157.97,134.12,133.99,133.91,133.78,138.86,133.91,133.99,128.32,115.58,113.77,103.23,102.26,96.87,157.97,80.83,115.76
2025/01/01,81.99,78.61,78.61,78.61,78.61,78.61,79.74,79.74,77.32,76,71.2,71.2,0,6.85,71.2,71.33,84.92,96.78,96.78,97,97.02,97.63,97.63,97.08,97.63,0,78.68
2024/12/31,84.86,81.4,80.48,80.48,80.48,80.48,83.85,92.53,142.95,158.05,131.37,127.59,122.66,122.66,122.66,122.66,122.85,122.99,123.06,109.49,92.53,92.53,92.53,92.53,158.05,80.48,108.15
2024/12/30,81.11,79.03,79.03,79.03,79.03,79.03,81.11,92.64,142.95,164.91,160.05,154.79,137.81,137.72,137.63,157.72,137.16,141.2,132.59,122.57,115.43,92.96,92.64,92.64,164.91,79.03,118.73
2024/12/29,92.11,83.88,82.48,81.64,81.8,82.48,83.88,83.88,83.88,79.8,79.14,78.55,73.69,78.55,78.43,80.13,83.88,93.56,93.56,93.56,93.56,93.56,93.56,93.56,93.56,73.69,85.51
2024/12/28,91.9,90.72,87.23,84.67,84.67,86.62,92.88,93.83,93.83,93.83,93.83,93.83,93.31,93.22,92.85,92.96,93.83,93.83,93.83,93.83,93.83,93.83,93.83,93.83,93.83,84.67,92.19
2024/12/27,88.68,81.71,81.71,81.71,81.71,81.71,84.57,116.29,143,150.71,140.42,142.45,136.93,143.06,136.73,150.82,136.73,128.83,128.76,120.02,109.49,92.27,92.04,93.12,150.82,81.71,116.57
2024/12/26,92.17,91.09,81.25,81.25,81.25,91.55,92.64,120.3,143.7,164.06,168.78,158.68,143.62,136.95,136.95,143.07,136.62,133.71,132.59,122.94,115.32,92.62,92.62,92.64,168.78,81.25,121.42
2024/12/25,103.43,92.54,92.15,91.63,91.82,91.89,92.38,117.23,118.82,123.24,145.72,143.84,118.83,118.83,118.81,118.81,118.83,118.84,118.37,116.07,102.67,102.3,102,102.17,145.72,91.63,110.88
2024/12/24,102.27,91.67,91.67,91.5,91.67,96.57,102.02,141.2,144.78,166.22,159.95,144.76,141.22,143.01,143.4,144.52,143.19,143.5,143.5,141.2,121.77,101.09,101.5,101.98,166.22,91.5,126.51
2024/12/23,122.02,91.2,89.11,89.11,88.64,91.59,92.32,113.79,157.38,172.49,161.61,154.54,142.92,143.03,143.1,144.36,143.03,141.68,143.23,143.23,135.95,118.47,118.41,102.62,172.49,88.64,129.42
2024/12/22,98.4,84.54,84.54,84.54,84.54,84.57,92.3,92.97,93.03,120.68,93.2,105.57,105.05,105.17,93.2,92.95,105.13,105.8,105.8,105.81,105.44,103.69,103.71,93.61,120.68,84.54,97.84
2024/12/21,92.76,91.88,91.69,81.69,81.69,83.01,92.32,101.7,102.5,107.95,143.04,143.27,102.27,102.4,102.48,102.32,102.36,102.5,102.51,108.57,108.51,93.22,93.06,93.22,143.27,81.69,101.38
2024/12/20,102.92,91.52,91.11,82.33,91.19,91.48,101.64,117.2,151.31,163.56,158.24,158.21,142.63,142.79,158.23,167.14,142.8,142.52,138.23,136.54,133.1,114.93,101.28,116.45,167.14,82.33,128.94
2024/12/19,102.64,91.57,91.28,82.66,91.17,91.87,111.76,116.28,143.33,172.12,162.3,153.47,141.85,142,143.33,145.85,143.57,143.33,141.73,141.2,135.81,120.02,107.98,110.54,172.12,82.66,128.02
2024/12/18,92.1,91.34,91.12,82.13,82.13,92.08,111.76,116.6,143.61,230.82,151.02,144.41,141.47,141.46,141.46,141.47,141.47,141.19,141.2,136.48,141.19,120.77,114.78,115.08,230.82,82.13,129.39
2024/12/17,93.08,84.67,82.02,82.02,82.02,91.56,96.54,141.2,145.49,145.88,145.85,145.84,140.86,142.35,143.81,145.83,142.3,140.86,142.22,137.95,141.19,119.76,101.93,100.84,145.88,82.02,124.52
2024/12/16,111.06,99.87,80.38,80.34,80.38,111.41,100.92,134.1,146.9,170.67,146.9,146.9,141.23,146.9,161.49,146.9,143.41,142.79,140.34,139.4,136.34,135.78,141.2,116.31,170.67,80.34,131.87
2024/12/15,98.4,83.15,83.15,82.32,82.32,83.15,92.18,96.58,111.86,102.33,133.48,133.67,133.67,133.67,133.67,102.56,102.85,110.46,110.63,110.98,102.86,111.16,102.38,102.39,133.67,82.32,105.73
2024/12/14,103.49,92.66,92.12,91.67,91.7,92.25,96.32,101.03,103.13,103.09,103.11,103.24,99.57,102.76,102.78,103.37,103.87,103.61,103.93,103.38,103.38,102.84,102.95,101.51,103.93,91.67,100.41
2024/12/13,108.02,98.56,91.58,91.13,91.66,111.58,101.9,141.19,154.1,166.91,154.01,143.07,136.22,137.27,137.22,141.99,143.08,142.66,142.66,141.2,117.27,123.01,141.19,111.93,166.91,91.13,129.67
2024/12/12,102.61,91.54,91.61,91.18,91.52,91.71,112.75,120.77,158.57,158.57,162.48,156.04,137.8,137.72,137.72,137.72,156.04,145.72,142.66,143.07,136.02,122.66,122.66,116.35,162.48,91.18,129.52
2024/12/11,111.93,83.43,82.1,82.1,82.1,91.46,106.25,121.62,153.64,156.04,159.67,153.64,137.97,143.06,143.07,158.57,153.64,143.4,143.41,137,136.09,112.28,120.02,118.32,159.67,82.1,128.36
2024/12/10,106.1,82.77,80.77,80.77,80.77,91.53,93.38,146.28,147.99,147.99,160.16,147.13,138.02,146.33,147.13,158.57,148.06,147.99,141.64,136.87,136.23,141.19,122.66,120.16,160.16,80.77,129.2
2024/12/09,86.15,80.35,80.35,80.35,80.35,80.35,85.17,121.98,160.21,171.9,161.16,147.95,136.67,136.67,144.44,136.67,136.67,136.67,133.7,124.07,122.5,132.52,106.25,101.66,171.9,80.35,123.25
2024/12/08,92.06,83.18,83.18,80.94,82.17,83.18,92.11,92.15,92.15,80.59,89.43,80.24,6.19,76.67,80.24,80.59,91.86,103.84,103.84,103.84,103.85,103.85,103.49,93.61,103.85,6.19,87.96
2024/12/07,92.89,88.87,86.59,84.71,84.71,87.13,92.29,93.19,93.19,93.19,102.61,119.14,108.36,108.45,102.3,102.18,103.18,103.18,102.62,102.62,102.27,93.19,93.19,93.19,119.14,84.71,97.34
2024/12/06,97.79,81.98,80.52,80.52,80.52,86.67,100.92,116.28,143.43,143.08,152.11,139.91,122.78,122.78,122.78,141.19,143.06,133.12,118.54,121.84,116.76,112.75,101.62,110.17,152.11,80.52,117.24
2024/12/05,92.2,91.12,86.17,86.17,86.17,91.56,101,120.77,141.63,143.43,151.16,143.4,137.36,137.21,137.29,143.07,142.66,141.2,132.61,122.66,133.51,120.77,120.02,104.26,151.16,86.17,123
2024/12/04,112.45,80.66,80.52,80.52,80.52,82.56,115.9,116.1,143.4,144.2,143.4,142.44,144.53,137.27,138.26,143.07,143.4,143.04,142.66,142.32,142.95,121.84,116.06,107.27,144.53,80.52,124.86
2024/12/03,112.75,81.13,80.38,80.03,80.22,81.13,89.86,117.15,152.53,143.03,156.04,139.6,118.13,123.75,123.75,143,123.96,123.96,118.15,118.15,116.26,112.28,102.68,98.77,156.04,80.03,115.59
2024/12/02,97.41,80.17,80.17,80.17,80.17,80.7,84.16,101.85,143.01,166.29,155.33,144.04,137.97,143.06,158.57,158.18,156.04,142.98,137.98,142.98,120.02,112.36,101.29,101.83,166.29,80.17,124.32
2024/12/01,97.81,91.76,84.46,84.46,84.46,88.94,107.71,97.81,107.71,104,104.06,104.2,103.78,92.89,93.02,104.15,104.51,107.71,107.71,107.71,107.71,104.2,101.34,107.71,107.71,84.46,100.27
2024/11/30,106.78,96.65,87.96,87.46,87.45,96.65,103.28,109.78,109.78,111.63,112,108.43,107.87,107.38,104.62,107.32,107.87,107.87,107.87,107.88,107.54,106.78,104.84,103.97,112,87.45,104.27
2024/11/29,107.7,101.87,87.57,87.18,87.61,101.98,106.29,111.33,137.97,152.33,151.87,154.15,138.78,155.82,153.84,138.78,138.72,137.92,137.92,137.92,114.22,106.56,107.2,104.46,155.82,87.18,125.17
2024/11/28,111.21,102.96,91.06,87.57,101.43,102.75,105.8,117.04,137.98,137.97,156.16,144.56,137.98,137.98,137.97,137.92,137.1,136.92,135.58,137.81,130.65,127.98,117.24,117.24,156.16,87.57,126.14
2024/11/27,107.59,102,87.49,87.08,87.48,102,105.8,127.27,137.94,137.92,137.98,136.37,136.19,136.37,136.37,136.37,136.37,136.37,136.1,131.36,116.98,114.75,106.62,106.62,137.98,87.08,121.68
2024/11/26,114.88,91.94,87.57,87.47,91.94,102.32,104.01,106.76,140.74,154.83,158.56,137.88,131.51,131.42,135.27,137.94,137.97,135.27,135.26,131.14,117.78,114.22,104.85,113.03,158.56,87.47,122.76
2024/11/25,91.51,79.45,79.45,79.45,79.45,79.45,90.49,107.53,117.26,117.26,137.61,135.26,116.8,116.8,116.8,116.8,137.95,116.8,117.26,112.14,106.76,106.69,106.5,114.94,137.95,79.45,109.32
2024/11/24,106.64,87.95,85.2,85.2,85.2,87.95,101.19,106.64,107.03,91.88,112.08,105.82,0,78.4,78.4,87.55,91.52,108.84,108.85,108.85,108.85,108.49,101.37,101.2,112.08,0,94.66
2024/11/23,103.68,101.97,87.86,87.79,87.87,93.03,117.14,117.14,117.24,113.57,91.3,110.2,0,78.38,90.67,88.5,112.24,116.69,116.82,112.24,112.24,101.33,101.33,101.33,117.24,0,99.35
2024/11/22,112.14,87.79,87.13,87.05,87.24,87.79,107.05,117.78,130.73,117.62,117.52,117.47,115.31,116.87,117.26,117.26,117.37,117.47,117.43,113.31,107.05,106.47,112.14,116.73,130.73,87.05,110.38
2024/11/21,106.74,87.43,87.16,87.27,87.06,87.6,107.37,107.29,137.88,150.52,137.89,117.01,117.01,116.96,137.63,127.32,137.63,137.87,127.44,117.26,107.87,107.87,107.87,107.87,150.52,87.06,115.92
2024/11/20,106.74,83.22,82.85,82.96,82.99,106.21,117.98,117.98,141.65,159.13,141.65,131.98,131.79,131.55,137.63,131.51,137.64,135.7,135.7,108.72,106.69,104.48,103.5,103.5,159.13,82.85,118.99
2024/11/19,114.94,90.49,90.49,79.76,79.76,110.99,110.99,118.08,137.61,137.88,147.19,131.65,131.65,131.65,131.65,131.65,131.66,137.62,127.68,117.67,110.99,104.46,104.46,110.99,147.19,79.76,118.77
2024/11/18,93.45,78.12,78.12,78.12,78.12,78.12,104.24,115.82,117.78,117.78,107.12,106.86,103.8,114.94,117.47,117.47,117.47,117.47,117.78,117.78,107.4,107.01,107.01,105.25,117.78,78.12,105.96
2024/11/17,105.01,87.01,82.89,81.53,82.89,87.81,105.06,93.24,88.1,88.02,88.61,88.69,114.27,88.3,88.23,114.27,114.27,116.06,114.27,114.27,114.21,105.03,105.01,105.01,116.06,81.53,99.52
2024/11/16,90.81,87.47,82.08,80.6,80.6,84.63,94.01,94.86,94.05,94.38,94.62,93.99,90.81,90.92,78.38,80.6,88.62,89.48,90.81,90.81,90.85,89.48,89.48,89.48,94.86,78.38,88.88
2024/11/15,91.51,87.07,87.1,87.15,87.18,87.76,112.48,114.22,116.84,116.58,116.58,116.51,108.92,116.38,147.26,131.48,116.38,116.51,116.78,116.78,107.42,106.79,104.58,113,147.26,87.07,110.43
2024/11/14,103.76,87.57,83.4,85.3,87.57,102.76,116.73,116.73,147.26,147.26,147.26,132.31,132.31,132.31,147.26,147.26,147.26,139.97,132.32,116.98,116.98,116.98,106.52,105.55,147.26,83.4,122.38
2024/11/13,114.22,102.07,102.01,101.9,102.07,103.34,114.22,131.31,147.26,131.32,131.38,131.23,116.38,116.38,116.31,116.38,147.26,123.4,131.47,131.43,117.04,117.04,107,106.74,147.26,101.9,119.85
2024/11/12,107.15,89.73,89.53,89.53,89.62,92.21,117.44,117.24,147.26,147.26,131.37,115.63,105.73,110.38,112.83,115.58,116.58,123.4,123.33,117.04,117.17,107.22,104.38,114.22,147.26,89.53,113.49
2024/11/11,92.37,78.05,78.05,78.05,78.05,90.5,87.98,106.8,116.84,131.57,143.05,131.54,141.81,131.51,131.54,137.94,131.54,131.54,131.57,116.84,113.76,113,106.61,106.61,143.05,78.05,114.95
2024/11/10,98.1,78.4,78.4,78.4,78.4,78.4,80.24,90.77,90.68,92.45,92.24,114.99,92,114.27,92,114.6,114.99,114.99,114.99,114.99,114.99,114.94,92.24,92.45,114.99,78.4,98.14
2024/11/09,113.22,88.17,87.58,80.28,80.28,87.55,88.34,93.07,93.07,105.86,105.84,105.61,105.82,105.81,104.82,105.64,105.25,105.73,105.85,105.86,104.28,92.08,92.29,92.29,113.22,80.28,98.15
2024/11/08,110.09,89.57,89.57,89.57,89.57,102.17,111.71,114.22,117.51,131.58,137.88,132.64,132.64,137.9,148.44,149.56,137.92,132.65,117.17,117.17,116.73,107.15,117.44,106.94,149.56,89.57,118.9
2024/11/07,103.65,89.39,89.39,89.48,89.48,102.16,114.48,107.74,117.84,136.21,155.07,136.87,116.13,116.84,116.84,116.84,151.02,137.03,117.44,117.51,114.94,107.66,111.71,104.64,155.07,89.39,115.89
2024/11/06,103.68,87.6,87.6,87.42,87.56,92.08,115.73,116.58,131.58,137.89,151.45,135.76,116.2,117.11,117.11,117.11,117.26,127.56,117.52,117.52,117.53,113.81,113.61,109.09,151.45,87.42,114.81
2024/11/05,103.72,92.74,87.46,87.49,87.52,102.64,104.21,106.62,117.37,136.94,136.94,136.94,136.94,137.63,137.63,136.87,136.13,131.98,132.17,127.56,127.62,107.46,105.14,104.95,137.63,87.46,118.98
2024/11/04,103.98,87.53,87.42,86.95,87.27,102.49,104.14,115.78,131.3,149.56,137.97,134.96,116.58,116.58,131.3,131.4,131.35,127.26,127.32,116.78,116.73,106.73,106.56,104.12,149.56,86.95,116.79
2024/11/03,106.63,92.24,87.58,87.11,87.42,92.45,92.45,92.7,104.63,104.63,104.63,104,0,87.3,104.57,104.57,108.6,109.96,109.97,109.97,109.58,108.46,108.85,105.6,109.97,0,97.93
2024/11/02,104.31,103.05,102.64,87.43,102.83,103.18,103.81,104.3,107.25,107.89,116.19,148.12,107.6,107.6,107.52,107.68,107.3,107.95,108.08,108.14,108.2,106.76,106.85,104.76,148.12,87.43,107.4
2024/11/01,112.58,103.44,102.83,91.75,101.85,103.45,106.6,131.3,151.13,150.53,145.71,135.22,116.31,113.82,114.22,113,131.17,131.26,131.26,107.08,103.42,103.42,103.42,103.42,151.13,91.75,117.9
2024/10/31,100.68,92.24,91.76,91.77,92.21,99.85,100.65,105.16,139.28,139.33,140.45,133.11,104.87,128.34,147.98,152.55,139.33,135.29,135.3,135.3,130.87,132.91,105.14,105.14,152.55,91.76,121.21
2024/10/30,101.81,76.9,77.3,78.08,99.38,87.14,100.42,109.13,139.31,117.02,116.97,109.93,100.4,100.58,110.68,109.06,116.86,117.02,117.12,116.32,117.33,100.89,116.03,111.96,139.31,76.9,107.08
2024/10/29,107.71,92.37,92.33,92.07,92.27,92.37,113.39,117.8,139.29,139.33,143.15,138.92,138.71,138.9,139.33,138.92,138.93,138.93,138.7,133.7,133.8,139.26,116.36,116.51,143.15,92.07,125.49
2024/10/28,75.66,75.64,75.64,75.64,76.87,75.64,92.8,132.89,139.32,145.25,137.78,148.3,137.6,148.01,155.57,139.32,137.77,137.77,137.54,133.86,133.86,133.86,116.6,103.96,155.57,75.64,122.79
2024/10/27,85.46,76.89,76.21,76.21,76.21,76.21,77.04,94.15,94.15,101.19,103.58,117.34,133.35,103.31,101.01,101.07,101.12,101.14,101.14,101.14,98.47,94.15,93.92,83.19,133.35,76.21,94.84
2024/10/26,93.31,92.62,77.5,77.5,77.5,77.69,92.8,93.24,93.31,104.72,111.88,133.33,104.17,102.59,101.05,100.07,102.8,102.86,106.82,106.44,106.47,93.31,93.31,93.31,133.33,77.5,97.45
2024/10/25,92.43,92.23,92.23,92.1,92.23,92.43,101.06,101.28,138.32,139.24,160.56,133.16,115.44,139.59,155.39,155.39,150.74,154.88,154.09,132.9,105.94,101.22,101.02,101.05,160.56,92.1,121.9
2024/10/24,92.57,92.37,92.14,91.93,92.05,92.26,102.6,102.82,106.46,138.05,139.33,129.46,128.35,129.12,132.92,135.75,135.75,135.84,135.98,136.08,106.45,106.45,106.46,100.62,139.33,91.93,116.12
2024/10/23,100.23,92.35,92.27,92.19,92.35,100.25,100.25,106.54,139.66,139.61,137.85,139.58,106.51,133.19,139.59,134.74,134.74,139.6,139.33,134.75,133.2,106.56,104.94,105.29,139.66,92.19,119.94
2024/10/22,105.75,105.75,92.4,91.94,92.14,105.75,106.94,106.94,137.72,138.92,148.56,147.17,138.73,147.86,146.83,146.46,138.92,138.89,138.69,133.8,133.72,106.92,99.86,99.86,148.56,91.94,124.78
2024/10/21,94.05,85.16,83.75,85.16,85.16,89.61,105.58,105.7,139.32,139.33,139.33,138.75,138.5,138.74,139.99,139.99,139.99,139.99,138.51,134.19,134,105.63,126.29,105.16,139.99,83.75,122.47
2024/10/20,92.73,92.73,92.07,77.76,79.4,92.21,92.73,92.66,92.73,92.73,92.73,92.52,87.04,92.66,101.22,101.34,109.09,108.58,109.15,109.15,101.7,101.75,100.72,100.72,109.15,77.76,96.62
2024/10/19,100.85,92.95,92.56,85.47,85.64,92.7,93.02,93.02,101.26,110.96,112.04,112.03,110.89,101.75,101.35,101.36,101.36,101.99,139.29,139.29,102.23,99.11,93.02,93.02,139.29,85.47,102.82
2024/10/18,116.77,104.4,104.46,98.74,104.46,104.46,104.77,105.64,141.78,142.24,142.24,142.9,138.17,143.55,143.57,143.57,152.67,141.4,141.66,134.37,139.7,105.58,105.37,105.11,152.67,98.74,126.98
2024/10/17,101.52,92.34,92.29,92.27,92.34,100.76,101.05,125.6,138.75,141.09,141.08,141.05,140.76,141.07,141.07,141.05,141.08,138.69,140.8,140.8,135.86,129.25,105.24,105.24,141.09,92.27,124.86
2024/10/16,100.68,92.35,92.35,92.14,92.35,106.1,106.97,116.76,138.66,138.68,154.49,138.67,133.51,138.67,138.67,138.67,145.28,145.41,145.53,145.3,135.21,125.4,128.3,106.97,154.49,92.14,126.25
2024/10/15,105.26,104.02,104.02,100.48,100.48,104.64,105.11,119.52,139.78,139.64,139.66,139.67,120.39,139.73,140.51,142.64,142.64,142.64,142.64,140.52,140.5,134.93,134.93,129.17,142.64,100.48,128.48
2024/10/14,100.91,92.02,86.58,86.58,86.58,86.58,92.74,105.19,137.39,161.25,140.64,140.63,137.7,140.52,140.57,148.44,150.11,140.62,140.64,137.7,137.16,136.67,130.5,105.28,161.25,86.58,126.37
2024/10/13,103.27,99.54,91.83,83.33,92.33,105.76,108.25,105.25,92.37,92.52,92.52,92.38,92.22,92.45,92.29,92.51,92.51,101.67,105.94,105.95,105.88,103.12,103.12,101.9,108.25,83.33,98.32
2024/10/12,105.62,103.11,103.41,103.44,103.44,103.36,105.62,100.48,100.2,100.24,106.59,106.58,106.44,105.67,100.09,105.82,105.88,106.6,107.29,107.36,107.36,106.72,106.72,106.72,107.36,100.09,104.85
2024/10/11,105.18,105.04,105.08,104.64,105.01,105.49,105.35,106.21,137.96,141.15,141.15,140.95,140.81,141.13,150.58,150.58,140.92,137.96,137.95,134.35,134.35,136.86,126.87,106.13,150.58,104.64,127.74
2024/10/10,102.43,92.04,92.09,77.02,77.02,92.54,95.66,100.75,128.48,140.26,140.25,140.2,134.76,140.23,140.23,140.02,140.09,140.24,140.24,140.02,134.54,129.37,124.12,111.07,140.26,77.02,122.49
2024/10/09,100.32,99.84,99.16,95.03,98,98.76,100.39,100.67,121.48,138.97,138.97,142.14,138.88,138.85,139.4,151.88,138.97,138.75,139.38,139.4,134.6,129.82,127.37,105.51,151.88,95.03,123.77
2024/10/08,105.11,104.26,104.26,103.64,104.03,104.26,104.69,129.58,138.66,138.65,135.45,135.31,122.21,135.07,135.51,140.55,140.55,140.55,140.55,135.53,129.58,128.3,120.43,114.34,140.55,103.64,125.44
2024/10/07,92.47,92.47,92.2,91.96,92.26,92.24,97.64,100.67,160.52,160.52,141.26,141.11,137.92,139.2,139.23,139.16,139.27,139.27,139.06,139.26,138.36,134.48,120.89,114.68,160.52,91.96,126.62
2024/10/06,83.42,79.1,77.26,76.01,76.01,77.73,78.46,76.01,76.01,76.01,92.66,92.89,93.34,101.96,102.02,101.58,101.71,102.03,102.04,102.05,102.05,101.76,93.35,93.25,102.05,76.01,90.59
2024/10/05,100.35,95.45,92.23,84.94,95.28,95.33,98.63,96.09,101.49,101.14,101.25,137.05,100.91,100.9,100.78,100.99,100.91,101.31,105.75,105.75,105.75,105.67,101.73,101.73,137.05,84.94,101.31
2024/10/04,100.68,78.12,78.12,78.12,78.12,78.24,92.72,105.97,123.46,136.94,139.28,136.94,127.13,127.69,130.36,130.36,139.44,139.44,136.94,128.58,105.93,100.96,100.96,100.76,139.44,78.12,114.36
2024/10/03,92.46,92.4,91.88,87.04,91.66,92.4,92.46,101.05,123.06,137.43,140.72,140.08,135.61,135.6,135.61,135.61,129.06,120.8,121.16,106.16,106.16,101.05,101.06,100.64,140.72,87.04,114.12
2024/10/02,105.41,98.22,98.22,98.32,98.32,103.6,105.41,129.24,139.3,152.32,152.32,139.28,137.89,139.25,139.27,141.38,141.38,141.38,144.08,144.08,135.44,128.59,128.3,113.21,152.32,98.22,128.73
2024/10/01,106.02,95.8,95.5,92.19,95.5,95.89,106.03,137.32,137.36,139.92,140.32,140.33,140.16,140.33,140.32,140.33,140.33,139.32,139.92,139.92,137.36,137.32,128.91,107.21,140.33,92.19,126.95
2024/09/30,107.11,92.82,92.5,92.21,92.41,92.73,106.4,106.9,142.73,142.76,145.72,145.7,142.75,149.89,149.89,149.89,149.89,145.7,145.72,142.76,142.5,139.3,141.64,121.75,149.89,92.21,131.12
2024/09/29,106.35,92.55,92.55,92.55,92.33,92.55,92.55,104.13,105.27,107.71,107.71,107.65,107.65,107.65,107.65,116.06,116.06,145.61,146.02,146.22,142.05,116.2,107.71,107.71,146.22,92.33,112.03
2024/09/28,114.2,107.21,107.22,106.77,106.32,107.02,107.22,107.21,107.18,132.33,140.72,139.97,139.77,141.74,152.33,146.93,146.93,146.93,146.94,144.72,144.51,141.38,134.21,107.19,152.33,106.32,129.14
2024/09/27,106.69,106.7,106.7,106.34,106.57,106.72,131.93,156,144.66,144.27,152.82,149.09,144.06,152.2,149.68,147.2,146.84,146.84,146.84,146.84,146.84,144.66,136.64,130.21,156,106.34,137.22
2024/09/26,106.93,106.94,106.53,105.24,106.42,106.86,106.95,156.6,156.46,156.47,156.47,146.71,146.49,146.71,146.7,144.25,144.25,146.82,146.82,144.27,144.27,144.89,139.19,106.95,156.6,105.24,135.7
2024/09/25,107.05,107.43,106.43,106.2,106.17,106.4,107.44,158.06,131.78,144.32,144.58,144.56,144.45,144.58,147.07,147.07,147.07,147.21,147.21,143.8,140.36,133.54,133.66,107.4,158.06,106.17,132.81
2024/09/24,107.11,107.12,105.88,105.54,105.68,106.74,107.14,107.11,145.52,149.38,152.33,149.34,146.78,149.31,149.31,149.31,146.69,146.69,144.81,144.81,144.81,139.96,138.4,107.09,152.33,105.54,133.5
2024/09/23,131.98,106.57,106.57,106.57,106.57,106.57,106.57,141.99,142.65,147.22,147.67,147.58,147.6,153.67,163.31,155.37,154.69,148.4,148.43,147.67,144.76,144.05,142.56,142.65,163.31,106.57,139.5
2024/09/22,137.35,115.03,111.72,111.72,111.72,111.72,113.26,140.39,143.63,143.63,143.63,144.36,144.35,151.56,144.38,152.29,144.38,144.38,144.38,151.01,144.36,143.63,142.04,138.97,152.29,111.72,137.18
2024/09/21,142.31,137.52,137.46,107.06,107.06,107.06,107.05,141.94,147.92,149.8,152.75,150.44,144.99,144.99,144.99,142.94,142.88,142.94,143.92,143.92,142.94,142.77,142.76,142.94,152.75,107.05,138.72
2024/09/20,227.24,145.53,145.53,129.58,132.35,140.2,141.23,146.39,154.69,159.67,159.71,159.35,156.91,159.36,159.71,163.3,163.3,163.3,163.87,159.66,159.5,147.57,147.21,145.74,227.24,129.58,156.19
2024/09/19,107.03,107.03,106.65,106.38,106.38,106.49,107.03,131.15,143.01,147.56,147.99,147.29,147.29,150.24,150.24,198.52,150.24,149.09,148.05,146.64,146.04,145.73,139.49,135.82,198.52,106.38,138.92
2024/09/18,107.51,107.27,106.58,106.58,106.58,106.82,107.51,107.51,115.28,137.29,137.95,140.15,140.05,140.05,140.05,147.45,147.45,147.45,147.45,141.63,141.63,141.16,133,115.28,147.45,106.58,129
2024/09/17,106.76,104.79,99.89,99.89,99.89,99.89,105.06,106.11,107.12,107.13,107.96,107.92,107.92,115.7,115.7,137.89,137.87,141.95,145.82,142.1,142.1,137.85,133,107.96,145.82,99.89,118.55
2024/09/16,114.47,107.54,106.62,106.62,106.56,106.62,107.54,107.54,107.49,107.49,141.41,140.17,140.07,140.07,141.62,147.75,147.75,147.75,147.76,141.63,141.63,137.9,137.3,115.01,147.76,106.56,127.85
2024/09/15,144.99,107.11,107.11,107.11,107.11,107.11,107.11,107.11,137.45,138.39,138.19,140.86,144.27,146.18,146.18,150.01,150.01,150.01,150.4,150.27,147.36,146.45,140.08,138.6,150.4,107.11,134.66
2024/09/14,170.14,143.77,137.95,137.72,134.55,134.55,144.83,144.83,145.15,149.05,149.05,148.84,148.84,151.7,150.34,148.84,148.84,146.91,151.56,148.15,146.74,145.85,142.97,142.55,170.14,134.55,146.57
2024/09/13,144.45,138.08,138.08,138.08,138.08,142.26,144.47,144.47,146.59,151.34,151.34,151.1,145.56,150.21,151.29,149.52,149.52,146.59,146.59,146.59,143.42,142.92,140.26,143.82,151.34,138.08,145.53
2024/09/12,146.28,138.39,138.2,137.35,137.35,138.2,143.14,143.14,145.07,154.38,156.41,156.93,156.93,156.93,161.71,208.06,166.78,156.93,156.93,156.93,150.96,148.1,147.17,143.96,208.06,137.35,153.33
2024/09/11,144.54,141.47,141.49,135.42,134.72,141.5,141.5,145.18,145.78,154.2,156.23,158.84,158.85,155.53,157.21,160.47,160.57,160.04,160.26,160.18,156.15,149.92,145.78,143.09,160.57,134.72,151.46
2024/09/10,144.59,137.23,132.83,129.21,129.08,137.69,138.73,144.63,143.08,149.31,150.31,152.76,152.2,155.37,159.03,173.95,175.23,158.98,156.57,157.02,149.43,148.24,146.26,143.06,175.23,129.08,149.94
2024/09/09,137.22,106.88,106.88,106.88,106.88,106.88,139.97,142.46,146.35,151.19,156.09,156.09,148.71,156.98,160.19,160.19,148.71,148.71,148.73,148.05,146.85,147.35,145.06,141.93,160.19,106.88,142.75
2024/09/08,138.14,129.68,111.89,111.89,111.89,111.89,111.89,115.19,115.19,140.37,140.37,141.35,143.91,141.34,143.19,145.07,145.07,147.97,147.98,151.02,147.98,145.09,143.66,143.65,151.02,111.89,135.58
2024/09/07,140.29,139.33,114.36,112.62,114.13,114.36,144.26,143.65,143.03,148.01,147.96,149.97,147.91,149.49,152.25,151.63,149.24,150.28,150.37,150.28,145.4,144.86,144.81,141.14,152.25,112.62,141.94
2024/09/06,140.07,106.84,106.84,106.84,106.84,106.84,142.39,143.91,146.76,149.69,150.29,151.94,148.6,154.5,156.48,156.48,156.18,149.17,146.76,146.76,146.7,144.36,144.25,144.17,156.48,106.84,141.55
2024/09/05,137.56,106.85,106.85,106.7,106.86,106.86,106.85,142.63,145.3,145.54,145.54,146.2,145.51,150.69,150.69,152.93,152.93,151.92,151.26,151.26,145.33,145.32,145.21,140.15,152.93,106.7,138.86
2024/09/04,107.06,107.07,106.74,106.33,106.07,106.97,134.88,145.44,145.91,148.78,148.75,149.15,148.72,151.11,151.08,150.99,150.91,150.88,148.36,148.36,145.91,144.21,144.21,140.82,151.11,106.07,138.95
2024/09/03,137.5,106.86,106.86,106.57,106.82,106.87,134.71,145.28,145.49,146.07,149.31,147.21,145.67,151,152.12,158.34,152.09,150.28,146.07,146.07,145.85,145.72,140.65,140.44,158.34,106.57,139.8
2024/09/02,106.87,106.86,106.74,106.76,106.74,106.86,106.86,142.34,146.4,222.99,153.58,155.21,150.52,156.87,158.91,162.43,158.91,153.77,150.57,150.56,149.28,147.94,147.94,139.96,222.99,106.74,145.05
2024/09/01,134.03,107.46,107.22,106.78,106.66,106.66,107.07,107.46,119.61,142,142.38,143.88,144.73,144.73,144.73,148.06,148.05,148.04,148.06,148.06,144.74,143.88,142.31,136.22,148.06,106.66,133.66
2024/08/31,146.64,143.85,107.42,107.42,107.43,107.43,107.42,144.45,143.23,141.7,144.32,144.32,148.53,184.68,148.65,148.65,148.66,146.84,148.66,144.32,143.82,143.82,143.74,140.47,184.68,107.42,140
2024/08/30,128.88,106.94,106.4,106.65,106.43,106.94,106.97,142.87,145.49,146.44,149.06,149.05,147.45,149.05,155.78,159.32,153.96,153.22,144.57,144.21,144.21,144.21,143.48,141.6,159.32,106.4,138.9
2024/08/29,128.88,106.76,106.45,106.4,101.44,106.45,107.32,144.29,146.17,147.05,146.97,146.95,146.61,146.91,149.35,148.03,148.03,148.04,147.78,143.3,146.78,143.3,143.07,137.98,149.35,101.44,137.12
2024/08/28,139.43,125.33,106.78,106.76,106.76,125.33,131.15,142.27,144.11,151.88,155.88,155.87,155.44,155.33,155.82,157.43,148.58,147.76,148.58,148.03,144.16,144.15,143.32,141.15,157.43,106.76,142.69
2024/08/27,140.05,136.2,129.24,127.47,127.47,129.07,139.25,141.43,143.99,155.49,158.07,165.58,152.81,155.49,161.26,161.28,154.83,154.65,155.11,154.87,146.46,144,142.04,141.48,165.58,127.47,147.92
2024/08/26,128.98,106.91,106.91,106.62,106.33,106.91,106.93,143.2,143.79,150.12,153.73,155.11,153.73,165.35,176.59,165.24,174.2,159.97,160.35,160.35,152.9,146.03,143.8,141.36,176.59,106.33,145.96
2024/08/25,140.48,107.61,107.61,107.29,107.29,107.4,107.61,143.57,141.87,144.13,144.13,144.13,144.76,149.27,148.25,144.76,144.73,144.74,147.59,144.76,144.77,142.37,142.38,142.22,149.27,107.29,136.3
2024/08/24,140.42,107.41,107.42,107.42,107.42,107.42,107.41,143.22,141.69,142.4,144.66,149.72,149.71,149.71,157.29,149.71,148.07,148.07,148.17,144.62,144.66,143.69,143.62,143.39,157.29,107.41,137.8
2024/08/23,137.43,136.34,136.34,125.89,124.05,135.61,135.75,141.34,144.05,151.61,153.11,153.09,152.2,153.33,153.33,164.82,164.81,149.36,147.96,147.96,146.83,144.46,142.98,139.65,164.82,124.05,146.23
2024/08/22,143.3,136.96,138.07,129.07,129.07,138.73,140.77,141.18,146.13,152.51,157.69,157.69,157.69,157.64,158.72,158.72,158.72,157.64,156.38,156.16,149.7,145.44,143.64,141.62,158.72,129.07,149.24
2024/08/21,143.3,138.11,135.8,128.99,134.42,138.35,140.1,140.75,146.38,156.11,183.92,187.83,179.68,185.96,183.62,178.68,155.91,155.6,157.46,155.07,153.16,146.48,143.68,141.05,187.83,128.99,156.62
2024/08/20,142.76,139.19,136.82,136.82,136.82,139.19,139.19,141.52,146.29,154.91,157.01,191.98,179.46,188.43,188.43,199.74,179.46,179.16,156.24,156.28,154.96,146.17,143.8,141.88,199.74,136.82,159.76
2024/08/19,135.76,135.76,106.85,106.85,106.85,106.85,133.93,144.8,144.01,151.07,156.25,156.26,153.73,197.62,194.26,172.57,172.57,156.21,156.9,156.87,153.26,146.23,145.07,141.25,197.62,106.85,150.47
2024/08/18,140.18,143,135.88,107.57,107.55,107.55,107.57,143.37,141.53,144.86,146.23,146.35,146.71,148.94,146.72,153.25,152.1,152,153.04,153.09,141.6,145.13,145.13,140.72,153.25,107.55,140.72
2024/08/17,140.83,137.15,137.16,130.46,125,129.13,130.46,142.59,141.95,143.88,149.06,149.61,149.6,197.4,159.8,156.79,148.46,146.68,146.73,146.79,147.94,144.97,144.92,140.42,197.4,125,146.04
2024/08/16,139.87,136.13,136.13,129.36,124.13,129.55,141.21,144.3,143.78,150.77,152.9,152.89,152.85,156.96,157.57,157.57,157.57,156.71,157.77,157.77,146.31,146.05,143.78,142.36,157.77,124.13,147.72
2024/08/15,146.55,138.34,138.44,138.44,138.44,139,139.52,141.71,146.16,145.98,146.83,146.98,147.19,148.19,159.03,159.03,159.02,147.66,154.85,147.59,147.64,145.64,144.31,141.92,159.03,138.34,146.65
2024/08/14,146.97,137.16,138.34,137.16,124.46,137.16,139.65,140.88,146.27,152.27,153.17,154.84,154.17,160.88,160.92,160.91,159.06,159.06,159.08,154.93,152.55,146.18,143.75,141.49,160.92,124.46,149.66
2024/08/13,144.6,138.84,139.26,138.85,125.21,138.88,139.26,141.26,143.82,154.7,155.03,154.52,154.52,162.32,162.29,162.29,157.52,157.52,157.53,155.29,153.13,198.88,143.83,141.84,198.88,125.21,152.18
2024/08/12,137.52,135.54,127.64,121.34,106.91,125.1,135.41,143.64,144.1,149.8,154.23,154.26,152.68,158.24,158.25,199.25,158.29,155.33,158.61,158.61,146.39,145.96,144.13,141.65,199.25,106.91,148.62
2024/08/11,140.39,129.99,107.69,107.4,107.4,107.69,107.69,138.62,139.96,142.72,144.72,142.72,145.53,146.52,145.53,145.53,146.52,151.94,152.44,152.46,151.94,145.53,143.06,141.97,152.46,107.4,138.36
2024/08/10,150.53,138.42,130.52,129.42,125.07,130.64,139.03,143.55,142.01,142.01,149.21,149.19,149.19,150.73,150.69,150.08,149.33,147.55,149.62,149.07,144.23,143.55,141.9,141.94,150.73,125.07,143.75
2024/08/09,137.35,136.13,129.61,126.07,125.71,135.13,135.81,142.14,147.67,150.46,153.78,153.68,153.39,156.25,164.42,198.92,164.41,154.67,150.27,147.13,147.13,144.19,144.15,142.21,198.92,125.71,149.06
2024/08/08,139.35,135.68,126.34,124.57,124.75,129.79,135.8,141.91,145.64,153.16,156.43,159.71,159.69,179.82,159.73,154.68,154.66,157.51,157.51,157.51,147.86,144.75,143.84,141.63,179.82,124.57,148.91
2024/08/07,137.37,135.46,124.82,124.62,124.62,128.38,135.8,141.31,146.07,149.61,155.91,160.07,155.57,161.91,161.86,157.81,158.47,156.13,155.06,155.06,148.06,145.94,143.76,141.26,161.91,124.62,147.66
2024/08/06,142.76,135.79,135.14,127.77,128.9,129.37,141.6,141.6,145.74,154.58,152.59,156.48,152.44,195.73,188.78,199.39,156.12,156.78,155.2,154.23,148.21,145.1,143.73,141.13,199.39,127.77,153.32
2024/08/05,128.98,106.85,106.85,106.85,106.74,106.85,139.48,143.51,145.27,151.49,151.5,153.94,153.95,158.64,183.24,198.91,158.51,153.66,153.66,153.65,146.84,146.02,143.85,139.47,198.91,106.74,146.46
2024/08/04,140.71,138.69,107.69,107.43,107.08,107.08,107.66,142.37,141.59,141.59,148,147.01,149.26,149.09,149.09,145.77,142.97,145.75,145.77,145.77,144.13,141.85,141.85,141.81,149.26,107.08,137.83
2024/08/03,141.23,107.54,107.54,107.3,107.07,107.54,107.54,142.14,147.92,146.82,146.7,149.03,149.73,156.18,156.17,158.9,155.78,149.69,150.24,150.39,149.56,146.32,145.42,140.98,158.9,107.07,140.77
2024/08/02,144.37,129.99,127.85,106.79,126.45,129.99,141.35,141.76,146.58,147.44,152.55,154.15,154.1,155.7,155.7,154.68,154.68,147.47,146.58,148.39,148.08,143.87,143.88,141.93,155.7,106.79,144.66
2024/08/01,145.62,106.8,106.8,106.78,106.78,106.8,106.8,138.76,142.62,146.27,148.31,148.27,147.12,148.23,148.23,147.76,147.1,147.94,147.04,153.23,147.44,144.45,142.59,142.35,153.23,106.78,138.22
2024/07/31,124.16,109.89,101.52,101.52,101.52,101.52,120.88,134.16,137.99,140.33,142.35,143.33,143.29,150.56,150.52,148.64,153.5,141.77,140.35,143.03,142.75,137.96,137.96,132.74,153.5,101.52,134.37
2024/07/30,125.01,100.02,95.3,95.3,95.3,95.3,100.57,118.52,138.16,140.78,143.59,144.2,142.62,142.94,152.31,150.74,152.23,141.96,141.99,142,141.66,138.46,138,133.29,152.31,95.3,131.9
2024/07/29,124.19,100.23,95.3,95.3,95.3,95.3,100.58,121.12,135.31,138.55,138.58,138.58,139.02,144.99,139.02,146.14,147.19,157.62,143.54,143.6,142.46,154.77,138.14,133.03,157.62,95.3,131.92
2024/07/28,124.53,101.06,100.74,95.2,95.2,96.06,96.06,101.56,127.22,181.23,139.21,179.24,139.53,139.15,139.79,141.66,141.53,141.68,147.91,147.89,181.45,143.14,134.11,118.97,181.45,95.2,133.1
2024/07/27,136.39,120.05,115.19,102.03,102.03,102.03,104.88,104.88,136.79,139.53,145.42,147.48,151.85,151.85,150.07,145.03,139.5,139.48,139.51,141.9,141.9,139.32,135.52,135.52,151.85,102.03,133.3
2024/07/26,125.12,101.83,100.74,100.95,100.95,100.95,120.34,132.8,139.02,139.02,149.79,155.53,149.79,174.79,208.9,208.9,153.63,150.97,147.53,141.32,140.2,139.02,138.01,134.72,208.9,100.74,143.25
2024/07/25,130.73,103.77,100.11,100.11,100.42,100.42,120.65,134.17,137.99,141.76,143.71,154.2,142.32,154.95,156.38,143.62,141.76,141.76,142.45,142.26,140.54,138.59,137.91,133.36,156.38,100.11,134.78
2024/07/24,124.26,103.7,99.86,99.86,99.86,99.86,120.62,133.67,139.02,150.42,144.29,152.21,142.16,143.74,149.59,145.48,144.29,150.83,150.91,150.88,142.95,139.03,137.85,134.72,152.21,99.86,135.76
2024/07/23,130.82,110.1,100.95,99.75,99.75,100.95,127.44,132.25,137.77,146.42,148.52,149.43,144.65,150.88,151.19,179.13,150.93,146.33,141.2,137.77,140.24,136.29,136.28,136.23,179.13,99.75,137.1
2024/07/22,100.41,100.49,99.25,95.22,95.22,100.38,100.38,133.96,138.28,142.07,143.84,144.4,142.68,144.4,144.72,144.32,144.4,139.15,138.31,138.31,137.74,136.95,136.95,136.83,144.72,95.22,131.19
2024/07/21,101.39,100.65,99.9,95.71,95.64,95.71,101.28,101.39,132.91,183.78,138.24,138.27,138.27,142.6,144.56,142.97,141.35,141.99,141.6,141.65,141.35,154.34,134.52,114.5,183.78,95.64,129.25
2024/07/20,124.93,100.97,100.33,99.58,95.57,99.8,100.97,104.6,136.25,137.59,143.29,143.33,143.24,147.15,147.15,143.19,137.56,138.02,138.07,138.07,137.56,137.56,135.7,134.57,147.15,95.57,129.12
2024/07/19,134.55,112.33,100.52,100.52,100.52,101.46,133.79,139.5,138.05,141.6,180.33,152.41,141.85,154.25,154.3,154.43,144.78,141.67,144.88,144.74,138.75,138.52,136.39,136.42,180.33,100.52,138.25
2024/07/18,132.94,112.47,103.29,100.14,100.14,103.44,136.42,138.51,137.84,141.38,141.47,141.48,141.86,141.86,141.85,141.82,141.3,140.58,140.52,140.3,137.84,136.35,136.03,136.03,141.86,100.14,133.49
2024/07/17,124.05,107.5,99.86,99.4,99.4,99.71,103.29,138.35,137.68,141.81,141.81,142.14,140.3,142.1,142.8,142.8,141.78,141.78,140.23,139.3,140.16,136.62,134.3,134.3,142.8,99.4,131.45
2024/07/16,124.19,103.5,99.41,99.41,99.41,99.41,103.5,132.24,138.4,142.12,143.7,151.02,142.91,143.94,143.35,142.91,143.7,142.91,138.38,138.39,138.39,135.81,133.68,132.47,151.02,99.41,131.76
2024/07/15,100.77,95.22,95.22,95.22,95.22,95.22,100.77,104.56,137.22,146.39,139.43,147.09,139.02,146.92,180.14,147.6,146.37,139.43,138.99,139,137.22,135.53,133.69,120.01,180.14,95.22,130.78
2024/07/14,101.49,100.57,100.62,95.65,95.75,95.75,100.62,101.08,101.34,104.71,119.41,135.04,135,138.25,138.25,138.25,138.25,138.25,138.25,150.43,154.6,135.52,135.52,121.24,154.6,95.65,123.13
2024/07/13,124.87,105.29,101.18,101.18,101.18,101.18,101.18,106.05,138.09,138,139.27,157.14,139.23,144.79,144.82,144.82,139.25,139.28,138.1,138.1,138.1,137.09,135.36,120.18,157.14,101.18,129.12
2024/07/12,124.19,99.95,99.65,99.51,99.51,99.92,104.59,131.85,137.05,140.97,141.54,141.52,140.56,141.51,151.24,151.24,141.51,141.2,139.89,139.28,138.06,135.06,133.69,132.52,151.24,99.51,131.24
2024/07/11,100.47,100.17,94.93,95.07,95.07,99.9,105.04,132.21,138.23,143.14,142.93,143.12,140.96,142.99,142.87,154.98,142.87,141.95,138.23,138.23,137.14,135.91,132.62,132.55,154.98,94.93,130.18
2024/07/10,124.19,99.99,99.52,99.46,99.46,99.52,138.81,135.89,136.36,144.47,144.47,144.47,138.53,144.47,144.47,145.26,146.05,145.65,143.19,143.19,138.51,136.36,136.37,136.35,146.05,99.46,133.78
2024/07/09,124.19,100.14,99.33,99.29,99.14,99.87,124.18,135.87,138.35,139.73,147.51,138.36,138.32,147.47,148.02,151.09,150.92,150.92,152.19,138.36,151.6,136.39,133.17,133.31,152.19,99.14,134.6
2024/07/08,145.99,99.86,99.5,95.14,99.5,99.86,103.58,132.21,138.21,145.7,139.53,146.2,138.26,146.2,159.22,159.22,187.56,139.3,138.99,138.34,138.41,136,133.82,132.76,187.56,95.14,135.96
2024/07/07,124.96,101.4,95.43,95.43,95.43,95.43,95.43,101.42,104.74,136.89,136.88,140.6,140.6,138.47,136.88,136.88,136.88,136.88,136.88,152.64,152.86,136.47,136.47,115.67,152.86,95.43,125.64
2024/07/06,135.42,124.67,104.81,100.89,100.89,100.89,102.27,134,134,133.99,138.82,139.32,137.77,138.36,139.06,138.48,139.09,139.32,139.22,138.7,146.74,153.91,134,133.79,153.91,100.89,131.15
2024/07/05,124.19,103.83,99.25,99.25,99.25,99.25,120.82,140.12,137.55,141.51,142,142.57,140.81,141.86,142.56,142.56,141.34,140.17,137.45,137.23,137.42,134.33,134.33,134.32,142.57,99.25,131.28
2024/07/04,105.58,95.99,94.83,94.83,94.01,94.83,105.06,132.04,136.77,143.38,142.86,143,141.63,143.36,143.36,143.1,142.13,138.1,138.1,138.1,136.77,133.58,134.89,117.98,143.38,94.01,128.74
2024/07/03,124.19,95.96,94.97,92.73,93.27,95.79,96.15,133.21,136.82,142.42,143.16,142.52,137.25,140.91,140.94,140.93,149.26,141.18,136.81,136.82,136.82,133.43,134.87,133.14,149.26,92.73,129.1
2024/07/02,124.19,107.51,107.46,99.01,107.31,107.51,107.5,133.15,141.26,144.82,143.59,143.96,143.09,143.89,157.92,143.09,143.66,143.09,138.48,138.48,136.99,133.15,133.57,133.04,157.92,99.01,133.31
2024/07/01,108.35,95.29,95.29,95.29,95.29,95.29,108.35,132.39,142.42,145.45,144.5,144.42,138.61,144.5,146.98,150.42,147.19,139.98,139.98,139.99,138.61,136.44,136.44,136.41,150.42,95.29,131.95
2024/06/30,110.78,95.84,92.28,92.28,91.12,86.83,92.28,95.82,124.55,131.27,132.05,137.12,132.12,132.1,138.81,132.04,132.06,139.42,139.42,139.42,149.77,137.25,130.37,110.94,149.77,86.83,122.03
2024/06/29,123.06,97.95,95.16,94.54,93.8,92.31,93.48,102.52,137.05,136.8,137.55,137.74,140.55,137.7,138.68,136.31,137.64,134.24,134.23,134.25,133.5,133.49,132.7,132.03,140.55,92.31,124.71
2024/06/28,119.93,95.5,95.5,92.59,91.44,91.64,99.38,117.1,133.68,136.28,136.27,138.74,138.73,140.19,148.93,146.91,138.7,138.67,136.28,134.66,134.7,131.43,131.43,129.85,148.93,91.44,126.96
2024/06/27,119.93,95.62,94.18,92.88,91.77,94.81,99.51,118.46,130.66,132.68,132.68,135.16,135.16,138.03,144.89,143.59,142.61,138.02,138,137.98,132.68,132.67,124.02,113.67,144.89,91.77,125.41
2024/06/26,97.51,92.91,92.02,88.77,88.79,88.83,94.73,102.39,131.17,132.96,134.84,134.84,134.69,138.13,139.79,139.79,141.37,139.74,138.09,134.82,138.09,131.28,131.09,130.47,141.37,88.77,123.62
2024/06/25,169.24,108.99,101.26,98.99,99.12,99.16,101.4,131.4,133.12,136.91,138.46,138.45,137.5,139.13,186.27,158.95,185.09,144.77,138.24,136.81,135.15,133.12,133.13,133.1,186.27,98.99,136.07
2024/06/24,95.47,92.94,90.66,88.6,88.76,93.82,95.31,117.53,137.42,138.34,139.02,139.22,137.74,146.91,185.72,145.19,138.37,137.34,134.84,134.8,131.68,130.58,130.58,115.74,185.72,88.6,127.68
2024/06/23,98.02,93.85,93.97,93.11,92.89,93.91,95.19,99.15,102.03,122,125.28,131.08,131.08,131.08,131.08,131.08,134.1,134.1,133.12,133.21,141.77,142.09,124.1,109.87,142.09,92.89,118.51
2024/06/22,123.12,120.73,98.4,98.4,98.4,98.5,98.4,102.07,121.71,133.94,133.94,139.48,137.97,146.37,146.4,138.45,137.68,133.93,138.1,137.64,138.02,131.8,124.58,110.73,146.4,98.4,125.63
2024/06/21,122.56,109.44,98.98,99.27,99.27,101.63,117.27,132.72,136.13,137.87,139.65,145.16,139.15,167.06,176.97,153.75,143.57,137.86,136.13,134.64,136.11,133.07,131.11,130.06,176.97,98.98,133.63
2024/06/20,117.55,98.42,98.42,98.52,98.52,98.52,98.52,134.41,138.93,138.6,138.43,140.13,135.16,138.32,145.12,143.64,143.64,143.39,138.32,138.27,134.41,134.78,134.78,130.68,145.12,98.42,129.18
2024/06/19,123.38,101.98,97.45,97.45,97.45,101.44,102.27,135.44,135.36,137.71,139.26,140.29,138.14,140.27,140.68,140.36,141.51,139.3,138.33,134.85,134.62,134.69,134.58,128.34,141.51,97.45,128.96
2024/06/18,120.06,99.81,99.81,98.23,98.08,98.23,132.64,133.72,134.48,138.33,175.21,139.94,138.25,140.58,152.47,152.45,176.09,175.33,136.46,134.37,134.37,134.87,132.64,130.28,176.09,98.08,135.69
2024/06/17,97.58,93.92,93.85,93.85,93.85,93.85,96.7,102.25,136.45,138.64,175.44,175.8,136.44,140.9,144.19,153.89,153.85,143.29,136.44,134.8,133.73,130.01,130.92,130.8,175.8,93.85,130.52
2024/06/16,97.91,96.95,95.15,87.41,87.41,95.1,95.16,95.23,95.22,96.79,99.5,118.8,117.2,139.04,120.11,125.61,139.3,138.72,135.12,135.12,138.92,125.68,116.97,99.86,139.3,87.41,113.32
2024/06/15,132.62,98.38,97.18,94.59,94.59,94.59,94.59,96.37,114.36,138.07,138.08,138.08,138.05,138.05,146.21,135.44,135.36,135.37,129.73,131.1,131.1,112.39,105.51,98.87,146.21,94.59,120.44
2024/06/14,136.8,115.54,108.96,102.48,102.48,102.48,102.48,130.3,135.48,139.04,147.79,140.87,138.99,148.44,150.06,148.43,140.09,138.49,137.06,139.98,137.06,147.65,135.45,132.37,150.06,102.48,133.02
2024/06/13,123.5,115.93,108.71,97.69,97.69,98.33,101.68,134.79,135.52,135.51,139.01,139.29,137.25,139.28,150.33,140.37,140.37,138.73,140.37,141.08,139.55,136.58,132.7,132.67,150.33,97.69,130.53
2024/06/12,135.43,135.38,111.56,111.56,111.56,108.88,123.92,123.92,133.44,136.79,139.33,139.11,136.79,139.29,139.31,143.97,143.97,144.34,144.79,144.79,137.04,143.87,135.5,133.44,144.79,108.88,134.29
2024/06/11,116.05,109,107.84,88.71,88.71,88.71,107.84,126.19,132.73,139.71,140.09,140.09,134.41,140.05,139.57,139.79,138.07,138.07,145.36,138.09,138.25,138.07,136.32,132.86,145.36,88.71,128.48
2024/06/10,108.29,92.67,91.48,80.89,80.89,91.57,108.23,114.34,138.14,139.69,141.14,139.69,134.18,141.92,143.08,143.08,142.16,141.16,134.86,133.03,132.99,132.96,132.41,130.81,143.08,80.89,125.96
2024/06/09,98.85,87.57,87.57,81.77,83.03,81.76,81.76,84.81,97.4,104.34,120.74,145.66,120.16,120.16,120.16,116.86,120.16,120.79,120.73,139.75,152.67,135.04,110.95,100.39,152.67,81.76,110.78
2024/06/08,137.83,135.78,114.67,98.73,98.73,98.73,108.67,98.73,126.39,126.39,140.91,142.39,140.46,126.39,136.14,136.1,136.11,136.11,136.11,140.45,136.31,136.14,136.14,136.13,142.39,98.73,128.05
2024/06/07,117.55,95.83,95.82,89.39,89.39,96.55,108.29,114.28,136.7,142.76,137.51,137.07,136.59,143.94,144.09,137.79,137.79,138.58,134.82,134.82,134.82,134.77,131.86,131.9,144.09,89.39,126.41
2024/06/06,135,132.58,132.53,112.35,132.52,109.49,110.54,109.49,133.24,134.22,138.87,138.91,138.89,142.79,142.78,139.25,138.44,138.39,138.47,138.92,139.2,138.5,138.25,133.34,142.79,109.49,133.13
2024/06/05,122.6,112.51,111.54,105.41,105.41,105.41,117.54,131.57,136.53,142.27,142.59,136.85,129.98,136.75,142.15,142.18,146.39,138.83,138.83,138.84,138.84,138.64,138.73,132.47,146.39,105.41,131.39
2024/06/04,112.69,109.67,111.25,110.09,111.38,109.67,112.47,110.45,134.34,138.69,169.16,138.63,138.27,138.59,138.59,138.6,147.03,136.9,135.76,135.79,135.8,135.77,133.02,133.25,169.16,109.67,130.72
2024/06/03,87.32,90.06,80.89,80.89,80.89,87.32,97.58,110.53,136.74,139.78,151.14,135.55,132.78,135.82,140.62,136.56,150.63,134.59,134.59,134.94,135.13,134.71,132.47,123.12,151.14,80.89,123.42
2024/06/02,88.88,81.26,81.2,81.2,87.57,91.24,87.57,78.27,40.16,87.57,88.51,94.68,100.08,110.57,104.08,104.08,109.83,110.94,103.6,104.78,110.85,104.2,103.36,100.08,110.94,40.16,94.87
2024/06/01,100.33,93.74,90.02,86.94,90.24,90.24,90.24,94.29,107.7,145.67,143.72,118.73,144.14,120.85,106.06,105.91,110.73,110.45,122.45,124.3,125.6,103.74,103.74,100.42,145.67,86.94,109.51
2024/05/31,135.88,111.57,111.76,101.32,101.32,111.76,111.57,131.55,139.19,145.36,149.66,142.17,141.48,142.17,142.17,142.17,143,140.92,139.57,140.39,142.17,139.6,139.6,139.63,149.66,101.32,133.61
2024/05/30,140.36,140.36,138.94,102.16,102.16,138.65,117.22,126.43,138.84,143.23,140.54,143,139.75,139.74,139.74,139.55,142.33,142.35,148.57,148.57,147.2,142.35,139.39,139.39,148.57,102.16,137.41
2024/05/29,110.27,112.13,101.54,98.64,101.69,111.13,111.85,119.27,137.41,142.45,144.2,143.87,137.88,138.55,144.54,138.67,155.16,148.66,139.23,148.52,141.74,139.38,137.88,137.4,155.16,98.64,132.12
2024/05/28,110.7,112.22,100.74,91.58,101.04,111.72,112.13,137.27,142.44,182.59,148.6,140.72,130.92,139.39,140.13,139.39,140.29,140.71,140.74,143.31,141.13,141.25,138.91,138.94,182.59,91.58,133.08
2024/05/27,91.81,82.66,82.66,81.77,81.77,88.62,95.78,113.61,138.08,140.46,142.5,140.96,137.86,142.93,145.59,145.19,157.83,142.41,140.96,141.05,140.66,140.72,137.47,137.22,157.83,81.77,127.41
2024/05/26,110.86,92.35,83.24,83.31,82.72,83.24,84.72,78.95,78.67,89.86,90.21,90.49,91.79,106.54,109.83,110.1,114.36,114.45,114.45,146.62,114.83,114.83,114.83,101.3,146.62,78.67,101.37
2024/05/25,112.35,97.74,91.73,91.73,91.73,92.19,92.19,92.49,101.86,109.86,109.56,109.4,107.7,102.68,110.01,110.02,110.09,104.6,113.51,114.48,114.48,114.48,113.89,109.53,114.48,91.73,105.19
2024/05/24,114.71,98.49,92.04,91,90.76,92.51,99.21,101,137.47,137.98,139.43,142.44,141.49,143,144.11,144.92,163.28,142.03,142.42,144.92,142.59,142.04,142.06,142.09,163.28,90.76,129.68
2024/05/23,114.62,110.53,101.88,94.98,94.98,101.64,101.73,114.43,113.38,137.55,138.22,137.96,133.18,137.62,139.87,138.35,142.99,142.99,142.99,146.18,144.66,142.99,141.13,141.13,146.18,94.98,128.64
2024/05/22,114.62,114.71,98.97,95.11,95.11,101.86,114.46,113.6,138.72,142.52,137.4,142.23,135.68,135.68,142.54,137.06,140.63,141.57,141.98,149.1,153.71,141.75,140.13,140.13,153.71,95.11,130.77
2024/05/21,114.71,114.71,99.14,91.74,95.28,102.03,114.62,113.6,140.42,138.82,138.79,138.82,138.82,138.81,138.82,138.82,149.03,142.33,144.66,145.52,142.33,138.82,138.79,137.18,149.03,91.74,130.23
2024/05/20,92.97,89.65,89.24,89.24,92.97,92.97,96.19,113.89,139.14,143.02,148.08,153.05,139.12,141.02,145.22,147.09,152.09,151.12,151.12,151.12,143.85,131.19,127.69,114.34,153.05,89.24,128.7
2024/05/19,109.5,92.52,92.55,92.59,92.58,92.58,94.74,92.11,92.11,114.27,114.36,113.98,113.8,113.8,113.8,113.61,110.8,139.8,141.78,140.64,138.41,134.66,114.27,105.28,141.78,92.11,112.26
2024/05/18,114.99,107.81,107.81,107.81,113.72,114.48,114.48,107.46,107.24,114.13,142.5,115.07,142.94,114.36,142.73,142.61,114.36,142.56,142.55,137.05,142.52,130.35,114.48,114.48,142.94,107.24,122.91
2024/05/17,112.5,112.02,93.45,91.77,101.71,104.68,113.66,114.99,139.48,139.84,142.44,133.34,143,132.84,146.73,146.73,146.73,138.94,137.22,137.22,139.23,137.22,139.15,137.22,146.73,91.77,129.14
2024/05/16,105.05,91.07,90.7,91.3,94.59,105.05,105.05,113.98,134.65,140.34,135.67,132.33,132.23,146.21,146.21,134.88,146.21,159.48,133.45,135.81,135.57,130.03,124.65,113.6,159.48,90.7,125.32
2024/05/15,110.8,105.11,93.04,91.41,105.11,105.11,93.27,85.46,91.02,106.98,107.46,107.22,107.24,107.8,115.76,115.76,114.27,102.85,114.27,114.57,114.27,114.27,114.27,107.3,115.76,85.46,106.28
2024/05/14,115.08,102.53,91.52,91.52,99.62,115.36,115.08,114.71,139.03,139.23,154.11,133.45,153.44,133.45,144.28,148.47,152.48,142.07,133.84,144.28,140.52,141.09,140.16,116.46,154.11,91.52,130.07
2024/05/13,97.18,89.24,83.22,82.66,83.22,91.31,104.06,114.26,138.14,138.2,133.51,138.14,133.35,133.51,154.05,133.51,143.5,137.22,141.97,139.24,139.36,139.48,141.97,137.85,154.05,82.66,125.55
2024/05/12,95.89,83.24,82.72,82.72,91.71,95.89,100.77,98.28,82.72,91.2,118.07,114.65,112.58,90.95,90.89,90.95,90.57,97.03,98.85,118.95,118.99,110.79,110.79,98.94,118.99,82.72,99.04
2024/05/11,115.85,98.58,91.92,90.32,96.22,115.64,140.33,96.22,84.88,92.62,113.42,109.89,146.08,114.57,146.53,115.04,115.23,115.23,140.36,140.54,140.54,140.54,115.89,140.54,146.53,84.88,117.86
2024/05/10,115.08,114.95,103.59,103.86,103.59,114.56,115.27,114.99,138.37,138.5,134.09,132.86,132.03,132.53,134.09,133.41,134.95,139.1,134.09,134.09,133.4,138.05,138.07,126.3,139.1,103.59,127.23
2024/05/09,126.44,115.86,115.86,95.82,113.76,125.53,129.12,129.52,150.76,156.91,141.06,135.12,113.79,132.29,138.36,134.54,132.82,137.22,137.22,140.89,140.53,140.59,138.1,138.11,156.91,95.82,132.4
2024/05/08,133.77,115.54,115.48,115.48,115.48,115.63,136.32,139.32,145.64,145.64,135.29,136.15,136.41,136.16,136.16,138.14,134.97,135.05,139.64,139.68,139.69,139.66,139.66,139.45,145.64,115.48,134.12
2024/05/07,112.97,107.48,107.48,107.48,107.48,107.48,113.89,115.27,141.16,153.22,142.44,140.89,133,140.89,141.45,142.11,163.28,140.89,140.89,144.08,140.89,138.49,138.49,138.32,163.28,107.48,133.22
2024/05/06,108.05,91.51,91.51,91.51,91.51,91.51,92.25,113.52,138.17,139.12,139.83,155.79,139,153.96,153.96,154.02,161.22,144.55,144.55,144.55,144.55,141.8,139.12,138.12,161.22,91.51,131.83
2024/05/05,114.43,95.32,93.05,91.03,91.15,90.99,91.49,91.16,91.16,91.49,110.03,94.1,104.6,106.12,136.65,133.02,134.94,144.79,144.81,144.86,144.82,144.86,144.79,144.77,144.86,90.99,116.93
2024/05/04,139.09,138.94,138.94,138.84,138.95,139.16,139.21,138.9,105.2,124.18,139.21,139.14,192.34,139.18,139.18,145.74,145.59,138.85,138.87,139.16,139.13,138.92,138.92,138.92,192.34,105.2,139.52
2024/05/03,137.55,137.57,137.57,123.81,125.86,137.61,137.57,137.46,137.65,138.45,138.5,139.19,132.17,138.48,138.31,138.24,139.15,139.19,139.24,148.73,139.63,142.88,139.47,143.51,148.73,123.81,138.05
2024/05/02,137.12,112.5,137.11,103.12,137.03,137.14,137.14,136.97,137.11,140.4,140.4,134.54,130.92,133.55,133.08,129.4,142.87,139.21,144.28,144.28,144.28,144.24,139.62,139.89,144.28,103.12,136.12
2024/05/01,141.27,141.27,141.25,112.25,113.6,141.27,141.27,141.17,103.13,103.68,111.57,111.2,103.27,103.52,110,109.23,103.24,113.97,134.3,137.18,141.27,141.28,141.29,141.3,141.3,103.13,125.19
2024/04/30,129.76,110.09,103.86,103.17,103.86,110.41,129.76,162.45,164.89,143.48,129.76,129.76,102.72,110.95,129.76,130.41,141,162.45,162.45,151.26,151.24,143.36,143.14,143.15,164.89,102.72,134.27
2024/04/29,97.91,92.37,92.37,92.37,101.4,101.4,101.4,115.35,157.67,151.3,188.25,150.98,148.12,151.1,158.03,162.45,162.45,145.36,147.01,145.36,145.31,162.45,141.46,141.36,188.25,92.37,138.91
2024/04/28,99.37,85.8,83.15,83.15,92.55,99.37,103.6,100.07,78.9,94.12,99.93,95.34,94.25,94.06,99.76,100.4,100.69,114.14,114.14,117.74,115.13,103.42,103.63,100.23,117.74,78.9,99.55
2024/04/27,145.3,145.16,145.22,116.87,116.87,145.26,160.45,162.15,116.36,114.48,119.99,117.9,151.14,117.78,117.78,117.9,117.96,116.3,162.04,146.58,160.27,146.59,146.53,146.61,162.15,114.48,136.5
2024/04/26,155.67,118.84,115.89,113.96,113.96,116.18,142.42,142.4,142.77,143.46,143.02,142.94,135.42,142.58,142.58,136.02,142.45,146.28,147.27,146.94,146.73,145.29,142.91,142.39,155.67,113.96,138.37
2024/04/25,141.9,141.9,141.87,116.33,141.88,141.91,151.19,141.91,153.56,142.29,136.22,136.22,114.07,131.71,131.71,131.71,130.07,135.85,141.48,151.39,151.36,142.17,141.9,141.9,153.56,114.07,139.22
2024/04/24,116.44,116.08,113.42,113.42,113.42,115.29,139.87,139.98,150.91,150.21,158.95,149.98,135.6,145.79,149.96,135.6,135.6,142.92,145.83,149.7,146.55,145.82,159.03,144.07,159.03,113.42,139.08
2024/04/23,159.63,118.33,116.08,113.91,115.28,116.16,141.65,141.81,188.25,142.15,133.68,134.53,129.61,133.68,136.09,141.62,146.73,146.74,157.49,152.77,151.88,146.74,142.27,141.8,188.25,113.91,140.39
2024/04/22,96.34,85.66,91.72,91.99,85.66,91.81,115.89,116.25,146.78,145.37,145.25,140.31,97.05,138.58,141.54,142.25,142.31,142.78,151.86,152.41,151.69,142.64,142.67,142.12,152.41,85.66,129.13
2024/04/21,100.02,92.55,88.34,83.74,84.51,88.34,92.55,87.32,81.92,85.72,86.13,81.92,81.92,95.39,97.87,96.08,96.08,100.81,121.97,125.6,126.59,125.6,125.6,117.88,126.59,81.92,99.47
2024/04/20,120.95,93.46,92.38,92.86,92.86,100.87,100.87,100.87,117.29,119.23,119.18,119.06,118.28,119.06,160.27,159.93,158.39,146.72,146.82,160.27,146.83,146.84,146.82,119.26,160.27,92.38,125.86
2024/04/19,116.23,96.19,86.09,85.93,86.09,99.29,101.47,113.62,122.65,113.59,97.3,97.25,96.34,96.88,97.28,102.48,116.93,117.21,120.65,138.57,138.54,138.48,117.84,117.02,138.57,85.93,109.91
2024/04/18,116.23,95.91,95.64,95.83,101.22,116.28,116.18,113.47,146.69,135.68,135.68,135.68,113.51,130,135.51,135.51,136.29,138.47,140.08,142.61,146.71,140.23,146.61,130.45,146.71,95.64,127.61
2024/04/17,116.28,116.28,111.46,103.31,109.1,111.58,111.46,143.54,143.61,144.31,142.71,133.41,114.46,128.88,133.41,133.41,129.77,132.9,139.01,147.28,147.4,145.84,143.61,143.61,147.4,103.31,131.11
2024/04/16,115.61,109.93,99.29,95.57,99.29,101.47,115.89,142.93,143.03,191.97,142.99,142.75,137.15,137.15,137.28,141.79,141.55,137.12,138.79,142.3,143.04,143.05,143.06,143.06,191.97,95.57,133.54
2024/04/15,98.68,92.47,85.9,85.65,85.9,85.9,92.5,113.47,149.68,188.14,188.25,146.71,137.15,143.08,146.89,146.73,140,143.08,144.49,144.49,144.33,144.34,144.34,114.84,188.25,85.65,132.87
2024/04/14,99.52,94.96,86.66,86.65,86.68,100.28,99.37,94.77,95.19,98.75,97.48,97.23,94.12,94.57,95.51,118.2,118.2,139.73,119,141.75,139.71,119.84,119.08,98.5,141.75,86.65,106.62
2024/04/13,100.36,92.86,86.9,86.9,86.9,100.94,101.13,92.86,96.25,98.07,98.09,97.68,96.23,95.49,95.65,96.38,97.68,97.82,98.06,98.32,98.83,99.09,99.6,111.31,111.31,86.9,96.92
2024/04/12,101.85,99.08,87.57,87.34,87.57,95.88,102.01,101.85,137.41,148.26,142.3,142.3,119.09,119.09,119.09,119.09,116.23,97.41,98.42,99.08,99.18,99.44,99.29,99.98,148.26,87.34,109.42
2024/04/11,102.01,96.31,86.93,85.92,86.93,96.31,102.32,113.53,158.09,164.2,137.28,141.68,117.79,144.41,117.79,143.55,117.79,128.39,141.14,142.3,141.05,114.74,141.61,116.33,164.2,85.92,123.75
2024/04/10,117.35,102.4,95.98,95.95,99.16,149.78,149.95,149.88,110.38,137.44,150.28,116.18,116.18,143.15,115.93,137.44,109.98,110.69,147.73,147.74,147.75,147.74,147.77,142.26,150.28,95.95,129.34
2024/04/09,101.22,95.68,86.84,86.84,87.05,95.96,126.78,129.76,144.51,144.45,136.64,133.59,113.17,129.76,133.59,133.59,133.59,142.3,137.98,137.98,136.88,131.6,129.76,129.76,144.51,86.84,124.5
2024/04/08,99.08,99.08,96.22,86.38,86.38,99.08,113.07,129.76,162.45,151.46,137.43,136.47,135.8,135.82,136.52,136.13,137.13,162.45,137.16,137.16,141.61,132.51,129.76,129.76,162.45,86.38,128.6
2024/04/07,102.88,93.12,86.6,86.5,97.67,103.05,103.19,102.56,94.86,95.92,96.53,94.95,93.55,95.36,95.62,96.14,98.07,130.14,130.14,114.48,101.93,102.09,102.09,102.4,130.14,86.5,101.42
2024/04/06,117.76,103.22,96.62,96.08,96.28,103.54,103.54,103.54,96.77,102.75,96.9,96.88,96.62,96.44,96.42,96.27,97,114.7,101.64,130.71,130.71,130.71,130.71,130.71,130.71,96.08,107.75
2024/04/05,129.76,129.76,103.65,95.35,102.33,104.4,129.76,129.76,144.59,154.77,138.52,139.67,139.32,150.26,150.26,139.41,139.2,129.76,142.3,137.93,144.6,144.61,144.42,129.76,154.77,95.35,133.99
2024/04/04,129.76,129.76,106.84,103.82,111.32,129.76,129.76,146.37,148.26,162.45,150.27,150.27,145.28,150.24,150.26,162.45,141.62,145.33,145.37,162.45,145.24,143.27,143.28,143.21,162.45,103.82,141.69
2024/04/03,110.63,146.19,112.36,112.47,112.47,112.47,115.06,140.28,142.51,162.45,163.37,150.25,143.89,149.38,149.38,158.57,146.34,146.33,146.34,146.33,143.99,143.67,142.3,141.59,163.37,110.63,140.41
2024/04/02,115.99,111.98,105.97,102.71,105.65,111.98,142.02,156.19,149.36,156.47,137.05,114.55,112.27,114.46,130.61,140.62,141.61,144.54,147.63,147.14,147.18,145.8,145.89,141.96,156.47,102.71,133.07
2024/04/01,116.23,95.81,85.94,83.92,85.94,95.81,103.74,116.28,151.81,147.06,117.4,107.12,95.77,96.89,105.79,110.39,120.06,120.06,138.71,141.78,146.34,146.34,146.34,146.14,151.81,83.92,119.45
2024/03/31,125.81,125.9,115.4,108.24,118.72,125.9,153.36,141.4,95.87,95.89,105.33,95.87,91.56,91.52,100.21,95.09,95.87,123.56,142.6,127.81,127.81,153.41,127,141.9,153.41,91.52,119.72
2024/03/30,156.58,156.59,123.59,120.9,123.59,156.46,156.6,126.58,112.28,112.28,154.22,122,122,122,122,100.55,102.33,119.45,142.5,148.37,148.38,148.38,148.34,154.26,156.6,100.55,134.18
2024/03/29,146.02,120.07,120.07,120.07,120.07,120.07,156.03,156.03,156.38,156.01,130.98,120.09,117.98,120.07,119.96,130.67,153.27,148.37,153.28,153.28,157.16,157.03,155.96,156.04,157.16,117.98,140.02
2024/03/28,120.54,119.97,119.97,119.97,119.97,119.97,120.42,153.23,154.96,167.81,158.88,158.88,146.5,158.88,159.69,165.47,158.88,158.88,158.88,158.88,155.05,150.35,151.71,153.22,167.81,119.97,147.72
2024/03/27,149.86,120.59,118.5,116.57,118.5,121.18,151.82,151.81,155.71,165.47,159.69,159.29,148.03,156.6,160.09,168.71,171.24,153.96,155.71,155.71,153.96,156.25,151.77,153.69,171.24,116.57,149.86
2024/03/26,151.54,120.11,120.11,120.24,120.24,120.24,126.78,153.24,159.51,203.29,159.51,154.11,119.5,153.92,154.1,154.1,154.11,159.51,160.73,160.96,159.51,154.12,155.16,153.86,203.29,119.5,149.27
2024/03/25,124.24,105.24,105.24,105.24,105.24,105.24,156.31,156.5,163.29,208.14,163.02,156.2,150.87,162.11,162.33,162.39,156.2,156.2,162.11,156.21,156.15,153.07,153.02,152.89,208.14,105.24,150
2024/03/24,127.8,104.62,104.62,100.21,104.62,125.92,130.8,122.6,95.83,100.21,100.21,96.49,95.77,95.77,95.42,91.38,95.47,104.78,127.57,130.54,130.54,129.41,129.5,128.34,130.8,91.38,112.21
2024/03/23,158.33,156.67,124.91,120.02,139.13,156.68,156.69,156.69,156.69,105.68,126.62,127.32,100.55,105.24,104.91,95.27,95.53,104.76,157.38,157.4,157.41,157.42,157.42,157.43,158.33,95.27,136.36
2024/03/22,168.26,168.25,121.65,121.65,153.45,153.6,156.03,156.92,155.27,155.08,146.81,124.8,100.13,120.19,119.58,153.27,153.28,153.28,153.28,153.4,153.4,153.46,153.57,160.11,168.26,100.13,146.64
2024/03/21,127.41,108.69,103.53,103.34,107.31,127.59,127.59,153.23,148.94,146.86,151.23,150.46,126.25,147.14,149.42,149.29,149.29,149.29,147.14,149.62,148.82,148.58,152.59,152.62,153.23,103.34,139.27
2024/03/20,124.24,107.31,103.39,103.32,103.63,118.48,125.91,129.18,153.28,147.17,147.16,148.55,112.79,121.17,123.12,132.49,125.62,125.62,146.98,147.59,147.64,147.69,152.99,153,153.28,103.32,132.18
2024/03/19,124.24,101.77,101.77,101.77,101.77,104.28,120.27,145.22,145.92,165.47,154.48,154.48,145.91,154.48,154.44,153.28,145.92,146.58,148.67,148.93,147.72,147.03,151.27,151.28,165.47,101.77,139.72
2024/03/18,124.98,90.83,86.3,86.3,86.3,94.53,109.22,133.27,146.19,170.03,169.72,154.46,146.17,154.43,146.17,153.26,146.17,146.17,146.19,146.19,146.19,145.53,151.89,151.89,170.03,86.3,137.26
2024/03/17,133.54,106.51,95.97,95.97,95.97,128.43,133.91,131.52,99.15,95.96,93.07,105.37,116.59,91.76,100.21,91.41,91.41,105.37,133.04,133.54,160.68,160.64,160.6,160.53,160.68,91.41,119.22
2024/03/16,155.71,155.71,155.71,136.23,155.72,155.72,155.72,154.82,117.62,106.25,99.48,95.68,100.55,95.65,104.91,99.48,104.91,131.81,147.46,158.07,158.08,158.08,158.08,158.09,158.09,95.65,136.04
2024/03/15,145.83,121.02,112.56,103.57,115.89,143.38,154.93,154.91,162.35,150.18,146.39,148.62,99.07,97.01,100.77,131.45,117.73,121.04,148.29,148.49,148.64,154.9,154.91,154.94,162.35,97.01,135.84
2024/03/14,128.74,117.07,107.31,103.63,107.4,129.19,130.62,153.73,171.96,171.24,159.69,146.76,141.76,141.76,141.73,141.73,140.55,145.92,160.08,160.09,153.27,153.27,152.34,152.35,171.96,103.63,143.28
2024/03/13,146.27,107.91,107.91,108.17,108.17,108.69,150.12,156.34,160.51,175.87,167.07,167.8,156.34,156.34,156.34,156.34,157.7,156.32,159.41,158.22,156.34,152.76,151.32,152.91,175.87,107.91,148.44
2024/03/12,148.87,107.12,107.12,107.12,107.12,107.12,149.52,153.02,160.1,179.39,170.48,168.38,160.21,160.3,159.57,157.72,158.89,159.79,160.21,160.21,154.56,152.75,158.79,158.81,179.39,107.12,150.47
2024/03/11,108.05,83.44,84.24,84.24,84.24,84.24,108.05,108.69,163.58,177.79,163.34,153.78,153.48,153.69,153.74,159.97,153.74,153.74,153.8,153.8,153.76,153.76,153.61,151.21,177.79,83.44,138.49
2024/03/10,156.87,154.76,110.09,110.35,110.35,154.77,158.83,155.25,110.09,91.64,91.77,91.28,91.29,6.93,82.66,91.5,93.74,106.51,156.25,156.39,156.09,156.1,156.1,159.56,159.56,6.93,124.66
2024/03/09,157.84,110.46,110.46,109.16,110.73,110.73,157.36,158.88,110.73,110.46,100.55,107.76,95.71,95.41,95.43,95.96,107.57,154.25,154.27,156.13,159.46,159.97,161.45,158.78,161.45,95.41,128.79
2024/03/08,108.22,99.07,94.56,90.83,94.55,95.86,109.48,139.5,159.69,171.52,161.97,158.96,152.91,159.69,159.69,159.69,153.07,145.66,150.75,145.67,142.91,108.69,109.48,120.38,171.52,90.83,134.51
2024/03/07,107.31,94.48,90.83,90.83,90.83,95,108.17,108.69,165.47,179.82,174.71,165.47,154.48,159.69,154.67,145.83,145.83,145.83,153.29,145.07,148.6,139.29,131.2,131.94,179.82,90.83,136.59
2024/03/06,107.38,95.03,94.64,94.64,94.36,94.73,108.17,140.03,171.11,172.44,165.47,165.47,152.65,159.37,159.37,159.69,153.29,153.53,153.91,154.12,152.7,152.35,152.35,152.35,172.44,94.36,142.25
2024/03/05,100.13,94.8,94.8,94.8,94.8,94.8,105.85,107.38,159.69,177.25,163.12,163.39,146.27,163.39,157.4,162.57,157.01,153.8,153.56,148.78,153.56,154.06,131.23,131.19,177.25,94.8,138.43
2024/03/04,99.07,86.82,80.97,80.97,80.97,81.81,92.63,108.69,173.82,175.21,160.61,154.06,146.22,150.25,149.63,149.63,146.22,146.22,148.56,148.63,145.43,131.05,107.12,107.12,175.21,80.97,130.21
2024/03/03,107.39,100.21,82.66,82.66,82.66,99.15,105.8,107.39,95.99,107.39,100.21,104.76,95.93,95.93,95.68,95.7,95.94,96.31,107.21,107.39,107.39,107.54,107.39,107.39,107.54,82.66,100.18
2024/03/02,100.28,99.48,95.38,91.24,91.24,95.38,99.48,102.02,101.85,104.14,100.76,95.88,95.22,95.88,99.48,100.55,99.48,100.55,100.55,100.55,105.29,100.55,100.55,99.48,105.29,91.24,99.07
2024/03/01,107.39,95.3,87.89,86.5,88.78,100.21,111.4,111.4,111.67,109.57,99.15,99.15,96.36,95.91,95.91,98.25,100.21,128.34,109.57,109.83,109.83,110.35,112.19,112.19,128.34,86.5,104.05
2024/02/29,109.09,96.62,96.62,96.62,96.62,99.12,110.27,124.19,162.57,171.88,163.68,158.34,149.39,164.92,157.54,150.82,157.52,149.11,149.85,142.01,134.5,134.35,132.84,132.86,171.88,96.62,137.36
2024/02/28,109.7,92.34,85.82,85.98,85.97,101.78,109.96,132.52,166.76,164.92,164.92,159.31,149.22,154.34,150.57,150.46,151.04,147.08,151.04,147.08,147.08,141.02,133.04,132.67,166.76,85.82,135.97
2024/02/27,114.27,100.78,92.34,85.81,92.34,112.55,114.18,153.93,160.51,160.67,157.09,151.34,147.25,147.25,147.25,147.25,151.34,151.04,159.17,147.26,139.16,137.9,133.92,132.4,160.67,85.81,136.1
2024/02/26,101.78,83.96,80.08,74.81,80.08,80.08,92.34,119.04,170.68,181.65,168.26,159.17,147.37,147.37,147.37,147.37,148.88,154.9,149.01,147.38,138.68,148.04,148.07,148.07,181.65,74.81,135.17
2024/02/25,100.41,89.22,75.82,75.82,75.82,75.82,92.06,96.29,110.16,108.76,101.47,96.29,96.29,87.37,87.37,87.79,100.41,108.04,160.46,127.97,109.36,101.47,97.34,97.91,160.46,75.82,99.06
2024/02/24,110.99,88.62,86.67,86.74,86.8,86.83,92.08,92.08,130.87,160.14,150.42,138.63,108.33,108.05,107.64,94.52,107.72,107.72,127.59,107.07,100.44,90.12,90.12,100.44,160.14,86.67,107.17
2024/02/23,95.74,83.96,83.96,79.84,79.84,83.96,93.11,129.61,167.41,171.88,170.68,170.68,152.18,170.68,159.17,161.8,152.17,141.94,133.19,133.2,130.3,129.64,106.98,101.78,171.88,79.84,131.53
2024/02/22,95.74,83.96,79.84,79.84,79.84,94.46,92.34,113.73,159.11,159.79,167.11,169.43,152.23,155.92,162.32,159.17,152.23,152.23,139.41,137.64,133.04,126.08,126.63,129.94,169.43,79.84,132.69
2024/02/21,94.95,79.84,79.84,79.84,79.84,83.96,86.92,106.28,159.53,160.61,159.12,163.06,153.14,161.61,170.2,153.73,151.97,143.31,139.49,137.67,130.04,130.13,109.09,118.96,170.2,79.84,129.65
2024/02/20,100.71,75.9,75.9,79.92,75.9,83.96,92.34,105.33,159.17,170.68,159.16,162.72,151.45,160.83,159.17,151.44,152.57,151.45,140.59,136.34,132.95,126.08,109.17,106.12,170.68,75.9,129.37
2024/02/19,83.96,75.96,75.96,75.96,75.96,75.96,78.59,85.64,130.28,156.54,155.93,159.73,133.9,159.53,175.97,174.91,151.03,133.9,133.85,127.64,125.99,95.5,93.8,91.02,175.97,75.96,122.33
2024/02/18,93.37,92.06,86.9,78.2,78.2,87.06,87.18,87.18,92.06,93.68,94.93,95.42,94.11,93.78,93.74,93.22,93.12,93.52,96.29,94.93,94.89,94.11,94.11,94.11,96.29,78.2,91.56
2024/02/17,99.69,92.08,78.66,83.73,83.73,86.97,92.08,92.94,96.32,106.61,100.44,94.55,87.17,87.16,86.96,87.13,91.4,96.32,100.44,100.44,100.44,100.44,100.44,100.44,106.61,78.66,93.8
2024/02/16,107.06,94.9,94.41,94.41,94.41,94.9,107.52,117.89,151.03,174.5,141.16,149.56,132.82,133.47,133.47,133.47,133.48,133.51,140.46,133.55,110.5,110.31,107.06,118.7,174.5,94.41,123.82
2024/02/15,95.33,78.43,78.43,78.43,78.43,78.43,95.33,101.78,134.24,166.97,159.28,154.07,133.38,153.55,153.26,139.82,133.54,133.56,133.18,133.39,115.93,101.78,101.78,95.93,166.97,78.43,120.68
2024/02/14,96.58,78.43,78.43,78.43,78.43,78.43,83.96,114.78,154.25,164.92,164.06,165.39,145,166.1,160.19,156.43,158.85,145,145,148.66,126.16,126.16,122.52,114.19,166.1,78.43,130.38
2024/02/13,100.71,77.03,77.03,77.03,77.03,77.03,83.1,100.71,160.36,179.03,176.44,176.44,145.18,153.55,153.55,151.01,154.17,145.18,145.43,133.34,108.37,101.78,100.71,101.78,179.03,77.03,126.31
2024/02/12,100.41,100.41,92.06,83.71,90.28,92.47,100.41,100.41,96.29,83.71,75.36,74.78,0,6.87,75.36,75.36,96.29,104.71,100.41,100.41,100.41,100.41,100.41,100.41,104.71,0,87.58
2024/02/11,100.41,96.29,94.81,92.24,92.38,94.06,100.41,98.31,93.38,75.02,75.61,75.02,0,6.86,66.22,69.51,69.51,96.29,100.41,100.41,100.41,100.41,101.47,101.47,101.47,0,85.93
2024/02/10,99.9,93.85,93.14,80.09,83.71,83.71,92.06,92.06,83.71,67.55,65.96,0,6.31,74.67,75.66,67.79,72.9,84.56,100.41,100.41,100.41,100.41,101.47,101.27,101.47,0,82.41
2024/02/09,92.52,83.71,77.45,77.17,77.45,77.45,80.98,76.93,77.95,75.02,75.29,75.29,74.15,74.15,75.29,75.29,92.06,96.29,100.41,99.32,100.03,100.34,100.41,100.41,100.41,74.15,85.41
2024/02/08,96.71,95.77,86.09,79.93,79.93,86.34,92.34,96.58,139.29,167.09,139.48,118.3,108.9,120.04,120.39,108.35,108.35,101.78,101.78,93.52,93.08,92.52,92.54,92.34,167.09,79.93,105.37
2024/02/07,127.84,126.08,107.1,101.78,107.34,126.08,128.2,146.81,156.54,170.68,157.3,153.55,149.37,150.75,150.27,151.32,151.32,151,151.25,146.86,146.77,136.74,131.01,136.74,170.68,101.78,141.27
2024/02/06,126.92,93.81,93.81,93.81,93.81,93.81,109.57,146.6,151.3,176.44,156.21,153.55,150.31,153.52,153.52,153.5,150.32,149.7,147.24,144.87,144.87,143.79,136.74,136.74,176.44,93.81,137.69
2024/02/05,103.33,76.91,76.91,76.91,76.91,76.91,93.78,130.04,166.59,228.89,172.5,168.52,151.28,157.26,168.52,171.1,167.34,158.05,155.5,151.36,150.29,150.1,150.08,151.01,228.89,76.91,144.12
2024/02/04,92.06,80.17,78.24,74.49,76.8,78.49,80.13,87.96,98.14,96.54,100.41,88.57,87.99,87.8,88.05,101.6,100.09,104.39,101.47,101.47,100.41,100.41,100.41,100.41,104.39,74.49,92.26
2024/02/03,101.5,83.73,83.73,77.36,77.36,78.15,92.08,92.08,101.68,110.72,109.66,109.4,94.92,108.07,107.88,107.88,104.74,101.5,105.2,101.5,98.49,92.08,92.67,97.37,110.72,77.36,97.18
2024/02/02,113.2,92.34,92.34,92.34,92.34,92.34,106.98,129.25,149.55,161.17,151.37,146.9,113.63,135.09,135.09,135.07,149.05,135.11,135.13,134.86,133.45,133.45,114.05,133.59,161.17,92.34,127
2024/02/01,101.78,77.6,77.69,77.67,77.53,83.96,96.58,129.61,167.14,170.68,181.33,170.68,152.52,152.56,152.56,154.06,152.56,150.54,150.54,150.54,133.32,127.67,126.38,126.08,181.33,77.53,134.02
2024/01/31,143.29,106.92,105.83,104.31,105.94,109.05,125.12,142.9,175.05,209.36,190.64,181.22,165.06,175.16,182.39,168.69,171.27,164.86,164.87,151.89,141.05,139.49,138.59,138.98,209.36,104.31,153.15
2024/01/30,139.49,96.58,92.87,92.87,92.87,104.31,125.12,143.59,167.4,195.14,175.32,170.37,164.49,182.4,166.53,167.4,177.36,165.28,164.49,162.61,162.61,151.26,151.33,151.08,195.14,92.87,150.7
2024/01/29,80.92,75.88,75.37,75.37,75.88,77.08,87.48,139.64,171.14,201.24,174.64,179.45,164.87,164.9,167.4,165.36,189.27,165.45,165.52,159.52,141.44,141.44,141.44,139.49,201.24,75.37,142.89
2024/01/28,96.48,85.11,78.69,78.69,78.69,78.69,85.05,88.07,89.03,89.25,89.21,89.17,89.13,87.91,87.91,84.92,89.05,89.45,117.92,117.7,117.62,95.74,96.3,96.69,117.92,78.69,92.05
2024/01/27,111.65,97.53,84.38,84.38,84.38,84.47,89,106.84,142.26,142.17,155.46,143.63,136.82,136.95,135.96,139.91,133.43,141.77,141.87,141.79,138.22,108.11,108.19,110.27,155.46,84.38,120.84
2024/01/26,160.36,125.12,114.72,114.72,114.72,114.72,139.49,162.16,169.33,190.97,173.86,169.39,159.74,166,166.01,167.38,167.53,167.38,164.19,162.48,162.43,162.46,141.73,162.46,190.97,114.72,155.69
2024/01/25,142.71,114.72,114.72,114.72,114.72,114.72,132.9,158.34,166.34,194.52,167.8,167.74,164.12,167.66,167.63,177.49,167.63,167.69,167.72,167.23,165.2,165.05,165.08,165.1,194.52,114.72,156.66
2024/01/24,167.07,143,134.45,134.45,135.09,135.09,143.1,167.08,177.17,208.22,175.93,172.74,168.34,168.37,166.68,166.37,168.22,167.4,167.4,166.27,165.4,164.11,163.81,164.11,208.22,134.45,163.39
2024/01/23,143.1,131.42,131.42,131.42,131.42,131.42,137.85,167.39,168.32,198.32,187.07,180.2,164.6,167.03,172.11,189.16,185.47,182.43,172.31,167.38,165.52,163.27,163.25,167.07,198.32,131.42,164.48
2024/01/22,104.31,80.32,80.32,80.32,80.32,80.32,83.96,139.49,177.37,198.32,198.32,179,167.4,167.4,179,191.39,167.4,167.4,167.41,167.41,161.94,139.49,139.49,141.64,198.32,80.32,148.7
2024/01/21,135.9,88.89,78.49,77.3,77.3,78.46,78.49,78.49,87.75,104,114.37,88.81,85.68,104,104,111.36,126.06,130.64,134.6,132.49,119.62,109.86,109.82,114.37,135.9,77.3,103.89
2024/01/20,112.69,84.59,84.54,80.76,80.76,84.54,87.3,86.75,132.03,138.7,139.16,139.15,126.55,130.68,135.24,130.28,119.65,119.65,131.06,125.88,124.78,114.4,107.81,114.4,139.16,80.76,114.21
2024/01/19,97.4,91.74,91.74,91.74,91.74,91.74,114.72,142.8,167.38,207.99,178.02,167.36,167.36,167.35,167.35,167.4,167.36,167.36,167.36,162.11,152.71,141.05,131.89,141.05,207.99,91.74,145.89
2024/01/18,97.44,90.96,90.96,90.96,90.96,90.96,114.72,141.05,167.97,197.68,189.39,186.73,167.96,167.95,169.73,169.73,167.95,167.96,167.96,167.96,140.76,139.49,131.94,140.76,197.68,90.96,147.06
2024/01/17,126.44,106.55,106.55,107.11,106.55,106.55,114.72,141.83,177.55,177.63,185.39,177.63,165.96,167.39,167.81,167.7,167.39,165.96,164.75,163.71,163.71,159.59,139.49,163.37,185.39,106.55,152.17
2024/01/16,142.12,104.31,91.78,91.78,91.78,91.78,126.44,143.43,167.46,177.28,170.36,177.59,165.08,167.19,167.34,167.24,167.42,165.1,165.09,162.33,160.38,153.98,137.63,154.22,177.59,91.78,148.42
2024/01/15,95.66,78.7,78.7,78.7,78.7,78.7,91.72,144.08,176.28,200.65,182.4,177.38,165.73,165.74,167.41,167.4,167.4,165.76,165.52,164.38,162.75,162.57,162.57,162.57,200.65,78.7,147.8
2024/01/14,87.91,80.7,77.51,77.51,77.51,79.51,80.7,80.7,86.86,77.45,77.45,77.45,77.45,86.52,86.83,86.51,88.89,88.89,100.22,89.13,95.69,95.6,89.17,89.21,100.22,77.45,85.11
2024/01/13,133.69,122.14,105.36,105.36,105.36,106.29,122.14,122.14,122.17,121.72,124.78,124.78,105.36,105.36,105.36,106.9,114.4,135.71,139.57,167.73,138.61,136.05,138.09,134.6,167.73,105.36,123.23
2024/01/12,121.72,93.48,91.93,80.46,93.39,92.61,109.16,144.58,168.02,195.39,170.69,168.01,147.25,147.13,147.13,147.13,164.41,161.94,162.97,161.94,161.95,139.85,135.44,142.55,195.39,80.46,141.63
2024/01/11,121.71,92.59,92.59,92.59,92.59,92.59,111.15,162.43,175.06,190.83,172.13,163.33,162.41,162.41,162.41,162.41,162.52,162.52,162.81,164.54,162.42,162.42,141.24,158.84,190.83,92.59,147.61
2024/01/10,121.72,92.43,92.43,92.43,92.43,92.43,100.53,143.39,172.77,227.73,175.74,177.67,163.54,166.63,166.65,166.65,163.54,163.97,163.55,163.55,163.55,141.44,141.44,141.44,227.73,92.43,148.37
2024/01/09,139.85,107.27,107.15,107.09,107.42,107.47,121.71,143.29,166.64,200.47,167.4,167.4,164.34,166.63,167.4,190.83,166.63,166.63,165.52,162.39,162.14,157.65,141.24,154.24,200.47,107.09,153.04
2024/01/08,81.62,79.63,79.63,79.63,79.63,79.63,79.63,139.85,162.76,187.61,188.5,177.71,164.88,166.51,178.53,189.16,166.51,166.51,164.89,164.37,163.63,163.65,158.73,142.12,189.16,79.63,147.34
2024/01/07,89.17,87.95,77.6,77.6,77.6,77.6,88.07,88.07,88.15,85.33,89.37,85.35,89.29,89.29,85.22,89.29,89.29,116.72,118.83,118.81,117.36,92.12,92.12,92.12,118.83,77.6,92.36
2024/01/06,88.92,87.75,84.4,84.39,84.42,86.75,89,108.56,112.71,134.95,135.71,143.87,135.5,135.5,135.71,135.71,135,134.8,133.76,133.75,133.66,110.5,107.14,88.96,143.87,84.39,115.07
2024/01/05,107.46,83.79,83.79,83.79,83.79,83.79,87.05,142.51,171.78,195.14,171.78,167.75,143.27,144.34,159.16,174.09,164.8,161,159.16,159.16,159.16,137.48,110.76,137.54,195.14,83.79,139.28
2024/01/04,121.71,87.64,81.58,76.92,76.92,80.56,107.23,121.74,167.4,201.5,188.28,168.61,145.58,165.52,164.75,164.84,143.67,143.86,143.96,144.16,139.23,133.77,133.79,133.79,201.5,76.92,137.29
2024/01/03,92.52,92.5,92.5,92.5,92.5,92.5,92.52,143,167.4,227.73,175.28,167.4,167.26,167.26,167.26,167.27,162.1,160.83,159.63,159.13,158.5,141.44,121.7,141.73,227.73,92.5,145.22
2024/01/02,78.55,76.47,76.47,76.47,76.47,76.47,76.47,121.71,155.46,194.8,197.69,178.03,166.12,175.04,175.04,175.04,166.12,166.12,166.12,166.12,154.25,140.95,137.35,132.79,197.69,76.47,143.27
2024/01/01,94.09,87.91,78.86,78.86,78.86,78.86,78.86,87.91,89.05,89.13,89.09,89.01,85.66,85.44,85.46,88.85,115.86,120.39,118.15,94.09,94.09,88.97,94.07,94.09,120.39,78.86,91.51
2023/12/31,115.31,103.09,99.06,98.04,98.04,98.04,98.04,98.04,109.25,111.36,111.83,110.71,89.92,89.92,89.92,111.34,110.72,113.6,115.31,120.72,120.72,120.72,120.72,120.72,120.72,89.92,107.75
2023/12/30,118.7,107.65,107.65,102.6,106.96,107.65,108.46,113.07,116.34,116.54,118.15,118.15,116.21,116.33,116.48,119.06,122.27,122.27,129.62,122.27,122.27,122.27,151.02,122.27,151.02,102.6,118.02
2023/12/29,118.03,114.14,111.43,111.43,111.43,111.43,117.42,125.68,166.31,166.62,164.39,149.73,149.44,138.63,150.5,151.34,151.34,130.96,129.23,125.8,125.68,115.5,124.41,125.68,166.62,111.43,133.78
2023/12/28,118.87,108.71,108.71,108.71,108.71,110.61,114.73,124.97,149.07,163.33,154.11,154.4,149.06,154.23,157.22,159.09,149.07,149.07,149.07,149.07,149.08,124.41,123.37,122.06,163.33,108.71,137.75
2023/12/27,123.4,114.54,114.4,114.4,114.4,114.4,117.77,125.99,151.92,179.01,158.42,164.73,149.42,150.73,150.93,164.67,151.34,150.95,149.43,151.32,148.24,127.56,127.56,128.58,179.01,114.4,141
2023/12/26,125.01,117.44,117.44,117.44,117.44,117.44,117.44,149.66,154.88,179.01,161.88,152.71,149.81,152.67,152.67,167.12,152.71,151.06,151.1,149.81,149.81,151.33,151.33,150.5,179.01,117.44,146.11
2023/12/25,117.09,109.42,108.96,108.38,108.38,108.96,109.41,116.25,117.32,119,120.65,120.65,118.34,116.74,117.77,118.65,118.79,118.79,119,119,117.77,116.66,116.74,116.74,120.65,108.38,115.9
2023/12/24,122.16,122.06,113.36,109.06,109.06,109.06,113.15,113.6,109.39,110.39,117.09,116.63,116.62,116.62,115.72,116.85,120.65,124.69,124.74,124.74,124.8,124.8,121.67,122.14,124.8,109.06,117.66
2023/12/23,117.8,109.58,108.59,108.59,108.59,108.59,109.58,109.98,118.01,119.8,119.8,121.04,113.27,114.9,116.63,120.34,120.34,121.24,122.52,121.32,120.34,116.58,120.34,120.34,122.52,108.59,116.44
2023/12/22,125.99,117.84,117.84,117.84,117.84,117.84,120.01,129.29,151.34,169.37,170.79,161.2,154.53,158.46,167.12,171.46,157.68,157.19,150.57,149.34,148.12,148.1,147.17,148.1,171.46,117.84,146.74
2023/12/21,121.52,117.37,117.37,117.37,117.37,117.37,117.37,130.7,151.34,179.01,179.01,158.79,150.34,158.37,172.26,181.85,154.83,151.34,148.7,150,151.32,136.46,129.47,136.45,181.85,117.37,145.83
2023/12/20,114.88,114.4,114.4,114.4,114.4,114.4,119.79,129.23,150.66,175.94,152.24,155.69,151.48,151.48,151.44,171.46,149.44,149,148.89,143.66,143.66,130.45,129.06,130.16,175.94,114.4,140.13
2023/12/19,123.82,114.4,114.4,114.4,114.4,114.4,114.4,123.82,149.22,179.01,152.62,152.97,150.37,150.36,151.34,158.39,149.21,150.5,149.21,149.21,149.21,123.04,123.06,123.06,179.01,114.4,138.97
2023/12/18,125.99,109.5,109.5,109.5,109.5,109.5,114.34,128.93,151.34,171.46,157.77,157.27,149.64,154.77,156.64,171.46,160.96,160.93,153.14,149.64,149.64,146.27,127.85,136.16,171.46,109.5,142.9
2023/12/17,114,109.32,108.64,108.12,108.12,108.71,114,114,109.11,111.52,110.02,111.85,111.58,110,111.03,111.03,109.98,123.58,123.6,123.61,123.61,123.65,123.65,123.65,123.65,108.12,114.67
2023/12/16,113.54,107.27,107.27,106.57,106.57,106.57,107.27,107.42,113.54,126.58,128.18,126.58,126.59,126.59,125.84,110.73,110.74,110.8,125.34,113.54,110.75,110.11,110.76,113.1,128.18,106.57,114.9
2023/12/15,124.47,110.49,110.49,110.49,110.49,110.49,111.63,127.78,171.17,179.99,151.61,151.86,124.52,143.86,151.86,162.13,153.26,153.26,146.85,150.51,126.82,124.55,124.57,111.63,179.99,110.49,136.72
2023/12/14,111.28,110.85,110.41,110.41,110.41,110.85,111.28,127.78,168.93,176.22,152.33,152.33,152.33,152.33,152.33,171.33,152.33,150.04,150.04,128.57,125.73,125.41,125.68,125.41,176.22,110.41,137.67
2023/12/13,122.29,108.77,108.77,108.77,108.79,111.81,123.24,127.78,164.73,136.01,123.64,129.95,129.77,160.06,151.97,168.93,170.47,160.56,151.98,151.98,151.81,123.66,126.29,123.64,170.47,108.77,136.8
2023/12/12,116.53,108.71,108.71,108.71,108.71,116.42,116.37,125.68,171.62,128.74,122.87,130.14,122.84,151.43,151.43,171.62,151.95,151.96,151.44,129.15,128.87,122.98,123.01,123.01,171.62,108.71,132.28
2023/12/11,104.38,99.16,99.13,99.25,99.13,99.13,102.17,125.34,150.53,176.22,171.2,166.08,152.26,155.61,152.26,152.26,152.26,152.26,152.26,152.26,128.12,124.98,121.9,122.13,176.22,99.13,137.17
2023/12/10,103.55,100.47,95.9,94.6,94.6,97.7,101.78,101.78,114.6,118.66,122.92,118.66,109.25,99.98,100.47,114.41,118.66,118.66,118.66,114.41,112.58,112.06,112.06,112.06,122.92,94.6,108.91
2023/12/09,113.54,109.13,103.54,100.43,101.23,109.13,114.27,123.19,123.19,124.1,124.08,124.03,124.03,124.03,123.99,124.05,122.77,126.06,124.15,126.06,126.06,124.24,124.25,124.58,126.06,100.43,119.46
2023/12/08,118.03,107.37,93.02,92.37,93.02,109.33,110.09,127.34,171.86,171.86,164.03,151.44,151.43,151.43,151.43,152.55,153.37,153.37,152.56,152.56,127.74,125.68,110.09,122.13,171.86,92.37,135.61
2023/12/07,116.42,99.91,93.22,93.22,93.22,116.33,113.5,128.49,159.07,169.3,153.76,143.66,126.08,129.77,143.03,151.33,155.33,150.04,150.53,143.58,130.34,129.23,116.44,128.86,169.3,93.22,132.27
2023/12/06,120.49,115.8,110.54,110.54,110.54,111.67,120.49,124.98,147.74,158.76,146.98,150.65,150.64,150.64,150.64,151.62,151.63,151.63,150.65,123.47,122.44,121.32,120.79,126.93,158.76,110.54,134.55
2023/12/05,121.19,114.65,114.63,114.63,114.65,114.65,119.05,133.38,159.79,176.22,143.58,151.03,143.21,151.02,153.37,156.36,156.36,151.03,153.37,143.58,134.19,130.96,127.93,128.34,176.22,114.63,139.27
2023/12/04,118.51,101.75,101.2,101.7,101.75,101.2,103.85,123.07,150.53,176.22,153.37,161.66,152.48,154.67,153.82,152.48,154.55,156.46,150.76,150.63,131.97,130.44,130.44,125,176.22,101.2,137.75
2023/12/03,120.61,102.38,98.07,93.83,95.13,98.07,107.87,113.6,95.78,89.35,89.35,89.35,100.47,108.87,109.25,91.49,99.68,122.21,123.73,123.88,123.12,121.27,120.84,118.98,123.88,89.35,107.35
2023/12/02,118.3,114.75,109.11,105.58,106.71,109,115.05,116.98,125.63,125.63,125.63,109.96,109.52,109.48,109.61,109.79,109.31,113.07,120.39,120.46,120.33,118.06,118.06,119.39,125.63,105.58,115.12
2023/12/01,120,113.31,113.31,113.31,113.31,113.31,119.28,126.44,161.88,176.22,150.8,150.8,150.04,150.78,161.87,176.22,160.34,149.18,142.85,142.85,149.88,123.48,120.62,125.68,176.22,113.31,140.16
2023/11/30,104.85,96.82,96.47,96.22,96.65,96.84,98.82,134.96,136.39,156.97,139.45,140.1,140.1,140.1,142.28,144.48,147.61,149.79,142.27,139.45,140.1,134.52,113.01,122.56,156.97,96.22,128.84
2023/11/29,105.68,96.71,96.71,96.34,96.53,99.02,102.93,115.12,141.44,169.63,156.55,144.71,141.38,144.11,141.57,141.58,141.35,140.15,140.16,141.39,115.26,115.32,113.5,115.37,169.63,96.34,127.26
2023/11/28,106.69,96.77,96.64,81.64,96.65,97.43,109.47,127.22,150.83,169.97,143.81,140.97,138.62,140.94,140.97,149.89,151.21,140.97,140.94,139.83,138.66,115.63,117.13,115.63,169.97,81.64,128.57
2023/11/27,98.03,81.78,76.5,76.5,81.37,81.78,100.23,130.87,153.6,169.83,151.75,144.19,139.59,140.43,145.2,145.09,157.26,157.7,143.48,141.92,141.92,140.61,140.61,122.4,169.83,76.5,130.6
2023/11/26,104.91,97.71,81.73,78.23,78.23,83.26,99.31,97.74,102.28,102.24,102.15,99.31,99.31,101.92,105.7,104.94,107.01,115.39,115.39,115.39,115.39,104.66,103.73,103.67,115.39,78.23,101.22
2023/11/25,103.98,102.55,101.05,87.24,87.71,101.1,103.78,115.55,115.85,139.01,139.01,139.01,104.54,114.11,135.71,128.34,137.59,139.88,167.35,116.22,115.25,115.11,114.88,114.6,167.35,87.24,118.54
2023/11/24,134.02,100.13,96.86,96.63,96.92,100.13,121.68,135.31,153.11,157.82,153.11,145.65,136.76,142.8,146.07,142.49,144.47,153.11,146.07,146.07,139.68,139.68,139.68,139.61,157.82,96.63,134.98
2023/11/23,97.43,80.3,80.3,80.3,80.3,91.38,99.81,107.34,141.57,150.64,141.58,137.09,114.23,127.75,131,137.51,138.18,138.26,138.43,117.22,113.5,106.03,104.33,104.41,150.64,80.3,116.57
2023/11/22,99.02,93.49,81.4,81.4,81.4,98.75,101,115.05,146.48,149.07,151.11,148.73,142.76,148.8,150.53,146.69,146.31,142.76,140.4,139.68,117.04,114.19,113.5,113.5,151.11,81.4,125.22
2023/11/21,97.23,81.53,79.02,77.98,79.02,96.94,103.71,115.52,156.93,193.61,144.24,152.71,142.42,142.42,138.38,135.73,149.79,147.02,140.96,135.46,125.56,124.1,112.9,114.94,193.61,77.98,126.49
2023/11/20,82.52,74.27,74.27,74.27,74.27,75.06,95.8,115.62,149.07,156.27,149.31,147.22,141.27,141.27,141.27,141.57,142.19,144.71,142.29,140.04,135.08,123.67,121.85,121.85,156.27,74.27,124.19
2023/11/19,99.31,83.2,82.79,78.16,82.79,83.2,88.05,88.05,74.41,72.65,99.82,100.1,99.89,98.98,99.89,101.2,98.98,100.91,100.91,100.36,99.31,99.31,99.31,99.31,101.2,72.65,93.15
2023/11/18,99.23,98.12,97.64,87.54,87.94,97.78,98.97,98.32,100.84,102.09,102.16,99.23,98.71,98.69,98.67,99.83,100.45,100.48,100.83,100.53,99.23,98.8,99.23,99.23,102.16,87.54,98.57
2023/11/17,107.01,96.58,96.74,96.74,96.74,96.7,102.2,119.66,142.61,143.86,145.93,143.86,141.05,144.88,150.03,157.52,145.93,142.59,141.57,139.38,134.96,119.52,119.54,119.54,157.52,96.58,128.61
2023/11/16,126.29,101.29,101.72,101.29,101.37,101.29,117.73,127.7,144.65,155.02,164.1,156.47,141.38,144.65,151.87,151.84,144.65,144.65,144.65,157.22,134.32,127.07,127.7,127.75,164.1,101.29,135.03
2023/11/15,105.68,96.66,93.56,93.56,93.56,96.67,122.07,134.09,146.13,157.26,149.49,141.18,135.4,141.18,141.18,141.17,141.18,141.19,141.26,140.69,140.7,140.69,127.43,127.75,157.26,93.56,130.18
2023/11/14,163.78,93.83,91,90.5,90.56,94.12,104.07,133.99,140.18,137.25,147.86,144.99,128.63,143.11,129.57,127.89,162.85,148.76,148.76,145.49,141.61,141.62,127.75,141.62,163.78,90.5,131.33
2023/11/13,75.25,73.32,73.32,73.32,73.32,73.32,96.52,102.62,127.75,157.32,197.49,148.28,127.75,141.21,141.71,143.82,137.7,142.16,141.62,141.2,127.75,117.13,117.13,113.09,197.49,73.32,123.09
2023/11/12,87.35,79.76,76.08,74.75,74.75,78.75,81.42,81.6,73.06,72.74,72.74,72.18,67.98,71.86,71.86,73.06,81.42,99.31,106.59,99.31,88.65,99.31,88.53,98.61,106.59,67.98,82.91
2023/11/11,106.99,97.64,83.68,83.68,83.68,106.99,106.99,100.17,106.99,106.99,106.99,106.99,99.33,106.99,106.99,106.99,104.35,104.03,111.3,109.26,106.99,103.67,100.8,106.76,111.3,83.68,102.86
2023/11/10,106.08,96.63,96.89,96.91,96.89,96.87,106.51,121.05,160.08,161.57,161.54,117.13,113.97,114.85,123.35,137.91,163.91,137.47,144.82,127.75,117.13,113.49,113.49,113.49,163.91,96.63,123.69
2023/11/09,106.51,96.77,75.52,74.37,75.52,77.91,97.44,106.51,127.75,127.75,127.75,127.75,114.02,127.75,127.75,127.2,126.94,127.75,144.58,126.73,117.13,106.51,106.51,106.51,144.58,74.37,113.01
2023/11/08,100.61,89.6,81.34,80.01,81.11,89.6,117.13,117.13,137.98,156.86,138.47,130.14,117.13,127.75,130.88,156.56,157,156.86,149.7,141.21,127.75,127.75,123.03,117.13,157,80.01,124.78
2023/11/07,106.51,96.86,96.82,77.05,77.08,96.85,106.51,116.53,119.34,127.75,127.75,127.75,117.13,137.12,142,148.57,137.01,137.41,136.51,127.75,117.13,113.4,106.51,106.51,148.57,77.05,118.11
2023/11/06,77.67,75.14,72.57,72.57,75.14,75.31,101.7,131.32,131.32,141.62,131.32,114.32,113.6,117.13,144.26,144.26,144.26,144.26,147.47,144.23,131.32,131.32,131.32,117.13,147.47,72.57,120.1
2023/11/05,106.59,98.01,97.97,97.79,97.78,97.98,98,98,99.31,106.59,98.4,98.09,97.81,97.94,98.39,98.46,106.59,131.85,131.85,117.22,109.35,108.88,107.43,106.59,131.85,97.78,104.96
2023/11/04,106.99,106.99,97.33,97.15,97.32,103.02,106.99,106.99,131.65,113.39,106.99,106.99,106.99,103.4,103.4,103.4,101.3,103.4,106.99,106.99,106.99,106.99,106.99,106.99,131.65,97.15,106.09
2023/11/03,126.35,106.51,106.51,106.51,106.51,126.35,117.13,142,144.58,144.58,144.58,141.56,128.99,130.36,141.56,158.31,141.56,138,141.6,130.36,126.97,106.51,117.13,106.51,158.31,106.51,129.28
2023/11/02,126.35,106.51,106.51,102.4,103.1,117.13,126.35,126.98,147.01,151.13,145.53,145.3,144.46,144.46,146.18,148.57,145.52,145.54,145.78,145.62,144.46,144.46,144.16,117.13,151.13,102.4,135.24
2023/11/01,119.35,106.51,106.51,106.51,106.51,106.51,117.13,126.98,146.23,201.06,146.27,144.66,140.64,143.49,146.24,146.23,146.23,146.25,146.27,146.23,144.63,143.66,143.47,117.13,201.06,106.51,136.53
2023/10/31,109.09,108.96,108.96,108.7,108.96,109.09,109.1,109.22,159.58,163.11,157.13,163.08,157.09,157.13,157.12,163.11,163.06,163.07,163.07,157.71,155.5,139.48,109.05,108.73,163.11,108.7,139.35
2023/10/30,109.98,105,104.22,104.05,104.21,104.3,107.38,160.32,157.72,157.72,157.72,156.77,151.63,156.77,157.72,162,161.96,161.98,162.01,161.96,155.47,157.71,140.46,109.68,162.01,104.05,142.78
2023/10/29,109.63,106.48,104.97,104.78,105.02,107.16,107.53,107.53,110.92,107.16,105.44,105.44,105.19,105.44,105.44,105.44,110.77,111.22,111.49,111.41,111.28,111.28,111.28,110.95,111.49,104.78,108.26
2023/10/28,110.27,108.99,108.21,107.23,107.04,107.47,108.47,110.62,111.39,111.31,111.23,111.11,110.26,110.8,111.32,111.33,111.22,111.24,111.38,111.39,111.27,111.28,108.32,107.98,111.39,107.04,110.05
2023/10/27,109.01,108.57,108.37,108.68,108.7,109.05,109.05,157.5,168.89,158.96,158.91,157.52,143.46,158.08,158.82,158.47,159.2,159.2,159.2,159.17,159.2,152.07,144.15,110.05,168.89,108.37,142.34
2023/10/26,109.25,109.09,108.77,108.77,108.77,109.38,109.26,156.47,157.75,158.41,158.39,157.74,157.74,158.13,174.15,174.41,174.44,158.06,157.96,157.75,157.72,156.46,140.88,109.24,174.44,108.77,144.72
2023/10/25,109.25,108.9,108.61,108.48,108.62,108.85,109.14,109.25,158.06,160.52,160.46,160.16,158.04,159.85,160.37,160.4,174.34,159.59,174.51,159.35,159.3,158.47,158.29,124.81,174.51,108.48,144.24
2023/10/24,109.15,108.77,108.53,108.37,108.58,109.23,109.11,155.59,161.24,166.16,168.85,158.33,158.32,158.32,158.32,165.5,165.51,165.68,174.58,174.58,158.33,155.56,109.38,109.21,174.58,108.37,144.59
2023/10/23,105.55,104.29,104.36,95.41,95.41,104.28,108.97,110.98,157.72,215.3,164.96,164.35,158.53,163.77,164.13,164.22,174.41,165.18,165.27,159.18,158.54,158.48,110.69,109.54,215.3,95.41,143.58
2023/10/22,110.07,107.47,105.6,105.37,105.46,105.56,107.73,105.5,105.32,105.7,106,105.28,105.71,105.86,106,108.65,109.88,108.57,110.51,110.56,110.61,110.02,107.05,105.71,110.61,105.28,107.38
2023/10/21,108.95,108.2,106.08,106.08,106.08,107.13,108.65,108.13,108.89,107.45,109.87,110.37,108.41,109.84,110.31,110.4,110.23,109.24,110.57,111.1,110.29,109.33,106.9,106.35,111.1,106.08,108.72
2023/10/20,110.05,110.6,107.26,107.26,107.56,111.97,112.25,161.18,168.78,168.48,157.05,156.65,156.61,157.9,157.93,161.03,164.82,164.82,164.82,164.82,156.32,155.74,154.18,154.19,168.78,107.26,146.81
2023/10/19,109.77,107,105.22,106.49,105.42,109.22,107.27,155.59,158.85,160.8,161.59,160.76,159.03,160.8,169.05,166.49,165.7,163.37,163.29,159.18,157.87,157.87,157.9,107.72,169.05,105.22,145.07
2023/10/18,107.89,106.13,99.02,103.81,99.02,106.76,107.44,156.55,156.77,158.18,157.72,144.83,144.83,145.59,152.66,165.15,157.71,165.15,165.16,165.15,157.28,155.97,138.8,107.89,165.16,99.02,140.17
2023/10/17,117.48,105.07,103.94,104.27,104.27,112.94,105.52,156.61,159.39,159.93,159.83,157.21,144.88,158.15,159.72,159.13,157.8,166.7,168.34,168.34,157.4,156,138.86,105.68,168.34,103.94,142.72
2023/10/16,104.68,104.66,104.4,95.41,104.33,104.84,107.75,108.67,158.3,160.82,160.8,159.27,144.64,160.3,160.64,160.74,160.7,165.95,181.55,165.93,159.49,158.27,158.08,106.8,181.55,95.41,142.84
2023/10/15,113.61,113.84,113.12,112.64,113.12,113.12,113.58,105.72,113.5,113.78,113.71,105.98,105.72,105.72,105.54,105.93,113.68,113.71,113.78,157.4,113.84,113.87,113.89,113.58,157.4,105.54,113.89
2023/10/14,157.3,138.78,113.72,116.08,113.43,113.43,151.43,141.78,155.9,157.18,169.29,158.09,158.02,158.08,158.08,157.5,156.21,158.07,156.9,156.94,155.46,155.45,155.16,155.15,169.29,113.43,149.04
2023/10/13,114.73,113.06,113.35,113.35,113.35,113.35,113.32,155.38,160.25,168.79,169.85,160.25,151.15,158,160.23,174.27,160.26,167.26,169.12,167.83,160.24,157.48,156.85,156.85,174.27,113.06,149.45
2023/10/12,113.3,113.09,113.41,113.12,113.44,113.44,113.08,153.98,158.56,168.01,159.68,159.65,157.21,159.56,159.92,159.92,174.27,174.34,159.93,159.9,157.26,157.26,156.88,157.25,174.34,113.08,148.42
2023/10/11,113.27,113.3,113.3,113.3,113.3,113.3,113.25,155.57,164.95,167.91,166.17,166.16,158.6,158.96,166.14,164.69,164.74,173.94,165.11,164.82,157.84,156.59,141.01,156.38,173.94,113.25,149.05
2023/10/10,109.52,109.44,108.96,104.13,108.96,109.44,113.84,113.84,157.31,158.91,157.69,156.36,150.99,157.18,157.71,157.71,163.92,163.95,163.95,157.71,157.71,144.24,144.24,113.68,163.95,104.13,141.01
2023/10/09,110.83,105.69,91.97,91.97,91.97,105.52,105.87,111.25,111.68,111.68,111.68,111.62,111.1,111.5,111.53,111.52,111.62,157.39,157.51,157.81,157.4,211.78,111.26,110.62,211.78,91.97,122.01
2023/10/08,110.84,110.49,110.33,110.33,110.33,110.33,110.33,110.33,110.98,146.23,146.23,146.23,146.02,146.02,146.02,146.02,157.39,145.09,145.09,145.09,145.09,110.98,110.49,109.69,157.39,109.69,128.85
2023/10/07,109.31,109.31,109.31,109.31,109.31,109.31,109.31,138.99,146.44,152.68,152.44,159.68,152.21,152.11,152.02,152.02,151.51,152.11,158.07,152.44,152.54,145.03,145.03,109.13,159.68,109.13,137.4
2023/10/06,109.18,108.98,108.5,108.51,108.51,109.2,109.2,145.28,157.48,164.9,218.25,158.4,157.48,158.31,158.31,157.71,157.45,157.45,157.45,157.24,155.35,154.95,154.95,154.96,218.25,108.5,146.74
2023/10/05,109.05,109.02,108.63,108.36,108.76,109.07,108.96,155.42,159.01,167.86,159.85,159.8,157.73,159.78,159.74,159.78,163,163.02,163.05,163.05,157.91,157.43,157.46,156.86,167.86,108.36,146.62
2023/10/04,99.47,96.37,96.37,96.37,96.37,100.64,100.64,109.9,157.41,164.9,165.87,165.4,164.44,166.8,167.92,208.84,167.16,166.44,164.05,162.76,157.41,155.27,143.6,123.3,208.84,96.37,144.99
2023/10/03,110.34,109.64,109.64,109.12,109.64,109.64,110.34,146.35,149.61,149.11,143.07,143.38,110.25,143.07,110.25,149.11,162.08,159.64,163.47,160.83,159.97,147.7,110.29,109.6,163.47,109.12,133.77
2023/10/02,98.96,92.97,92.97,90.72,91.51,98.96,109.7,111.07,146.23,110.8,110.8,110.8,110.67,110.8,145.62,160.71,160.74,192.62,166.58,160.57,160.5,145.62,143.36,110.8,192.62,90.72,128.51
2023/10/01,116.57,98.92,86.7,86.7,86.7,98.96,98.96,111.89,114.73,93.43,92.89,92.63,80.37,92.63,113.15,114.36,114.36,163.67,159.64,166.1,157.36,157.32,114.36,114.36,166.1,80.37,116.2
2023/09/30,111.14,106.27,97.72,92.46,90.91,92.46,101.19,116.07,114.8,97.12,88.93,88.93,88.93,88.93,99.39,108.67,108.79,149.58,157.06,157.06,156.12,157.06,157.06,108.84,157.06,88.93,116.87
2023/09/29,149.27,101.78,94.49,89.28,91.47,116.7,116.74,117.33,99.39,88.68,88.42,88.63,59.83,88.63,89.08,89.24,99.39,112.14,112.14,149.75,149.36,149.36,112.14,110.87,149.75,59.83,109.1
2023/09/28,110.23,110.01,101.19,92.8,92.8,92.8,92.8,92.8,92.69,92.17,92.17,92,91.55,92,92.51,97.72,92.51,96.66,101.19,104.29,101.19,103.64,104.29,104.29,110.23,91.55,97.9
2023/09/27,138.3,114.69,107.52,107.39,107.51,108.21,107.52,145.02,150.6,155.04,154.06,162.41,154.03,154.04,156.73,165.88,149.21,149.13,148.74,148.73,147.23,144.8,133.78,107.49,165.88,107.39,139.91
2023/09/26,148.06,112.99,112.99,112.99,112.99,112.99,112.99,143.3,149.51,155.42,154.74,160.03,159.52,160.62,164.75,160.62,156.46,150.82,150.85,150.85,149.51,148.65,148.73,148.65,164.75,112.99,145
2023/09/25,140.94,107.64,107.12,107.02,107.02,107.64,114.19,147.96,148.55,157.88,157.89,158.59,157.46,158.59,164.78,157.72,156.84,156.84,154.95,157.07,150.46,148,148.92,148.55,164.78,107.02,144.91
2023/09/24,140.74,105.11,102.55,97.88,91.46,102.6,102.92,103.71,108.85,108.85,137.62,137.76,137.76,145.65,145.39,146.04,146.13,151.08,151.28,151.39,151.3,145.85,137.12,136.12,151.39,91.46,129.74
2023/09/23,135.72,107.99,107.63,107.14,107.19,107.58,107.99,107.98,148.22,148.21,150.85,150.85,150.85,150.85,150.85,150.81,150.81,150.8,150.84,147.92,147.83,143.39,119.42,119.42,150.85,107.14,134.69
2023/09/22,138.3,113.08,113.08,113.08,113.08,113.08,113.08,149.22,153.05,153.07,153.08,153.08,149.31,153.08,196.03,164.78,153.09,153.09,153.07,153.08,148.92,147.26,146.9,133.72,196.03,113.08,144.49
2023/09/21,147.43,134.93,112.92,112.92,112.92,112.92,112.92,147.71,150.95,157.06,157.87,157.22,156.45,157.81,158.25,167.66,156.47,164.75,155.47,150.95,149.82,148.92,147.58,148.85,167.66,112.92,146.8
2023/09/20,146.67,120.66,119.01,115.6,115.03,143.15,141.08,148.08,151.19,158.26,158.61,157.81,156.87,157.74,158.47,166.9,158.27,156.87,156.87,156.06,150.81,148.09,148.09,148.15,166.9,115.03,148.9
2023/09/19,138.3,107.51,107.51,107.51,107.52,107.63,118.51,148.19,151.58,157.24,157.14,157.02,151.63,157.07,157.39,166.79,159.01,162.55,162.52,158.07,152.75,151.62,148.44,148.49,166.79,107.51,145.58
2023/09/18,108.29,107.38,90.21,90.12,90.24,107.96,108.25,147.89,150.58,157.87,162.32,162.39,162.31,180.5,185.5,168.63,166.89,162.64,158.19,156.03,150.63,148.59,148.92,148.56,185.5,90.12,146.59
2023/09/17,108.65,108.65,107.84,102.2,102.2,107.37,108.54,108.63,108.62,145.49,149.07,149.06,149.94,149.94,149.94,149.94,149.94,149.94,149.93,149.94,149.91,149.9,148.39,136.25,149.94,102.2,134.32
2023/09/16,135.81,108.11,107.7,107.42,107.29,107.42,108.11,108.1,148.24,150.19,152.83,185.08,156.77,152.85,153.15,150.19,150.19,150.07,150.19,150.19,153.02,150.19,148.26,135.54,185.08,107.29,139.95
2023/09/15,152.9,122.68,120.19,120.19,120.19,120.19,120.19,150.77,150.81,155.32,158.16,166.2,155.65,158.02,166.16,157.98,157.98,154.59,154.17,150.81,150.29,148.92,148.44,148.51,166.2,120.19,147.81
2023/09/14,147.98,116.7,114.72,113.04,113.04,116.7,116.7,148.56,149.8,155.12,161.18,161.18,161.18,176.06,204.37,205.99,161.17,155.13,154.47,154.23,150.77,148.81,148.58,148.76,205.99,113.04,151.83
2023/09/13,153.02,107.58,107.48,107.48,107.48,107.6,107.6,147.94,149.14,155.72,195.29,156.16,155,156.08,168.75,196.77,156.16,156.09,156.09,155.73,150.17,149.51,147.97,148,196.77,107.48,148.36
2023/09/12,135.52,107.64,107.64,107.62,107.53,107.65,107.64,148.06,148.6,156.49,157.39,157.39,156.45,156.52,164.31,164.31,168.4,156.73,156,156.78,150.56,149.52,148.23,148.23,168.4,107.53,144.95
2023/09/11,108.12,107.79,90.28,90.21,90.21,107.56,113.81,117.21,149.54,157.89,158.94,160.12,158.07,158.02,158.02,157.78,164.55,154.19,151.09,157.58,150.4,148.55,148.46,148.53,164.55,90.21,141.41
2023/09/10,140.74,108.27,108.27,108.15,107.58,107.77,107.91,108.27,117.34,138.04,145.86,148.22,149.62,149.62,149.62,149.79,149.62,154.28,156.28,156.28,149.63,148.25,148.16,147.67,156.28,107.58,136.97
2023/09/09,136.48,132.33,116.46,116.46,116.46,116.46,116.46,117.05,145.03,146.79,149.72,149.72,157.5,157.5,149.71,149.72,149.66,149.7,149.72,149.73,149.73,149.26,146.36,146.54,157.5,116.46,140.84
2023/09/08,138.3,107.63,107.65,107.23,107.33,107.66,110.59,146,149.26,150.77,156.03,157.17,155.57,158.25,158.14,164.8,156.01,155.92,155.86,156.04,148.04,146.03,145.28,145.82,164.8,107.23,143.08
2023/09/07,138.3,114.62,113.35,113.01,113.01,115.44,113.96,145.82,149.9,157.72,157.77,157.73,157.38,157.75,157.74,167.75,157.68,157.37,155.24,154.26,154.3,149.23,148.92,147.94,167.75,113.01,145.76
2023/09/06,140.32,115.34,112.97,112.97,113.06,113.33,115.02,143.69,170.51,156.3,156.75,157.45,156.36,156.79,165.09,165.01,167.6,155.11,154.99,155.05,150.06,149.9,149.34,149.18,170.51,112.97,146.99
2023/09/05,146.96,116.7,115.66,113.48,113.48,116,116,148.14,171.8,155.94,162.5,163.51,162.38,163.48,163.7,168.29,164.94,159.44,155.94,155.97,151,150.96,148.47,148.43,171.8,113.48,149.3
2023/09/04,138.3,107.63,107.63,107.63,107.63,107.63,111.56,170.9,195.95,157.38,160.64,164.45,160.32,165.52,165.52,161.87,158.29,155.86,155.88,155.88,155.42,150.1,147.99,148.02,195.95,107.63,149.77
2023/09/03,117.83,104.79,104.72,103.82,102.53,103.75,104.7,104.89,113.21,116.75,139.4,146.02,149.79,150.82,150.82,150.79,150.82,150.79,150.82,150.82,150.82,148.62,148.62,134.88,150.82,102.53,133.04
2023/09/02,118.32,108.27,107.71,107.71,107.71,107.71,107.8,108.1,113.1,120.74,146.38,149.33,153.79,155.45,157.36,153.79,150.81,149.31,149.11,149.28,149.18,148.71,148.71,148.71,157.36,107.71,135.26
2023/09/01,117.35,112.71,112.71,110.22,112.71,112.71,112.71,144.86,148.1,155.46,164.97,159.48,157.41,159.64,164.92,168.58,164.77,156.02,156.43,156.05,150.32,149.33,149.05,148.18,168.58,110.22,145.94
2023/08/31,110.94,110.19,109.93,109.41,109.34,109.95,109.99,150.89,151.57,154.02,159.91,159.59,157.38,159.93,158.92,157.38,154.29,153.23,153.26,154.02,151.89,150.19,150.22,150.22,159.93,109.34,143.8
2023/08/30,123.58,110.08,109.93,109.93,109.93,109.93,110.26,123.66,152.95,158.06,167.17,168.45,158.05,158.59,159.5,168.38,155.44,155.19,153,152.42,151.11,167.15,150.2,150.28,168.45,109.93,145.58
2023/08/29,124.46,110.51,108.43,108.43,108.43,110.41,110.57,150.4,151.08,181.33,198.51,158.5,157.58,157.82,197.92,154.85,153.41,151.45,151.68,151.49,150.5,150.5,150.05,150.05,198.51,108.43,148.5
2023/08/28,125.23,110.11,101.87,101.87,101.87,101.87,110.27,110.94,151.66,156.36,161.91,162.79,157.04,161.71,162.9,207.29,167.17,155.61,153.82,153.82,151.84,150.19,131.04,129.26,207.29,101.87,144.52
2023/08/27,151.57,135.34,111,110.55,110.29,110.32,111,111,150.5,150.1,151.1,151.45,166.2,169.32,174,167.44,151.45,151.45,152.83,151.46,151.46,151.43,150.51,149.51,174,110.29,144.51
2023/08/26,151.93,136.82,110.81,110.41,110.25,110.42,110.67,151.17,151.19,151.96,152.14,155.42,155.6,159.83,156.92,151.88,151.88,151.76,151.97,152.19,151.9,151.59,151.32,149.91,159.83,110.25,144.15
2023/08/25,123.75,110.24,109.78,108.17,108.17,109.85,110.63,123.75,151.15,156.9,160.34,165.97,165.93,160.24,160.24,158.84,167.47,156.82,152.9,152.9,152.84,150.33,150.33,149.72,167.47,108.17,144.99
2023/08/24,138.57,109.98,109.73,108.15,108.15,110.21,110.73,124.41,151.47,157.51,160.19,160.19,159.11,159.11,154.63,154.59,165.78,165.59,152.48,152.44,152.48,151.17,151.2,124.36,165.78,108.15,143.64
2023/08/23,137.92,110.56,110.23,108.15,108.15,110.21,110.57,120.98,197.79,158.33,160.68,160.68,157.71,160.55,160.67,207.27,160.45,156.9,157.71,156.28,154.27,150.41,150.33,150.29,207.27,108.15,149.3
2023/08/22,151.92,110.21,110.21,110.22,110.13,110.22,110.22,155.18,151.14,159.3,161.79,161.75,161.04,158.88,159.63,159.3,160.21,159.3,159.3,159.04,154.29,150.56,150.1,150.11,161.79,110.13,147.5
2023/08/21,111.17,110.73,105.05,105.05,105.05,105.05,109.91,111.17,152.93,154.45,158.88,159.95,159.11,166.15,200.6,166.76,159.39,158.23,157.75,157.75,152.99,167.16,150.48,150.37,200.6,105.05,146.55
2023/08/20,111.27,102.36,101.52,97.78,97.65,97.65,97.17,102.54,111.83,141.19,152.48,153.21,153.18,153.18,153.18,163.11,152.95,163.11,153.02,153.05,152.75,152.72,139.6,123.94,163.11,97.17,134.65
2023/08/19,152.28,152.01,110.9,110.9,109.95,110.2,110.9,151.03,151.23,152.66,159.24,159.47,159.57,169.46,170.08,157.86,157.73,153.95,156.01,154.2,152.63,151.18,150.54,150.55,170.08,109.95,147.81
2023/08/18,137.92,110.7,109.78,108.15,108.15,110.11,110.7,152.58,152.68,154.93,167.68,167.56,157.84,159.08,158.96,158.96,158.19,157.4,157.4,157.71,152.75,152.75,152.53,150.16,167.68,108.15,146.79
2023/08/17,137.92,110.78,107.79,100.64,109.53,110.09,110.78,150,151.14,156.65,159.5,160.24,160.24,160.18,167.64,160.18,166.92,156.68,162.3,157.9,154.63,151.27,150.77,149.7,167.64,100.64,147.05
2023/08/16,150.89,110.28,110.28,110.07,110.28,110.28,110.28,150.01,152.28,156.95,157.59,160.96,160.9,164.53,165.64,164.53,168.39,160.82,156.9,167.17,154.47,151.62,150.38,150.33,168.39,110.07,148.58
2023/08/15,157.47,111.56,110.85,110.58,102.04,110.32,110.81,110.72,123.02,153.35,153.42,159.41,156.8,161.01,160.97,154.25,152.17,154.25,160.97,160.98,154.25,153.33,152.95,150.09,161.01,102.04,143.25
2023/08/14,111.07,110.48,104.57,104.57,104.57,110.48,110.48,111.18,149.86,152.63,156.34,160.07,160.3,158.93,160.07,165.95,166.04,165.48,153.41,152.61,151.6,151.25,144.68,133.65,166.04,104.57,142.4
2023/08/13,116.15,111.53,110.83,110.51,101.85,110.56,110.83,111.01,140.97,148.69,153.53,154.02,154.23,154.23,154.33,154,153.45,153.02,153.12,153.48,153.3,153.12,151.89,120.87,154.33,101.85,138.46
2023/08/12,111.58,111.58,110.49,110.34,101.53,101.53,110.88,111.57,140.66,152.2,152.33,152.32,152.27,152.31,152,151.91,151.88,151.53,151.91,151.92,150.5,146.44,134.66,116.5,152.33,101.53,135.75
2023/08/11,110.95,110.31,110.08,108.38,109.63,110.05,110.38,151.26,153.34,171.15,171.14,171.16,157.33,158.88,157.86,158.44,157.49,157.51,155.81,153.35,150.61,150.61,143.93,150.03,171.16,108.38,145.99
2023/08/10,151.12,120.01,116.56,110.08,110.19,118.57,144.49,151.08,152.73,197.94,208.73,208.01,165.85,162.37,166.92,159.08,159.28,157.46,160.09,155.86,153.3,151.08,150.16,149.83,208.73,110.08,156.46
2023/08/09,156.86,147.26,146.92,116.56,116.56,145.46,145.46,150.2,153.02,158.12,160.79,167.61,160.07,161.24,167.19,163.24,167.19,163.09,163.24,162.92,162.92,157.58,153.01,150.23,167.61,116.56,155.54
2023/08/08,158.16,147.33,121.75,110.29,110.28,121.99,146.69,155.89,158.26,163.09,165.55,173.11,161.92,165.55,173.06,167.81,165.55,179.31,197.92,163.09,163.09,155.71,150.49,150.32,197.92,110.28,157.8
2023/08/07,148.62,110.59,110.37,109.66,109.75,110.47,110.59,150.53,153.68,159.17,163.81,167.56,161.88,161.74,162.96,168.92,166.07,167.16,162.21,159.95,202.86,154.52,150.75,150.75,202.86,109.66,152.3
2023/08/06,152.66,111.69,110.67,109.69,109.66,106.62,110.99,111.31,151.81,151.62,152.68,153.03,153.08,155.37,160.13,160.15,153.08,166.8,166.87,167.01,155.22,153.08,150.85,152.33,167.01,106.62,144.75
2023/08/05,154.03,149.77,147.08,117.15,110.75,116.26,146.3,146.3,152.63,152.67,157.46,157.73,157.72,165.21,164.07,163.75,157.43,157.43,198.72,157.55,157.01,151.56,151.26,151.19,198.72,110.75,152.91
2023/08/04,152.18,138.03,110.41,109.92,109.73,110.41,110.41,153.61,153.61,157.4,164.89,164.3,163.54,164.72,170.04,163.45,163.03,160.59,161.18,161.41,157.15,154.3,153.58,150.33,170.04,109.73,150.63
2023/08/03,138.03,108.37,108.37,108.37,108.37,108.37,110.5,111.1,151.39,152.88,158.47,164.14,164.2,169.42,167.28,169.45,158.8,158.59,159.3,158.47,153.76,151.55,150.49,150.21,169.45,108.37,146.3
2023/08/02,148.45,138.17,110.37,109.85,109.57,110.38,110.35,147.36,150.58,154.8,157.71,165.18,164.62,167.08,169.47,166.8,164.85,157.89,159.59,156.32,156.29,152.25,150.43,150.42,169.47,109.57,149.41
2023/08/01,126.12,108.83,108.3,108.3,108.3,108.3,108.83,111.11,151.93,152.63,158.66,165.55,160.64,159.63,197.92,169.39,157.06,158.41,157.36,156.85,152.62,151.56,150.81,149.98,197.92,108.3,145.9
2023/07/31,119.11,119.11,118.29,113.62,113.62,118.8,119.11,158.81,159.95,163.84,168.38,168.54,166.39,168.01,173.73,175.31,176.84,176.54,166.32,162.98,161.3,159.91,158.83,141.36,176.84,113.62,153.98
2023/07/30,122.87,115.05,112.05,112.05,112.05,112.05,112.05,112.25,113.93,128.5,165.11,165.07,165.09,165.07,165.06,149.83,157.22,154.64,165.09,165.11,165.11,159.19,150.56,126.59,165.11,112.05,142.36
2023/07/29,161.09,161.09,157.94,157.94,128.45,157.89,158.9,159.88,159.93,166.8,168.01,173.57,174.29,176.58,176.07,175.42,168.84,166.71,166.28,165.32,163.45,211.33,159.54,159.54,211.33,128.45,166.19
2023/07/28,156.86,142.88,118.51,118.51,118.51,118.51,118.49,158.95,159.2,168.22,168.96,168.2,165.74,168.77,175.66,179.4,169.13,168.2,168.2,167.26,164.53,161.93,188.32,159.13,188.32,118.49,158.68
2023/07/27,156.74,141.48,118.29,117.99,118.22,118.26,118.69,158.71,160.14,175.23,166.81,167.69,166.67,175.78,177.44,175.27,175.5,167.1,166.91,169.68,163.61,160.14,160.12,159.92,177.44,117.99,158.08
2023/07/26,188.47,118.57,118.58,117.63,118.52,118.58,118.57,158.59,159.89,176.95,176.93,169.4,167.11,175.4,179.03,209.9,177.26,167.5,172.19,168.04,163.6,159.94,159.94,159.68,209.9,117.63,161.3
2023/07/25,119.19,119.01,117.85,112.55,112.55,118.42,118.91,158.9,186.95,170.67,172.76,172.09,170.22,170.52,178.15,175.17,164.85,190.75,169.23,189.96,159.91,158.91,158.59,158.62,190.75,112.55,158.31
2023/07/24,114.57,111.21,110.85,110.85,110.85,111.21,111.85,119.43,159.92,161.49,172.08,168.9,164.5,168.94,176.26,178.48,170.88,169.49,168.93,163,160.41,158.92,158.44,140.23,178.48,110.85,151.51
2023/07/23,119.84,117.77,116.93,110.71,110.71,110.71,113.63,113.63,130.39,159.07,162.18,162.83,166.04,168.05,162.83,162.26,162.83,162.83,162.83,163.07,162.83,162.5,162.11,162.11,168.05,110.71,147.05
2023/07/22,161.22,160.61,119.07,118.85,118.8,118.87,119.07,119.07,164.91,164.49,164.43,164.48,164.47,175.83,164.06,164.06,161.13,164.08,162.86,164.09,164.1,170.65,164.12,164.12,175.83,118.8,154.45
2023/07/21,160.31,118.99,118.23,114.97,114.97,118.38,118.98,158.8,160.71,168.12,168.69,168.69,162.97,168.22,176.79,179.44,175.33,168.1,163.08,161.17,160.72,160.76,158.63,160.45,179.44,114.97,155.83
2023/07/20,114.87,114.87,114.87,111.8,113.18,114.16,114.87,118.81,153.37,161.21,164.68,164.65,160.9,168.28,177.9,168.15,168.68,164.67,164.62,164.62,160.6,161.27,159.21,159.21,177.9,111.8,150.12
2023/07/19,119.28,118.53,113.14,111.41,111.25,118.54,118.53,158.76,161.55,176.78,176.89,170.5,169.32,169.83,170.81,178.17,176.92,165.51,168.96,163.12,176.87,159.4,153.11,134.41,178.17,111.25,154.81
2023/07/18,119.33,118.53,113.57,112.58,112.58,113.57,118.58,133.25,160.21,169.31,175.15,173.9,167.7,175.72,175.29,164.12,175.49,207.14,161.56,160.61,160,160,194.69,133.79,207.14,112.58,155.42
2023/07/17,114.86,114.86,112.9,110.9,111.9,114.86,114.86,158.52,159.85,161.69,169.56,170.72,163.12,169.78,176.35,175.26,171.61,170.28,170.71,169.87,165.26,160.41,176.78,158.48,176.78,110.9,155.64
2023/07/16,117.78,113.93,111.94,111.94,111.94,111.94,111.94,111.94,111.94,120.35,120.48,131.17,133.23,135.03,162.57,161.87,157.71,171.78,171.79,171.78,171.76,153.55,159.19,125.82,171.79,111.94,138
2023/07/15,134.17,119.28,114.23,114.23,114.23,114.23,119.25,119.73,137.76,165.69,171.18,171.19,166.01,165.75,165.75,165.68,165.68,165.69,178.72,166.04,165.7,165.7,133.92,122.83,178.72,114.23,148.63
2023/07/14,119.27,118.52,117.97,113.21,114.2,118.52,118.53,132.58,160.15,168,173.93,174.73,164.67,164.65,176.06,175.18,162.73,162.07,161.77,161.16,160.54,160.54,160.38,141.29,176.06,113.21,151.95
2023/07/13,119.28,118.52,115.2,114.66,114.66,118.37,118.52,134.72,160.11,162.56,168.24,168.49,165.22,167.75,167.63,162.56,162.55,160.86,160.86,160.33,160.16,159.72,136.09,134.25,168.49,114.66,148.8
2023/07/12,133.29,114.61,114.61,113.9,113.9,113.9,114.61,119.44,160.54,164.71,168.49,167.14,164.75,179.19,177.19,164.73,164.77,171.52,164.72,164.74,160,159.32,135.82,135.82,179.19,113.9,150.51
2023/07/11,132.59,125.18,125.18,117.85,114.17,118.29,125.18,159.32,160.49,166.67,168.97,178.63,168.56,176.58,176.79,171.58,168.64,165.62,162.33,162.3,160.02,160.03,160.03,134.54,178.63,114.17,155.02
2023/07/10,115.01,115.01,112.05,111.04,110.04,114.02,115.01,119.48,160.14,160.32,168.22,169.12,168.62,169.15,169.16,169.39,175.95,169.15,168.22,168.22,164.34,159.33,159.26,141.82,175.95,110.04,152.07
2023/07/09,166.58,119.82,119.43,119.06,112.48,112.48,119.25,119.24,130.64,156.92,158.12,163.75,163.75,163.75,163.75,163.75,168.78,168.8,168.8,168.83,168.81,163.59,163.36,124.97,168.83,112.48,149.7
2023/07/08,160.92,131.96,131.96,122.44,118.59,118.6,123.98,153.96,162.63,162.62,168.38,176.27,168.34,176.27,168.34,167.9,162.64,162.65,168.3,168.31,162.6,161.22,161.04,158.29,176.27,118.59,155.96
2023/07/07,164.99,131.34,131.34,130.58,130.58,130.84,131.34,155.98,160.5,169.67,170.03,171.91,169.97,169.97,170.61,169.97,170.03,170.61,169.96,168.8,163.53,162.78,160.51,160.22,171.91,130.58,159.38
2023/07/06,134.01,118.6,118.04,114.73,114.73,118.6,118.58,119.33,160.17,162.21,174.49,168.72,164.97,167.76,167.99,168.78,177.27,173.92,167.76,165.29,160.31,159.88,159.26,142.05,177.27,114.73,152.38
2023/07/05,162.8,118.72,118.47,117.96,117.96,118.61,118.69,133.43,161.32,165.84,175.22,176.64,166.38,175.18,175.18,167.7,167.7,166.4,166.28,165.84,161.63,161.32,161.09,135.84,176.64,117.96,154.77
2023/07/04,131.74,118.79,118.53,113.86,113.86,118.53,118.78,131.74,158.93,163.56,171.99,172.85,171.29,171.68,171.4,170.8,165.85,164.57,169.27,170.93,163.57,160.03,160.03,159.26,172.85,113.86,154.02
2023/07/03,114.6,114.57,114.57,113.87,113.87,114.57,114.57,131.09,160.29,162.34,171.65,170.94,162.34,172.93,174.57,172.73,172.82,172.52,171.91,171.79,162.32,160.75,159.18,138.2,174.57,113.87,153.52
2023/07/02,164.63,119.85,119.22,121.64,110.92,118.72,119.22,119.22,119.43,124.79,157.64,157.09,163.9,164.23,164.17,162.62,163.07,164.47,174.15,174.16,164.57,163.53,162.23,126.53,174.16,110.92,147.61
2023/07/01,135.15,134.84,132.99,122.44,122.44,118.78,122.44,122.03,124.17,161.47,162.37,164,163.98,171.5,171.42,171.28,163.77,168.03,168.08,168.08,164.15,163.89,163.65,160.25,171.5,118.78,152.05
2023/06/30,153.4,118.97,118.97,118.92,118.72,118.98,118.98,150.67,154.33,161.11,162.06,163,163.12,163.68,171.09,161.23,161.33,160.16,156.8,156.8,156.8,154.33,154.18,136.22,171.09,118.72,149.94
2023/06/29,140.04,126.29,126.29,122.72,122.72,126.29,126.29,156.75,153.24,156.78,164.1,164.1,163.5,163.5,164.47,163.5,163.5,160.11,158.51,158.06,154.4,153.94,153.94,153.95,164.47,122.72,151.63
2023/06/28,202.98,127.45,127.45,127.45,127.45,127.45,127.22,151.27,150.95,154.98,156.97,170.2,157.03,170.76,169.58,162.11,169.4,161.71,161.71,161.71,158.25,154.98,154.66,153.63,202.98,127.22,155.01
2023/06/27,159.26,123.39,123.39,123.39,123.39,123.39,123.39,126.04,154.1,154.59,159.75,171.51,160.88,169.17,170,168.46,160.78,160.08,160.11,154.59,154.59,154.17,154.06,129.88,171.51,123.39,150.24
2023/06/26,126.52,122.36,122.36,122.36,122.24,122.36,122.36,126.96,156.74,164.79,164.79,169.58,156.78,169.67,165.99,169.58,165.05,163.85,156.77,168.14,154.87,154.12,154.57,154.12,169.67,122.24,151.71
2023/06/25,126.13,127.08,119.63,114.86,114.86,114.86,114.86,112.52,126.28,127.7,149.98,149.46,156.06,156.06,156.05,156.06,155.96,155.83,155.95,164.68,164.69,155.76,148.79,136.09,164.69,112.52,141.22
2023/06/24,158.89,130.63,126.46,122.55,119.8,126.46,127.26,126.76,153.96,155.58,155.57,157.21,157.19,160.46,160.56,160.56,160.46,154.87,168.56,157.17,157.17,153.85,147.03,124.94,168.56,119.8,147.5
2023/06/23,128.61,127.37,127.35,121.19,121.19,122.18,127.35,127.35,155.67,155.87,155.86,155.86,155.73,155.86,163.21,159.06,169.19,157.94,157.94,157.95,155.92,155.93,155.93,155.92,169.19,121.19,148.25
2023/06/22,129.37,128.61,123.76,123.76,123.76,123.76,123.76,127.96,148.28,155.5,155.84,155.83,155.83,169.58,162.45,172.77,155.83,155.83,155.84,155.84,155.84,152.2,137.47,135.8,172.77,123.76,146.8
2023/06/21,159.02,126.81,126.81,126.81,126.81,126.81,126.81,148.11,154.77,163.25,160.81,163.25,163.25,164.65,164.19,164.19,165.14,164.19,164.19,164.19,160.81,154.41,154.17,153.38,165.14,126.81,153.33
2023/06/20,159.38,126.77,126.77,126.77,126.77,126.77,126.77,153.18,154.34,161.94,162.81,163.83,162.86,163.83,171.38,169.56,164.4,163.83,163.27,163.27,162.89,161.94,161.94,153.18,171.38,126.77,154.94
2023/06/19,155.87,125.83,122.5,122.5,122.5,122.5,125.83,152.95,153.23,162.09,162.09,162.12,153.22,170.75,169.13,169.93,174.8,163.99,163.89,168.99,168.84,161.5,159.27,169.19,174.8,122.5,155.83
2023/06/18,157.82,139.12,128.43,126.28,126.28,126.82,126.63,118.51,144.23,144.23,143.86,156.11,156.42,156.41,156.41,156.2,149.03,148.52,160.05,160.07,160.08,159.7,159.71,159.68,160.08,118.51,147.54
2023/06/17,158.09,154.01,153.89,127.22,153.97,126.73,153.99,119.8,155.25,156.27,156.03,156.2,156.17,158.54,158.5,168.53,157.75,157.76,166.7,166.7,169.84,157.81,169.13,157.82,169.84,119.8,155.41
2023/06/16,128.53,126.91,126.91,122.95,122.95,126.91,126.91,148.19,154.3,156.32,164.17,164.9,154.58,156.32,158.41,156.32,166.98,154.88,156.32,156.98,155.82,154.58,154.46,154.24,166.98,122.95,149.06
2023/06/15,127.74,127.28,122.96,122.96,122.96,122.96,127.28,127.28,128.75,155.6,155.64,155.64,155.63,162.93,159.24,155.63,155.62,155.91,158.04,159.47,158.65,156.27,156.28,156.29,162.93,122.96,146.6
2023/06/14,158.82,153.9,125.67,122.25,122.25,125.67,153.89,155.1,155.13,156.34,156.35,163.79,156.35,167.37,156.34,169.63,168.75,156.34,156.34,156.34,156.3,154.42,154.4,154.03,169.63,122.25,153.29
2023/06/13,129.03,117.35,116.82,116.06,116.06,116.06,124.9,157.23,155.13,157.62,164.62,164.44,155.39,157.62,157.62,155.34,155.6,157.57,157.62,157.22,157.22,157.23,137.64,154.28,164.62,116.06,146.96
2023/06/12,127.13,115.67,115.67,115.67,115.67,115.67,127.13,127.13,130.16,158.18,170.56,160.82,159.15,159.15,160.82,156.1,169.19,156.06,160.82,160.82,160.82,156.93,138.48,138.01,170.56,115.67,146.36
2023/06/11,116.98,115.4,111.45,110.63,111.45,111.92,111.92,109.2,108.86,103.7,103.79,103.41,103.13,103.8,103.8,105.48,109.04,118.26,130.43,129.06,129.56,129.06,129.06,128.46,130.43,103.13,115
2023/06/10,129.55,129.29,118.6,114.65,114.65,120.36,120.47,113.23,120.82,121.58,121.64,130.14,128.36,157.75,157.82,157.82,157.68,157.79,127.69,129.75,129.75,129.71,129.71,129.71,157.82,113.23,131.19
2023/06/09,129.5,128.61,117.9,117.9,117.9,117.9,118.62,126.88,156.89,147.63,156.03,164.87,155.86,155.72,162.48,159.2,169.1,155.82,155.73,156.89,156.9,156.86,146.39,137.06,169.1,117.9,145.84
2023/06/08,129.37,127.61,117.11,116.23,116.23,116.23,127.61,127.61,155.77,154.35,158.59,159.52,154.34,159.59,162.54,158.69,169.12,156.02,156.02,155.74,155.75,155.75,147.94,138.78,169.12,116.23,146.26
2023/06/07,129.61,117.39,117.39,117.39,117.39,117.39,127.06,126.47,155.55,169.38,155.35,155.35,155.32,155.35,163.43,169.23,155.34,155.34,159.35,165.56,158.22,155.53,155.54,155.54,169.38,117.39,148.01
2023/06/06,129.17,128.35,119.63,119.63,118.01,118.01,119.63,117.38,120.01,120.53,152.01,154.27,152.01,153.75,153.49,150.49,146.38,160.68,160.71,160.72,165.49,160.74,150.49,160.75,165.49,117.38,142.39
2023/06/05,117.21,112.45,112.45,112.45,112.45,117.1,118.18,118.18,128.85,158.06,158.08,134.39,123.3,158.27,159.52,173.56,158.88,158.88,158.9,158.9,158.9,157.26,157.26,157.19,173.56,112.45,143.05
2023/06/04,125.23,119.63,118.42,119.63,119.42,119.63,119.63,118.41,122.98,123.52,122.76,122.41,110.21,123.03,122.69,122.84,116.72,122.9,130.38,160.18,160.18,130.38,130.38,130.38,160.18,110.21,126.29
2023/06/03,130.72,129.66,119.04,119.04,129.66,129.66,129.66,124.02,126.64,171.7,154.54,168.93,152.33,152.33,159.6,163.5,152.34,152.35,152.32,171.31,157.5,152.33,157.45,157.43,171.7,119.04,146.57
2023/06/02,129.37,116.48,116.05,116.05,116.05,116.05,127.32,127.32,156.74,181.59,177.7,156.01,156.01,156.01,180.24,174.28,156.01,156.01,156.02,156.65,156.66,156.67,156.6,137.45,181.59,116.05,148.8
2023/06/01,128.51,126.88,120.26,119.45,120.26,120.26,126.02,128.51,154.04,160.12,161.58,162.24,160.55,170.14,162.88,171.04,173.09,161.94,161.94,155.05,154.83,154.7,153.64,153.64,173.09,119.45,150.22
2023/05/31,129.12,123.29,119.78,119.78,119.78,119.78,122.91,133.21,134.35,136.93,161.4,163.72,160.29,167.22,189.28,183.03,162.54,162.55,161.49,162.99,163,158.05,158.05,136.68,189.28,119.78,149.32
2023/05/30,131.05,121.76,119.96,119.96,119.96,119.96,121.98,128.44,162.5,163.56,168.76,168.71,162.75,169.19,178.88,179.83,189.2,186.67,168.75,166.1,161.98,161.08,174.11,161.08,189.2,119.96,156.75
2023/05/29,122.24,118.65,118.65,118.65,118.65,118.65,118.65,125.35,151.18,166.21,211.02,166.45,151.18,146.18,165.71,166.36,167.54,166.36,145.31,149.36,165.23,165.21,165.29,129.9,211.02,118.65,149.32
2023/05/28,128.88,117.37,117.37,117.37,117.37,117.37,117.37,117.12,117.12,117.12,129.99,123.03,125.91,126.14,125.96,117.12,117.12,130.01,131.53,131.53,131.65,131.53,131.53,131.53,131.65,117.12,123.98
2023/05/27,130.19,126.1,121.41,121.41,121.41,121.41,121.41,120.97,129.62,131.48,131.48,162.83,161.62,162.97,162.93,180.6,169.27,169.25,169.25,169.24,169.25,161.78,162.01,160.49,180.6,120.97,148.22
2023/05/26,133.19,122.09,122.09,122.09,122.09,122.09,125.66,129.54,166.37,166.87,181.82,170.12,167.15,167.43,177.45,180.59,166.38,163.45,163.46,163.46,163.45,161.65,134.39,131.51,181.82,122.09,152.87
2023/05/25,127.96,124.71,119.98,119.98,119.98,119.98,123.38,160.43,160.47,148.79,163.02,163.02,163.01,169.86,184.23,173.14,167.75,163.03,163.03,163.04,163,146.81,134.98,134.39,184.23,119.98,150.38
2023/05/24,127.96,122.93,121.16,119.94,119.94,119.94,124.06,125,173.78,122.56,148.31,161.04,161.04,161.04,165.13,167.42,168.61,168.39,166.69,165.5,165.5,161.08,147.05,137,173.78,119.94,147.99
2023/05/23,124.3,122.58,120.38,120.38,120.38,122.58,124.3,122.58,159.44,160.76,166.02,168.9,161.87,165.08,211.69,211.94,182.21,165.07,161.88,161.9,161.9,147.9,136.78,136.78,211.94,120.38,153.43
2023/05/22,123.03,114.12,110.33,110.33,110.33,114.12,122.84,123.03,133.4,162.1,177.6,149.8,121.53,149.8,149.8,162.29,177.71,167.29,167.28,167.28,165.39,164.11,164.13,164.16,177.71,110.33,147.44
2023/05/21,129.65,114.77,115.3,112.64,115.3,123.59,124.32,109.31,109.31,109.31,109.31,109.31,109.31,123.76,124.22,124.98,125,125,137.12,174.72,174.73,168.02,137.61,137.61,174.73,109.31,128.53
2023/05/20,127.09,124.33,124.33,121.08,124.33,125.7,126.24,124.33,134.8,134.5,134.1,121.73,121.73,133.7,129.01,133.9,129.01,130.99,132.17,168.09,168,168.01,132.17,168.01,168.09,121.08,135.38
2023/05/19,126.71,122.65,121.38,121.38,121.38,121.38,125.23,125.23,163.16,165.18,164.26,168.85,163.62,166.89,170.07,166.89,163.96,164.51,166.89,164.43,164.45,163.19,163.22,163.12,170.07,121.38,152.87
2023/05/18,125.84,122.54,122.54,122.54,122.54,122.54,127.8,176.98,176.95,176.92,181.74,178.63,165.25,178.04,165.23,165.22,163.44,162.59,162.6,162.75,161.43,161.5,161.27,161.27,181.74,122.54,157.34
2023/05/17,128.72,125.39,121.53,121.53,121.53,123.45,128.72,127.43,161.22,160.94,160.94,160.94,121.8,160.94,177.57,177.24,167.01,184.14,169.74,184.16,168.58,165.91,165.91,165.91,184.16,121.53,153.89
2023/05/16,128.3,124.97,123.04,123.04,123.04,124.15,126.88,124.97,148.81,160.87,150.18,150.18,145.98,144.36,149.99,145.98,148.21,157.29,185.09,166.59,166.27,165.07,164.65,164.65,185.09,123.04,147.35
2023/05/15,123.58,119,119,119,119,119,123.58,124.41,124.41,161.09,213.86,161.06,129.14,130.96,133.75,133.75,131.8,133.64,136.97,165.97,165.54,161.05,161.08,136.97,213.86,119,140.7
2023/05/14,116.19,111.39,111.39,109.62,109.62,109.62,111.39,109.62,106.08,106.08,109.19,108.67,127.13,127.26,126.61,126.42,109.62,115.75,126.46,177.4,176.6,176.71,132.17,132.17,177.4,106.08,125.15
2023/05/13,126.19,124.11,116.58,116.58,116.58,118.06,117.31,116.5,108.88,105.34,105.33,105.33,101.21,105.33,105.33,105.33,113.51,116.58,124.24,124.24,124.24,124.24,124.24,124.24,126.19,101.21,115.88
2023/05/12,132.92,123.6,117.6,117.6,117.6,123.42,130.29,125.17,162.03,162.02,162.02,150.68,121.95,150.68,160.93,150.68,181.47,164.58,164.67,164.69,164.71,164.56,164.65,136.46,181.47,117.6,147.48
2023/05/11,129.15,122.59,117.58,118.11,118.11,121.01,129.15,123.13,162.56,134.35,134.05,212.98,133.65,133.45,179.05,133.45,133.65,162.11,170.22,170.23,159.51,138.11,138.11,136.59,212.98,117.58,142.95
2023/05/10,127.96,122.16,121.71,121.77,121.77,122.01,125.43,125.43,161.44,148.99,148.99,148.99,159.79,160.01,160.01,160.01,160.02,177.42,167.11,173.93,167.1,161.28,161.28,161.29,177.42,121.71,149.68
2023/05/09,126.91,123.57,123.57,123.57,123.57,123.57,125.49,124.89,162.31,171.29,167.57,164.69,149.15,166.72,164.32,160.94,164.29,164.29,167.12,168.62,165.55,162.25,162.25,162.26,171.29,123.57,151.99
2023/05/08,124.13,118.01,118.01,118.01,118.01,120.83,122.59,129.02,166.03,171.34,184.76,149.16,145.59,149.16,149.16,160.94,157.04,161.8,166.91,170.87,162.11,161.71,161.71,161.71,184.76,118.01,149.78
2023/05/07,115.51,112.19,112.19,112.19,112.19,112.19,115.76,115.43,115.76,113.15,124.24,124.93,123.54,124.97,166.89,166.94,166.46,152.19,145.75,152.05,126.82,126.19,126.3,123.86,166.94,112.19,129.65
2023/05/06,116.65,114.5,114.5,114.5,114.5,114.5,114.5,115.16,114.5,114.5,123.63,124.24,124.12,123.81,123.74,123.46,123.02,123.31,123.51,125.09,125.09,125.07,125.01,124.27,125.09,114.5,120.38
2023/05/05,127.15,114.34,114.21,114.21,114.21,114.21,115.76,123.08,162.04,162.08,165.43,167.4,167.4,165.43,162.08,162.08,161.61,160.79,143.8,146.1,123.58,123.58,123.58,123.37,167.4,114.21,140.59
2023/05/04,126.61,123.84,123.84,122.17,123.84,125.37,125.37,161.09,165.58,163.13,163.13,163.09,150.99,163.13,163.13,163.13,182.15,177.92,170.8,167.82,171.12,161.1,161.1,161.06,182.15,122.17,154.28
2023/05/03,126.46,123.32,122.26,121.97,122.26,124.08,125.4,160.81,161.03,161.02,153.44,151.46,120.48,155.94,155.95,155.95,171.39,162.48,167.57,167.64,162.1,162.12,162.12,136.64,171.39,120.48,148.2
2023/05/02,118.32,115.06,115.06,115.06,115.06,115.06,118.84,121.87,158.72,122.33,118.32,115.06,109.87,122.44,158.7,167.29,132.74,170.36,166,169.68,136.36,136.36,136.09,134.74,170.36,109.87,134.39
2023/05/01,125.35,114.9,114.9,114.9,114.9,114.99,123.51,124.74,123.51,115.88,114.99,114.9,112.3,114.9,116.52,125.26,128.46,134.84,137.68,137.73,137.73,134.84,134.84,134.01,137.73,112.3,124.36
2023/04/30,130.04,125.36,123.81,123.81,125.36,126.66,136.46,124.91,109.38,106.8,106.31,117.3,117.25,118.51,106.8,119.55,121.49,140.19,139.52,147.98,147.82,142.3,142.9,140.19,147.98,106.31,128.08
2023/04/29,154.29,147.19,131.79,131.79,131.79,142.03,146.88,125.63,123.91,120.61,157.86,162.86,159.59,161.18,161.18,168.79,168.79,156.71,154.29,168.76,168.76,152.92,168.76,168.76,168.79,120.61,151.61
2023/04/28,173.22,166.04,164.03,152.69,131.12,153.5,174.27,174.25,174.43,169.88,174.73,162.9,156.04,160.56,169.85,161.62,168.19,177.43,177.46,182.6,177.46,177.45,177.44,174.54,182.6,131.12,168.49
2023/04/27,170.06,164.07,132.78,164.01,154.48,164.02,175.37,175.52,175.34,173.73,173.74,173.74,165.53,170.57,173.73,173.73,173.73,181.61,181.63,182.06,179.81,174.91,174.92,174.8,182.06,132.78,171.47
2023/04/26,172.45,131.87,131.87,131.87,131.87,131.87,163.27,173.72,173.71,169.74,169.68,160.43,129.32,160.94,165.47,167.54,172.85,179.24,180.65,180.81,180.02,179.71,179.71,173.73,180.81,129.32,163.36
2023/04/25,171.28,159.42,140.78,140.78,140.78,140.78,159.95,173.22,180.72,179.51,179.51,175.35,166.88,176.76,179.51,179.51,180.19,179.51,180.35,179.51,175.62,174.21,174.34,174.17,180.72,140.78,170.35
2023/04/24,128.51,125.66,122.89,122.89,124,128.51,153.6,173.22,191.61,194.68,169.84,169.84,166.34,166.34,166.34,166.34,171.28,172.51,184.88,187.2,180.99,176.46,172.33,173.22,194.68,122.89,163.96
2023/04/23,154.09,136.57,124.27,124.27,124.27,124.27,154.09,124.27,120,120.16,150.51,162.48,161.97,152.99,140.19,119.63,167.47,172.12,171.84,171.84,190.47,171.84,171.84,171.84,190.47,119.63,150.07
2023/04/22,154.08,133.81,132.56,129.3,129.3,133.65,142.21,143.66,165.43,164.66,164.15,163.53,163.53,163.53,167.48,170.24,170.13,173.68,162.51,173.32,161.18,163.72,157.7,154.29,173.68,129.3,155.79
2023/04/21,162.16,138.05,131.08,131.08,132.06,132.06,153.6,153.6,174.45,173.22,165.97,165.96,165.95,165.95,172.46,179.05,179.08,179.09,179.07,179.07,179.06,174.44,174.45,174.46,179.09,131.08,164.14
2023/04/20,171.28,141.69,131.61,131.61,131.61,154.24,171.28,173.77,173.76,184.33,170.92,173,169.53,172.5,172.5,172.5,171.28,175.89,183.57,197.56,182.87,175.91,175.9,175.86,197.56,131.61,169.05
2023/04/19,173.22,173.22,157.31,157.31,160.37,160.37,173.12,173.88,179.23,179.2,176.03,175.34,165.18,175.34,176.03,179.23,180.94,180.94,180.94,180.95,179.21,175.65,174.66,174.7,180.95,157.31,173.91
2023/04/18,171.28,171.28,153.85,153.78,153.71,157.65,172.33,172.68,178.69,217.36,206.66,175.55,170.11,175.55,178.87,224.35,182.64,182.67,182.78,182.79,175.55,174.22,174.25,174.3,224.35,153.71,178.78
2023/04/17,152.15,127,125.68,125.33,125.68,132.41,160.92,167.01,172.02,172.03,172.03,172.03,172,172.03,172.03,172.03,172.01,171.99,174.12,184.28,174.42,172,172.01,171.99,184.28,125.33,163.3
2023/04/16,171.84,157.03,127.17,127.17,144.18,171.84,171.84,160.15,160.77,160.77,162.06,164.6,164.61,164.61,164.61,164.58,167.69,171.84,171.84,171.84,171.84,171.84,171.84,171.84,171.84,127.17,163.05
2023/04/15,171.82,152.55,132.98,132.98,132.98,146.49,149.37,150.23,175.9,175.9,175.9,179.92,166.58,170.08,170.19,184.06,178.64,173.68,171.82,175.9,171.82,171.82,171.82,171.82,184.06,132.98,164.89
2023/04/14,171.28,158.48,158.94,140.78,140.78,160.16,171.03,174.07,174.37,174.37,174.36,174.31,160.78,174.36,174.34,174.36,180.92,180.94,181.14,180.96,180.95,174.37,174.37,173.47,181.14,140.78,170.85
2023/04/13,171.28,159.12,132.94,131.72,148.15,157,172.14,187.4,186.93,188.35,169.86,166.5,159.51,160.44,161.47,161.47,171.28,172.45,182.77,182.78,172.76,172.99,173.22,173.23,188.35,131.72,168.09
2023/04/12,173.89,173.91,140.78,130.73,140.78,173.91,173.91,174.9,178.74,184.97,178.82,178.81,174.9,178.75,178.81,175.19,174.98,175.02,178.79,178.82,178.78,175.21,175.21,174.48,184.97,130.73,172.44
2023/04/11,173.22,131.72,130.49,130.49,130.49,131.72,171.28,174.59,179.57,188.97,197.85,179.57,173.66,173.78,173.66,174.02,188.97,188.97,188.97,188.97,179.62,188.97,175.2,188.97,197.85,130.49,172.43
2023/04/10,133.59,126.83,124.66,124.66,125.61,129,153.6,173.69,172.46,172.46,172.46,172.46,172.44,172.46,172.46,172.46,172.45,172.45,189.26,203.77,174.43,172.43,172.42,172.39,203.77,124.66,164.44
2023/04/09,171.84,146.53,126.51,126.51,127.39,171.84,171.84,160.8,121.74,116.67,117.93,118.27,118.27,117.6,118.43,120.21,162.99,176.76,171.84,184.78,171.84,171.84,171.84,171.84,184.78,116.67,149.88
2023/04/08,171.82,154.08,133.09,133.09,133.09,150.41,170.69,154.29,122.98,166.71,185.73,165.43,135.51,135.51,135.51,153.15,121.96,155.36,185.73,177.49,177.36,177.05,177.05,177.05,185.73,121.96,156.98
2023/04/07,171.28,154.15,141.08,132.25,132.58,155.27,171.28,173.81,184.26,185.98,185.59,176.14,158.27,158.43,176.1,176.1,176.08,176.13,198.91,176.14,176.12,173.83,173.83,173.84,198.91,132.25,169.97
2023/04/06,176.6,176.6,154.4,154.4,154.4,158.08,176.61,177.8,180.48,180.46,180.45,177.8,168.12,176.49,177.11,176.49,180.45,180.45,180.46,186.35,180.44,176.6,186.35,176.61,186.35,154.4,175.3
2023/04/05,175.43,175.43,175.48,157.08,157.48,175.43,175.48,176.34,186.62,205.2,186.5,180.07,174.91,176.74,176.74,176.74,176.74,180.96,180.96,180.07,175.4,175.43,175.43,175.48,205.2,157.08,177.71
2023/04/04,171.28,164.46,171.28,159.79,164.5,171.28,173.44,173.86,183.68,180.58,173.99,173.33,166.08,173.32,175.53,181.76,182.59,182.07,188.97,182.49,181.76,175.53,177.72,174.19,188.97,159.79,175.58
2023/04/03,140.78,126.99,125.91,122.91,125.91,128.08,171.28,171.28,172.26,171.96,174.73,170.18,158.9,169.14,169.14,169.14,174.73,174.52,182.37,183.1,176.51,175.02,175.02,174.14,183.1,122.91,163.61
2023/04/02,171.84,125.81,124.93,124,124.93,171.84,171.84,160.8,121.38,107.22,116.34,117.51,107.28,107.47,117.64,106.4,111.14,155.96,171.84,171.84,171.84,171.84,171.84,171.84,171.84,106.4,142.76
2023/04/01,171.82,154.08,141.21,132.57,154.08,155.35,171.82,154.08,154.29,143.05,154.29,173.28,119.33,154.29,160.04,160.04,165.34,178.59,178.6,178.62,178.64,178.66,178.67,178.68,178.68,119.33,161.87
2023/03/31,243.03,243.06,196.81,171.26,196.81,224.62,243.11,242.88,242.73,246.81,257.44,244.13,136.82,171.26,171.26,210.06,240.78,239.23,244.18,245.19,243.61,242.73,242.8,242.84,257.44,136.82,225.61
2023/03/30,238.87,238.9,238.29,206.64,210.42,238.28,238.95,240.87,250.02,254.92,246.56,240.14,238.72,239.72,198.76,198.76,238.13,240.78,251.99,249.72,246.5,240.99,241.16,238.8,254.92,198.76,236.64
2023/03/29,238.7,238.65,238.7,206.64,171.26,238.7,238.7,243.25,243.25,238.22,238.11,239.96,196.81,137.04,136.82,198.29,224.33,239.46,248.01,248.45,245.82,244.61,241.45,240.78,248.45,136.82,225.33
2023/03/28,241,240.91,196.01,188.95,240.5,241,240.98,241.75,242.26,240.65,242.65,242.36,137.9,153.58,241.4,189.95,240.34,241.24,257.44,257.44,242.74,240.88,241.37,240.91,257.44,137.9,229.68
2023/03/27,195.86,126.67,126.67,126.67,126.67,140.01,219.67,241.37,246.66,310.45,262.54,254.05,202.62,232.99,243.94,232.99,238.13,244.42,248.3,251.61,245.79,240.78,240.78,237.76,310.45,126.67,222.32
2023/03/26,241.56,207.31,192.35,171.82,171.82,220.94,225.05,225.05,128.77,118.19,118.24,118.41,118.25,118.41,118.33,118.41,119.3,198.47,241.56,241.72,241.73,241.75,241.76,241.77,241.77,118.19,186.08
2023/03/25,246.49,241.17,241.18,197.18,200.54,241.19,241.54,241.54,191.11,193.86,138.52,125.07,126.18,118,119.39,119.39,154.06,225.03,241.9,241.92,241.93,241.95,241.96,241.96,246.49,118,203.58
2023/03/24,219.27,217.95,153.58,140.01,171.26,188.95,238.02,242.23,253.22,251.61,241.79,238.16,190.43,227.21,225.88,233.55,240.78,240.85,253.06,253.06,253.06,253.07,253.07,253.07,253.22,140.01,228.27
2023/03/23,241.22,241.21,206.64,206.64,206.64,241.28,241.31,241.28,251.79,251.79,243.45,242.46,223.45,241.46,237.73,242.67,242.46,241.09,243.62,242.96,246.25,241.38,241.47,241.54,251.79,206.64,238.22
2023/03/22,237.7,237.73,192.18,139.2,188.95,237.74,237.74,240.78,242.82,264.45,250.75,251.61,242.79,242.79,242.85,239.01,257.44,269.69,247.94,247.94,247.94,238.59,237.31,237.35,269.69,139.2,237.55
2023/03/21,224.33,210.42,206.64,139.85,210.63,210.51,224.33,251.61,239.73,265.34,251.61,239.53,237.75,238.74,245.1,238.74,245.1,251.61,273.92,238.63,237.75,237.7,237.75,237.82,273.92,139.85,234.35
2023/03/20,140.28,133.21,133.21,133.21,133.21,140.01,210.68,240.14,241.63,245.79,251.61,240.13,202.18,191.18,190.05,238.81,238.03,241.09,274.56,274.56,245.79,239.43,240.78,253.92,274.56,133.21,215.56
2023/03/19,134.24,124.34,115.29,114.1,114.1,118.87,132.65,134.65,114.1,114.1,114.1,114.1,114.1,114.1,114.1,114.1,118.6,137.05,145.88,145.88,151.39,151.39,151.39,151.39,151.39,114.1,128.46
2023/03/18,228.18,193.24,139.6,140.03,140.03,193.33,193.43,193.51,140.03,118.05,117.41,138.31,112.6,126.18,112.6,115.72,113.59,131.36,191.8,193.16,193.25,193.25,193.25,193.24,228.18,112.6,160.48
2023/03/17,240.44,140.5,140.5,140.72,140.72,140.72,240.52,243.07,242.97,241.15,269.24,248.11,240.72,249.48,257.44,241.15,239.91,241.22,241.15,240.41,240.23,240.27,240.31,243.32,269.24,140.5,224.54
2023/03/16,210.68,140.72,133.92,128.08,140.72,210.5,210.68,239.16,239.34,245.79,239.11,245.79,238.28,238.91,237.28,238.78,238.35,240.71,241.36,241.36,241.36,236.52,236.52,236.54,245.79,128.08,220.6
2023/03/15,210.68,210.68,139.42,139.42,139.42,139.42,230.81,240.75,242.62,242.61,242.42,240.36,190.43,192.02,202.37,241.34,238.5,254.97,252.05,252.05,241.46,238.8,239.37,254.17,254.97,139.42,219.59
2023/03/14,233.52,193.29,132.7,132.7,132.7,210.68,234.42,239.29,245.79,274.04,255.77,240.62,238.91,238.91,238.91,237.91,238.57,236.67,257.61,239.56,236.93,236.99,236.99,236.99,274.04,132.7,226.42
2023/03/13,194.97,127.42,116.27,116.26,127.4,128.56,134.77,235.77,255.77,274.5,238.66,237.92,236.12,236.12,237.12,236.12,235.24,237.92,251.05,251.05,237.68,235.37,236.12,235.41,274.5,116.26,214.69
2023/03/12,241.93,241.69,134.68,133.77,134.53,216.33,241.71,219.43,131.81,117.66,116.28,115.1,111.96,110.93,111.2,111.61,115.1,193.96,217.57,217.57,199.75,199.75,199.75,199.75,241.93,110.93,170.91
2023/03/11,242.38,242.39,207.29,134.45,209.32,212.71,242.4,242.29,207.29,232.22,232.2,228.2,220.93,219.09,118.14,118.15,212.41,131.58,242.95,242.88,242.98,242.98,242.86,242.93,242.98,118.14,214.08
2023/03/10,228.61,227.32,171.26,133.18,171.26,210.68,251.61,238.72,259.31,272.97,254.07,241.51,232.64,239.03,240.07,241.27,225.51,251.61,242.28,242.28,242.22,237.94,242.21,238,272.97,133.18,231.83
2023/03/09,223.87,188.95,138.77,138.77,138.77,196.7,227.84,234.24,249.78,247.71,257.44,242.81,237.34,242.81,245.79,242.87,238.33,238.36,238.4,238.33,236.3,236.35,236.42,236.42,257.44,138.77,225.25
2023/03/08,226.35,139.42,139.42,139.42,139.42,139.42,226.39,238.87,250.33,245.79,230.13,238.83,137.25,217.5,214.49,227.5,243.79,251.61,243.85,245.79,238.88,236.75,236.75,236.75,251.61,137.25,214.42
2023/03/07,226.16,224.33,138.77,138.77,138.77,209.12,228.91,236.33,247.61,239.42,247.56,238.15,236.28,238.37,239.93,245.79,272.05,238.76,239.7,238.48,236.42,236.46,236.5,236.5,272.05,138.77,227.04
2023/03/06,225.79,140.01,130.99,130.99,140.01,140.07,140.07,244.11,244,263.43,263.43,239.02,233.74,239,238.98,233.69,238.96,245.72,262.9,262.9,262.9,233.73,242.67,240.42,263.43,130.99,221.96
2023/03/05,232.68,211.57,139.49,139.49,139.49,139.49,235.11,139.49,134.54,105.37,112.48,94.12,91.87,90.54,102.1,102.16,106.41,135.61,140.62,225.52,225.52,225.52,225.52,241.53,241.53,90.54,159.08
2023/03/04,252.33,234.74,234.74,220.48,220.48,234.75,234.75,235.13,227.54,139.39,229.26,229.03,137.66,137.44,136.58,123.14,136.58,235.09,235.11,235.73,235.41,235.16,235.78,252.33,252.33,123.14,211.22
2023/03/03,227.31,216.51,206.5,140.07,209.89,222.67,233.65,241.16,241.21,241.21,274.5,241.15,235.08,236.1,245.79,241.14,241.15,241.16,241.16,241.15,235.19,235.25,235.25,235.93,274.5,140.07,232.67
2023/03/02,215.57,141.15,138.39,140.01,141.15,220.15,234.14,238.68,256.26,259.89,252.72,252.72,238.73,238.66,238.67,238.67,234.15,238.71,251.59,243.23,238.7,233.18,232.76,234.15,259.89,138.39,225.57
2023/03/01,268.71,236.23,236.11,227.31,227.31,236.12,236.23,236.22,236.22,236.22,236.2,236.19,236.78,236.78,235.96,236.16,236.17,236.18,241.64,241.64,241.63,236.23,236.24,236.25,268.71,227.31,237.6
2023/02/28,248.77,244.54,244.54,244.14,244.51,244.54,250.38,261.82,264.74,261.75,254.08,247,244.49,244.48,244.92,244.48,262.54,262.55,263.66,262.6,262.6,253.95,254.25,254.25,264.74,244.14,253.17
2023/02/27,280.13,237.72,233.83,233.83,233.83,233.83,240.99,256.47,271.9,264.98,260.42,261.68,253.95,253.95,253.95,253.95,261.68,263.79,264.98,264.98,264.98,253.95,258.51,259.13,280.13,233.83,255.85
2023/02/26,237,145.81,143.86,143.86,143.86,145.4,145.4,228.53,221.35,251.54,251.54,251.54,240.72,227.96,227.96,227.86,222.41,225.79,251.54,237.74,232.78,232.74,232.77,236.72,251.54,143.86,213.29
2023/02/25,253.11,245.71,244.99,244.69,244.95,245.22,246.03,246.04,243.57,242.96,243.41,251.77,251.77,234.56,231.83,233.72,239.31,242.84,253.11,254.33,243.49,243.5,243.51,243.52,254.33,231.83,244.66
2023/02/24,266.92,245.33,242.89,244.03,245.33,245.33,251.45,258.41,272.36,272.36,272.36,249.18,246.85,245.09,249.15,253.95,269.32,266.35,258.41,258.41,249.24,249.14,249.24,249.2,272.36,242.89,255.07
2023/02/23,266.92,242.77,242.77,242.77,242.77,243.73,254.6,263.48,272.36,272.36,272.36,267.19,245.07,247.6,256.93,255.59,272.36,272.36,272.36,260.53,255.59,247.55,255.59,251.45,272.36,242.77,258
2023/02/22,266.92,243.86,243.86,243.87,243.87,243.87,256.48,272.36,283.21,272.36,272.36,251.45,243.81,244.21,250.81,263.57,275.09,274.12,274.15,271.47,259.71,258.5,258.67,258.54,283.21,243.81,260.2
2023/02/21,257.2,243.75,243.75,243.75,243.75,243.75,251.45,270.53,280.13,272.36,271.16,249.94,243.72,243.71,250.22,260.34,272.5,274.95,272.57,271.77,261.15,259.15,259.5,258.41,280.13,243.71,259.06
2023/02/20,251.45,234.7,234.7,234.7,234.7,234.7,235.12,253.87,274.64,280.13,280.13,270.69,258.65,266.82,266.82,270.69,270.69,270.69,270.69,270.69,257,254.46,255.35,255.29,280.13,234.7,259.58
2023/02/19,249.07,239.92,231.59,225.08,228.4,231.63,240.11,240.11,232.77,236.72,247.71,239.13,232.94,236.5,243.97,232.76,236.89,238.72,249.07,249.07,249.07,249.07,249.07,249.07,249.07,225.08,240.19
2023/02/18,249.29,249.29,245.36,242.22,242.3,242.34,249.29,249.47,249.37,249.29,249.29,249.29,242.32,242.32,245.25,245.24,249.29,249.29,249.29,249.29,249.29,249.29,249.29,249.29,249.47,242.22,247.39
2023/02/17,256.93,244.07,244.07,244.07,244.07,244.83,251.45,260.95,280.13,270.69,270.1,260.95,245.82,247.63,255.41,260.95,275.57,275.57,275.58,262.84,260.95,247.73,256.28,259.67,280.13,244.07,258.91
2023/02/16,270.69,243.84,243.64,243.64,243.64,243.64,269.89,259.22,280.13,279.39,270.69,268.95,250.12,268.94,269.14,270.69,274.93,270.69,268.95,259.2,257.55,255.89,255.89,256.74,280.13,243.64,262.34
2023/02/15,261.83,252.79,243.67,243.67,243.67,252.79,256.93,259.94,271.22,270.69,270.69,261.36,257.06,259.66,257.14,269.75,270.69,270.69,270.69,269.75,259.15,256.13,257.14,256.13,271.22,243.67,260.76
2023/02/14,257.7,244.04,244.04,244.05,244.06,244.06,255.83,272.36,284.28,273.69,270.37,261.55,253.48,258.12,258.26,260.24,267.02,270.69,270.36,263.2,260.33,258.08,258.25,258.11,284.28,244.04,260.38
2023/02/13,258.6,242.38,242.38,242.26,242.38,242.38,242.38,264.26,291.63,274.64,270.53,259.44,245.38,247.25,259.44,264.56,270.69,274.64,270.69,263.71,261.09,251.45,253.95,253.95,291.63,242.26,259.07
2023/02/12,238.7,238.7,226.65,218.46,144.09,229.07,229.07,238.7,246.89,249.07,244.72,238.7,237.09,238.49,238.7,238.86,249.07,248.48,253.38,251.54,248.97,244.95,244.95,244.95,253.38,144.09,237.06
2023/02/11,249.29,249.29,235.18,235.18,234.11,235.99,247.57,249.29,245.33,245.73,249.77,253.11,247.39,247.39,251.77,251.77,249.29,251.77,264.33,251.77,253.11,242.51,242.86,242.87,264.33,234.11,247.02
2023/02/10,253.95,242.87,242.87,242.87,242.87,242.87,251.45,258.04,272.36,272.36,272.36,268.62,257.06,257.05,257.88,257.42,270.46,266.49,254.36,254.36,251.45,248.51,251.45,251.45,272.36,242.87,256.67
2023/02/09,261.83,243.88,243.88,243.88,243.88,243.88,257.29,264.29,281.63,280.13,272.36,260.45,257.29,257.29,258.8,258.8,272.36,272.36,272.36,270.89,259.14,258.28,258.08,257.29,281.63,243.88,261.21
2023/02/08,256.93,242.62,242.62,242.57,242.62,242.7,254.43,261.65,272.36,272.36,272.36,258.64,256.6,257.16,258.64,258.55,272.36,267.83,266.92,261.58,260.24,251.45,253.95,253.95,272.36,242.57,258.22
2023/02/07,261.83,244.23,244.23,244.24,244.24,254.26,254.88,260.08,280.13,272.36,270.23,260.08,256,257.48,260.08,261.77,270.83,270.83,270.77,261.33,257.48,254.15,254.15,254.26,280.13,244.23,259.81
2023/02/06,256.66,242.43,230.54,230.54,230.54,230.54,251.45,266.92,280.13,272.36,280.13,272.36,258.43,260.22,259.88,257.29,273.96,280.13,272.36,272.36,257.71,255.87,255.97,256.42,280.13,230.54,260.11
2023/02/05,242.8,205.13,145.26,131.09,145.12,143.19,145.52,228.36,251.54,251.54,208.29,198.23,194.64,127.93,194.64,222.19,251.54,263.28,277.28,264.39,249.22,249.07,249.07,249.07,277.28,127.93,214.56
2023/02/04,251.77,249.91,249.29,241.78,239.6,245.53,251.77,251.77,251.77,242.46,251.77,244.38,241.84,241.96,241.95,241.96,251.77,251.77,270.02,255.13,251.77,251.77,249.29,253.53,270.02,239.6,249.16
2023/02/03,254.98,254.98,242.33,242.33,242.33,255.1,258.69,262.09,289.58,276.78,269.79,260.1,257.82,258.44,258.44,260.1,272.36,272.36,271.87,261.75,258.44,245.99,258.36,259.11,289.58,242.33,260.88
2023/02/02,255.88,254.2,241.3,241.3,241.3,254.39,256.76,259.63,280.13,275.99,272.36,261.39,257.03,259.63,259.63,270.18,274.18,274.19,270.18,259.63,254.08,254.08,254.2,254.29,280.13,241.3,260.67
2023/02/01,253.95,243.82,243.82,243.82,243.82,243.81,251.45,255.71,281.46,281.46,276.72,272.36,260.3,260.3,266.92,259.46,272.36,272.36,270.77,258.65,257,255.21,255.27,255.34,281.46,243.81,260.84
2023/01/31,257.92,257.63,238.65,238.65,238.65,250.29,250.29,257.41,272.79,272.82,272.82,278.91,264.34,272.75,272.75,272.75,274.74,272.75,262.39,262.23,250.76,249.95,249.95,249.95,278.91,238.65,261.15
2023/01/30,218.65,197.18,184.43,184.69,203.37,203.37,211.29,260.24,271.36,275.3,275.23,275.23,260.49,260.49,261.67,263.14,269.62,288.96,284.65,274.33,269.49,261.5,261.5,261.5,288.96,184.43,253.28
2023/01/29,163.95,146.87,137.73,137.73,137.73,137.73,140.89,158.39,248.46,248.47,248.58,248.6,248.47,248.49,248.52,234.32,248.44,252.4,285,252.42,251.98,246.52,247.37,246.25,285,137.73,218.51
2023/01/28,249.94,246.31,246.31,235.29,235.29,241.23,246.31,254.79,255.43,254.78,255.29,250.22,249.73,246.13,246.32,244.75,246.66,250.55,251.06,250.61,249.98,249.88,250.06,250.4,255.43,235.29,248.37
2023/01/27,253.79,246.32,245.76,245.76,245.76,246.46,246.46,259.3,288.1,283.04,271.47,266.59,260.76,266.35,266.36,273.48,274.05,274.06,267.57,264.19,262.26,257.42,262.04,262.05,288.1,245.76,263.09
2023/01/26,248.22,247.3,240.87,240.83,240.76,240.87,247.23,263.39,282.31,287.31,287.16,269.69,269.64,269.57,269.57,269.57,269.98,269.83,268.89,265.51,262.26,262.26,255.32,262.26,287.31,240.76,263.38
2023/01/25,218.65,163.52,163.52,163.52,163.52,163.52,211.39,255.01,267.55,267.77,282.1,269.85,250.44,250.47,258.29,258.41,259.01,267.3,267.26,265.72,250.4,246.89,246.89,251.46,282.1,163.52,239.69
2023/01/24,165.5,155.16,146.29,146.29,146.29,155.16,165.5,165.5,163.95,166.17,207.88,202.31,166.17,163.95,166.17,155.16,206.32,232.06,258.64,250.57,247.67,232.06,231.22,232.06,258.64,146.29,190.86
2023/01/23,163.57,163.66,155.16,142.58,142.58,161.46,163.66,163.66,165.87,138.46,136.67,121.53,93.58,131.07,136.67,138.11,163.19,232.06,270.88,266.16,232.06,215.34,226.18,215.34,270.88,93.58,176.7
2023/01/22,163.57,146.6,145.28,141.66,141.66,144.32,160.98,160.98,144.96,137.16,136.57,136.57,136.57,124.06,136.57,138.11,144.64,163.44,165.12,165.8,163.59,163.44,165.8,165.87,165.87,124.06,150.58
2023/01/21,214.85,211.21,166.17,163.95,163.95,163.95,164.48,163.95,166.17,166.17,166.17,166.09,164.43,163.59,163.51,137.08,139.12,163.51,207.41,207.52,163.59,165.72,165.72,165.72,214.85,137.08,171.06
2023/01/20,217.54,213.79,213.62,213.67,213.62,214.18,245.57,241.03,254.56,254.56,254.51,251.47,249.99,249.94,249.94,245.69,245.48,245.51,245.54,245.59,238.37,235.55,217.09,231.9,254.56,213.62,237.65
2023/01/19,245.71,245.59,234.97,234.97,234.97,234.97,265.96,265.86,275.24,275.24,274.97,273.36,257.1,261.5,262.38,279.48,277.13,277.04,262.95,251.51,248.58,248.58,248.6,248.6,279.48,234.97,258.78
2023/01/18,245.71,238.83,230.11,230.11,230.11,230.11,259.54,259.85,277.96,277.07,265.92,263.15,252.45,259.81,261.48,265.32,272.01,272.01,265.86,258.21,251.46,247.78,247.81,247.81,277.96,230.11,255.78
2023/01/17,245.71,214.84,214.69,214.69,214.69,214.59,234.81,251.46,282.93,270.9,263.88,259.84,255.96,258.62,257.33,263.39,275.66,275.66,275.41,263.13,249.3,247.95,247.95,247.99,282.93,214.59,251.91
2023/01/16,221.35,164.02,165.65,164.02,164.02,164.02,165.65,218.81,263.7,264.78,263.22,261.73,253.22,253.26,253.25,253.25,258.17,258.42,253.3,251.19,249.79,249.2,249.2,249.24,264.78,164.02,233.99
2023/01/15,261.62,214.07,213.37,214.07,214.07,214.07,236.17,236.17,243.79,244.91,248.55,248.6,248.45,246.8,252.44,252.92,252.29,252.3,252.31,252.32,245.37,236.17,236.17,214.06,261.62,213.37,238.81
2023/01/14,218.46,217.62,164.79,164.79,164.79,164.79,210.89,209.18,218.24,252.96,254.09,255.18,247.53,241.49,247.53,243.36,229.35,229.18,247.02,243.39,238.11,238.11,229.35,231.35,255.18,164.79,224.45
2023/01/13,214.85,214.85,214.85,214.85,214.85,214.8,215.58,240.78,262.38,266.99,267.01,268.72,258.24,266.64,266.64,266.64,266.64,253.88,251.78,250.72,250.72,250.72,250.79,250.79,268.72,214.8,247.82
2023/01/12,241.45,212.97,209.32,209.32,209.32,215.07,239.64,244.29,268.51,264.12,255.59,259.97,251.29,252.21,253.8,267.19,255.05,259.5,252.38,252.35,250.4,250.43,250.42,250.38,268.51,209.32,246.01
2023/01/11,239.69,239.68,213.57,213.53,213.53,236.34,242.64,245.68,279.42,279.46,279.42,275.08,252.15,252.57,252.54,252.6,252.58,252.6,252.59,251.28,251.3,249.28,249.28,249.32,279.46,213.53,250.18
2023/01/10,253.66,230.51,230.51,230.51,230.51,230.51,237.58,248.5,269.83,283.04,274.3,265.48,250.01,251.66,252.73,261.25,276.99,269.15,268.79,252.74,249.91,249.3,249.3,249.34,283.04,230.51,253.96
2023/01/09,240.46,213.89,211.27,211.16,210.92,210.92,212.97,237.42,273.48,277.22,280.98,271.81,258.92,273.48,277.83,277.83,277.83,266.91,258.92,251.03,249.85,248.2,248.24,248.28,280.98,210.92,252.63
2023/01/08,241.83,243.85,213.94,213.84,213.84,213.84,213.84,236.19,243.22,243.63,248.53,248.52,248.36,248.44,248.51,248.51,252.38,252.86,253.05,252.41,252.41,243.26,243.78,244.5,253.05,213.84,240.49
2023/01/07,249.28,245.62,245.64,241.53,236.56,245.64,245.64,245.64,250.6,251.06,251.23,275.48,269.33,269.33,251.31,251.21,250.58,250.6,251.69,250.71,250.63,241.78,250.65,250.66,275.48,236.56,251.04
2023/01/06,249.15,247.94,247.97,247.1,247.97,247.1,247.97,264.04,277.96,282.99,287.23,285.58,276.21,276.22,285.12,278.89,277.25,270.36,270.05,263.3,262.05,251.49,248.91,251.46,287.23,247.1,265.65
2023/01/05,258.94,252.88,241.09,241.09,248.97,247.45,253.17,253.11,273.54,273.61,277.27,273.53,258.32,259.16,273.53,273.53,273.56,273.53,273.53,263.84,263.03,249.83,253.36,249.83,277.27,241.09,261.74
2023/01/04,265.88,249.46,249.5,241.2,241.2,249.37,249.5,262.74,277.96,275.65,272.79,269.49,258.57,258.57,269.49,272.87,272.94,280.94,272.87,262.69,262.71,249.78,249.39,253.79,280.94,241.2,262.17
2023/01/03,250.63,250.27,226.9,226.9,233.98,250.59,250.63,263.98,281.86,270.5,269.01,269.01,263.01,264.38,263.16,255.45,266.71,269.01,266.72,263.93,250.51,250.54,250.54,250.59,281.86,226.9,257.58
2023/01/02,212.29,210.49,210.75,211.71,211.71,211.71,214.13,261.02,268.59,274.6,274.54,270.63,257.36,260.01,265.97,272.81,272.88,272.88,272.81,270,261.82,247.26,247.1,251.27,274.6,210.49,252.34
2023/01/01,207.31,185.64,181.23,163.51,160.98,181.23,182.2,184.54,207.52,207.88,207.88,165.73,163.37,165.58,165.58,165.58,217.79,218.73,266.16,219.52,217.59,216.49,214.57,217.56,266.16,160.98,196.76
2022/12/31,252.77,175.94,175.94,175.94,173.47,175.11,217.67,175.11,267.5,274.63,279.25,273.88,262.56,261.67,251.67,268.79,268.17,273.66,297.73,267.53,266.86,236.09,217.14,217.14,297.73,173.47,237.64
2022/12/30,272.84,259.56,249.85,249.85,249.85,259.58,272.6,275.12,286.15,286.2,286.13,286.13,278.26,281.48,286.13,286.13,286.18,286.13,281.52,271.26,275.08,260.45,259.6,259.66,286.2,249.85,273.82
2022/12/29,271.07,270.88,257.81,257.79,257.8,257.81,273.33,281.54,286.82,285.07,285.17,285.13,281.53,284.77,284.77,284.84,291.36,284.86,284.57,277.49,273.9,271.83,270.87,271.89,291.36,257.79,277.34
2022/12/28,266.62,258.03,258.03,258.01,258.01,258.01,258.05,273.99,294.3,284.84,294.3,290.53,278.61,278.42,284.22,284.22,294.3,284.43,280.12,278.14,281.87,266.37,266.37,273.84,294.3,258.01,276.34
2022/12/27,281.54,258.71,249.92,249.92,249.92,259.21,259.27,274.89,294.3,291.76,287.03,286.79,281.04,284.75,286.78,286.78,294.3,286.79,278.47,275.46,275.47,275.37,259.61,260.51,294.3,249.92,275.74
2022/12/26,257.79,246.74,179.99,179.99,217.57,217.57,218.04,282.91,301.63,301.58,299.49,283.53,283.31,283.41,283.41,283.41,296.16,283.41,282.14,282.15,273.49,273.49,263.8,292.47,301.63,179.99,269.25
2022/12/25,259.55,258.35,258.06,214.4,218.21,248.71,258.35,258.35,258.35,258.79,259.87,260.86,259.37,259,258.92,258.1,259.01,263.52,263.56,263.52,263.52,263.52,263.48,263.52,263.56,214.4,256.5
2022/12/24,262.93,262.34,257.24,257.08,247.84,249.7,285.3,289.74,286.13,266.6,266.58,266.6,266.65,266.53,266.51,266.5,266.51,267.2,266.97,266.54,266.54,266.54,258.27,266.56,289.74,247.84,266.33
2022/12/23,267.17,256.73,250.91,250.91,250.91,276.02,274.74,276.02,293.47,307.87,308.18,307.97,279.2,283.3,283.02,283.02,294.3,294.1,282.76,281.83,272.69,262.14,259.18,272.38,308.18,250.91,279.42
2022/12/22,278.27,256.72,251.07,251.15,251.15,251.19,268.45,274.83,287.25,293.26,300.38,303.33,297.72,303.02,302.22,295.78,295.78,295.78,280.63,276.84,274.87,274.83,259.21,273.97,303.33,251.07,280.97
2022/12/21,281,262.29,257.74,257.32,257.35,257.5,258.54,270.22,287.88,294.24,288.05,289.28,283.18,289.08,289.35,294.3,288.44,285.98,282.18,274.38,270.52,259.96,259.97,264.01,294.3,257.32,276.6
2022/12/20,269.15,265.72,252.61,252.61,252.61,252.61,259.86,279.41,296.56,297.29,309.61,296.24,279.81,284.89,284.68,285.26,288.8,285.26,279.83,278.48,278.53,262.49,262.49,266.34,309.61,252.61,277.35
2022/12/19,168.75,168.75,168.75,168.75,168.75,168.75,232.25,272.84,286.21,286.14,286.12,286.13,274.42,286.13,286.11,286.13,294.88,286.13,278.53,274.85,274.85,268.88,259.81,278.97,294.88,168.75,256.52
2022/12/18,258.7,247.25,173.62,173.19,173.19,173.19,247.25,247.25,248.19,258.44,258.85,258.84,258.84,258.84,258.8,258.87,268.47,262.08,262.11,262.08,262.08,262.06,262,262.08,268.47,173.19,244.53
2022/12/17,267.07,261.25,249.78,234.79,234.79,248.26,248.26,263.66,264.28,263.65,289.39,299.09,278.28,278.28,274.17,263.88,266.61,264.29,263.69,263.63,263.64,263.66,251.29,263.66,299.09,234.79,263.76
2022/12/16,278.05,270.76,257.66,257.66,257.66,257.79,257.79,278.05,306.54,306.6,306.45,306.33,282.2,283.22,283.18,295.31,306.27,306.33,283.18,276.27,279.01,274.19,259.27,274.19,306.6,257.66,282.65
2022/12/15,274.69,272.54,258.91,258.86,258.9,258.91,272.65,272.57,294.22,294.15,285.05,285.04,275.48,285.02,296.57,296.57,309.01,285.02,281.74,276.83,275.48,272.97,272.97,277.04,309.01,258.86,279.94
2022/12/14,265.28,257.51,251.39,251.43,251.43,257.16,258.19,277.56,309.32,309.26,286.58,277.5,264.35,271.95,276.94,283.56,300,285.49,280.02,277.46,277.46,274.06,271.62,271.9,309.32,251.39,275.79
2022/12/13,267.76,265.46,252.45,252.45,252.45,252.45,261.72,276.75,290.97,284.46,285.31,282.36,274.68,282.36,284.94,294.03,294.3,284.62,282.36,276.9,268.53,267.38,261.8,266.17,294.3,252.45,274.74
2022/12/12,172.01,172.01,172.01,171.89,172.01,172.01,172.01,270.13,290.35,290.35,282.18,279.39,260.31,265.84,279.39,282.93,284.89,284.89,284.76,284.76,276.16,260.48,266.44,267.53,290.35,171.89,252.04
2022/12/11,251.09,170.25,163.77,163.77,167.67,170.81,170.81,170.81,214.54,170.38,244.53,168.3,159.05,167.05,233,238.76,238.76,274.76,274.78,274.81,274.38,272.78,272.92,272.94,274.81,159.05,218.36
2022/12/10,267.27,260.57,252.32,249.24,170.33,249.24,250.83,267.39,267.39,267.39,282.65,274.02,264.04,266.94,267.5,267.29,267.31,267.33,271.39,267.35,267.36,267.18,267.19,267.39,282.65,170.33,261.45
2022/12/09,267.91,259.67,253.1,253.1,253.1,259.73,259.73,276.92,292.6,293.29,289.41,283.95,272.38,275.15,283.92,288.88,294.09,291.8,288.88,276.74,276.74,276.74,276.74,276.74,294.09,253.1,276.99
2022/12/08,270.14,260.35,260.2,260.15,260.37,260.4,275.48,275.4,296.73,284.99,283.77,283.73,270.04,276.83,283.77,285.66,285.2,284.41,283.77,275.87,267.41,260.76,260.76,260.76,296.73,260.15,274.43
2022/12/07,273.85,259.55,259.24,258.53,258.52,260.25,260.3,281.45,294.59,287.67,287.67,287.64,263.99,274.71,287.66,287.66,299.21,289.85,287.67,275.53,274.67,260.6,260.25,268.96,299.21,258.52,275.97
2022/12/06,270.21,261.36,259.37,259.37,259.37,261.35,274.63,275.13,294.83,294.17,289.4,274.28,260.15,273.64,277.31,290,297.09,290,277.39,275.39,275.34,261.43,261.28,261.69,297.09,259.37,274.89
2022/12/05,243.25,173.27,173.27,173.27,173.27,173.27,235.95,263.21,278.16,279.19,277.22,280.59,277.66,279.19,279.19,280.59,281.64,281.32,279.19,276.15,276.15,268.81,264.96,274.38,281.64,173.27,256.63
2022/12/04,251.1,241.21,175.87,175.87,175.87,232.55,243.65,245.21,214.9,167.47,166.64,166.22,165.39,165.39,233,233,249.58,257.75,259.48,259.84,280.14,280.14,280.14,280.14,280.14,165.39,227.43
2022/12/03,277.12,256.45,250.28,249.58,249.58,256.43,256.43,264.74,265.41,264.76,269.45,282.63,282.47,282.47,277.99,264.85,265.34,264.74,264.85,264.72,264.73,264.74,264.75,264.76,282.63,249.58,265.56
2022/12/02,260.46,260.46,258.13,258.13,258.13,260.46,260.47,281.3,284.88,284.73,284.73,277.09,269.55,284.66,284.98,299.41,300.91,299.41,284.73,279.98,279.99,260.41,260.41,276.13,300.91,258.13,276.47
2022/12/01,280.56,260.15,258.72,251,251,251,260.16,275.51,283.98,283.39,283.39,276.21,274.7,283.38,283.38,295.33,299.12,295.39,289.31,283.39,276.39,276.45,260.11,276.57,299.12,251,276.61
2022/11/30,235.2,205.48,205.58,205.68,205.68,205.78,205.78,248.67,270.93,270.93,263.47,254.28,254.13,263.27,263.29,263.27,274,273.15,266.59,264.93,263.54,263.58,247.83,263.42,274,205.48,249.95
2022/11/29,238.72,246.34,194.39,194.75,195.35,231.1,219.09,251.55,278.46,278.36,271.9,271.88,250.49,271.88,271.89,271.88,275.54,271.91,251.61,250.88,250.88,246.58,246.51,250.88,278.46,194.39,251.69
2022/11/28,141.07,142.92,142.92,142.92,142.92,142.92,162.6,256.74,271.79,270.93,252.09,252.04,251.76,252.04,270.93,255.2,260.71,260.71,255.26,255.21,252.09,252.09,251.64,251.87,271.79,141.07,229.96
2022/11/27,245.41,160.09,140.82,136.71,139.59,146.01,161.82,161.82,163.94,161.68,245.41,161.26,161.12,251.8,251.77,251.92,244.42,269.89,269.89,251.81,251.77,251.72,163.29,163.29,269.89,136.71,201.95
2022/11/26,249.77,188.82,188.13,188.14,188.14,188.77,245.34,256.59,256.59,214.96,160.75,160.75,139.04,160.75,160.82,256.68,162.99,256.76,258.89,253.56,242.02,245.34,187.19,194.53,258.89,139.04,210.05
2022/11/25,246.36,231.1,186.66,186.66,231.1,186.66,247.32,252.9,270.93,270.93,270.93,268.12,258.33,258.19,270.93,280.03,270.93,252.95,256.02,251.82,251.76,251.53,247.38,251.39,280.03,186.66,249.7
2022/11/24,251.84,249.12,232.04,232.12,230.69,232.2,249.17,262.28,271.01,270.93,269.8,251.97,248.6,251.92,251.97,253.61,270.93,269.5,258.06,251.98,250.38,250.88,249.06,249.1,271.01,230.69,253.23
2022/11/23,250.15,247.08,211.32,211.32,211.32,211.32,249.01,250.88,264.52,279.22,270.93,264.52,256.69,264.65,270.93,270.93,270.93,264.52,270.93,257.2,251.02,252.62,248.48,248.08,279.22,211.32,253.67
2022/11/22,255.72,247.43,211.32,211.32,211.32,251.84,247.08,251.84,270.93,270.93,270.93,266.05,256.09,270.93,270.93,270.93,279.44,278.17,278.47,267.03,263.7,251.84,250.88,248.02,279.44,211.32,257.99
2022/11/21,250.52,156.03,155.82,142.86,157.18,160.39,246.36,256.74,261.85,270.93,270.93,270.93,256.52,256.52,256.52,256.74,282.92,282.92,270.93,267.28,251.84,251.84,250.88,250.88,282.92,142.86,243.34
2022/11/20,160.24,148.66,148.66,142.99,148.47,148.66,150.05,160.86,141.59,141.28,162.2,207.45,207.3,161.12,161.12,161.12,245.41,269.89,282.33,245.41,245.41,161.08,160.1,160.31,282.33,141.28,181.53
2022/11/19,250.25,251.83,249.13,249.11,249.15,249.15,249.16,250.73,250.97,250.87,257.67,257.66,257.66,257.68,257.66,250.92,250.52,248.9,250.1,249.65,249.01,249.02,249.04,249.04,257.68,248.9,251.41
2022/11/18,255.49,246.36,244.11,233.82,240.93,246.36,250.88,277.94,280.43,280.43,257.15,256.87,256.72,256.51,257.4,277.49,277.5,277.5,277.51,267.25,257.64,257.64,248.63,248.67,280.43,233.82,260.49
2022/11/17,250.88,245.9,230.24,229.22,230.24,246.62,250.88,250.88,266.41,281.4,281.4,265.86,256.51,264.81,278.96,278.96,281.79,281.71,269.39,266.04,265.35,250.88,249.01,250.88,281.79,229.22,260.4
2022/11/16,250.88,255.43,211.32,211.32,211.32,247.36,247.47,251.52,270.93,281.52,281.51,263.23,251.47,263.37,263.37,279.64,279.65,279.66,263.01,251.54,251.52,250.88,248.74,248.74,281.52,211.32,255.92
2022/11/15,250.88,256.03,222.72,191.53,223.02,246.68,251.2,251.41,275.7,275.69,276.26,262.15,251.37,262.16,262.67,279.61,279.62,279.62,262.41,257.58,251.43,251.38,250.88,250.88,279.62,191.53,256.29
2022/11/14,158.58,160.35,142.1,143.57,156.03,162.53,189.38,247.34,252.52,281.85,270.93,265.32,250.05,252.46,252.43,252.47,282.29,282.29,265.34,257.64,252.46,252.43,250.08,250.88,282.29,142.1,235.3
2022/11/13,251.94,237.71,147.56,147.56,147.56,147.56,148.94,173.17,141.63,141.63,141.63,141.63,141.63,162.85,162.64,162.35,206.72,214.07,245.41,203.11,179.81,201.91,173.17,173.17,251.94,141.63,175.96
2022/11/12,246.81,245.34,245.34,195.99,145.4,199.04,145.4,244.48,249.16,249.14,249.3,249.72,249.67,256.53,269.81,249.81,249.48,249.14,256.47,249.48,249.14,249.14,249.14,247.66,269.81,145.4,238.16
2022/11/11,246.36,226.01,197.4,194.71,196.52,246.36,246.36,250.69,253.65,270.93,271.69,271.68,271.43,271.67,280.32,280.31,280.33,263.88,258.15,257.49,250.67,250.67,250.47,250.88,280.33,194.71,253.39
2022/11/10,250.88,246.36,230.63,230.63,230.63,246.19,248.98,251.43,251.48,274.38,274.42,274.93,260.87,274.52,280.83,274.32,274.34,269.44,269.44,259.32,251.41,250.88,249.09,250.88,280.83,230.63,258.26
2022/11/09,249.65,246.36,211.32,211.32,198.36,246.36,246.36,251.96,270.93,279.25,260.74,260.74,255.13,260.73,275.5,274.92,281.87,281.95,280.98,260.43,251.98,251.98,249.82,246.65,281.95,198.36,255.81
2022/11/08,246.36,246.36,198.36,180.23,201.95,246.36,246.36,251.83,270.93,270.93,265.03,264.34,255.82,257.11,264.16,270.93,270.93,270.93,263.55,251.8,248.76,250.22,247.45,247.45,270.93,180.23,250.96
2022/11/07,246.36,196.69,141.56,141.56,196.69,207.33,210.77,246.36,257.61,270.93,254.59,254.53,250.05,254.5,249.93,250.05,262.39,281.62,282.22,266.13,254.56,254.52,250.87,250.08,282.22,141.56,242.38
2022/11/06,147.09,139.6,139.6,138.55,173.17,173.17,173.17,173.17,140.69,205.6,203.11,138.55,138.55,140.69,140.45,140.69,201.43,245.41,255.39,249.02,249.02,245.41,205.4,194.99,255.39,138.55,184.06
2022/11/05,254.34,248.33,248.37,199.04,202.64,205.61,248.41,248.37,269.81,248.58,254.47,248.61,204.94,207.52,204.25,203.87,204.25,250.02,269.81,269.81,269.81,269.81,248.39,248.39,269.81,199.04,239.51
2022/11/04,256.97,228.07,202.74,204.8,228.07,247.38,247.4,255.31,264.11,270.93,265.13,251.32,251.32,251.32,263.7,274.82,278.42,278.44,278.44,274.82,251.33,249.3,248.16,248.15,278.44,202.74,254.25
2022/11/03,256.94,247.24,229.17,229.17,229.69,247.24,247.91,252.16,276.27,276.84,272.61,257.06,247.64,252.14,267.47,279.06,279.07,281.89,282.08,252.21,252.19,249.88,249.96,266.37,282.08,229.17,258.66
2022/11/02,255.31,207.33,207.33,202.55,207.62,247.43,247.44,256.13,272.88,284.16,265.31,255.72,255.44,265.56,267.22,277.01,277.01,276.9,277.03,277.04,250.44,250.41,249.22,249.22,284.16,202.55,255.02
2022/11/01,247.44,247.07,206.6,206.6,206.6,247.98,247.01,255.38,250.98,265.52,266.06,265.06,263.72,264.5,277.02,250.97,281.79,281.81,265.06,265.06,250.97,250.93,250.12,247.7,281.81,206.6,253.9
2022/10/31,211.19,140.44,140.37,140.37,140.37,211.64,211.64,261.54,267.61,288.63,268.56,268.52,261.65,261.65,268.52,279.94,279.94,282.75,282.65,282.65,258.09,254.67,254.67,254.67,288.63,140.37,245.31
2022/10/30,258.3,232.6,213.1,207.75,213.25,213.25,213.1,212.8,212.65,213.76,204.7,211.14,211.14,210.51,208,207.59,210.51,257.69,283.37,258.12,258.16,257.8,258.28,257.04,283.37,204.7,229.75
2022/10/29,260.49,212.82,212.97,207.63,212.97,212.97,212.67,212.53,254.91,255.69,255.58,255.56,208.04,254.77,255.49,255.69,253.39,254.62,261.22,261.22,261.22,254.85,261.2,253.63,261.22,207.63,242.14
2022/10/28,212.83,212.83,212.83,140.28,212.97,212.97,248.74,258.15,284.58,270.61,262.6,262.3,260.76,261.72,287.79,283.71,279.31,279.23,276.39,258.32,279.24,258.14,258.17,257.53,287.79,140.28,253.3
2022/10/27,274.77,254.58,212.83,211.79,213.12,261.56,275.72,275.77,275.82,276.36,276.35,274.77,274.23,274.36,260.33,260.33,276.32,276.83,283.94,287.79,276.33,274.24,262.33,269.31,287.79,211.79,266.21
2022/10/26,253.95,253.97,212.97,212.97,253.65,253.99,263.02,274.61,293.5,280.44,275.14,277.4,255.46,258.05,263.64,258.11,277.07,285.25,285.26,277.09,277.09,277.05,259.7,259.7,293.5,212.97,265.26
2022/10/25,211.93,211.93,207.49,203.14,201.48,212.39,231.12,278.83,278.82,279.65,264.19,257.56,255.8,255.8,263.66,274.58,277.31,283.84,294.18,291.41,257.56,257.56,255.85,255.85,294.18,201.48,254.78
2022/10/24,211.65,141,139.55,139.55,139.55,211.65,224.42,281.28,287.79,290.24,280.98,278.14,258.98,258.98,258.98,259.04,283.95,283.95,287.7,265.76,259.01,259.01,258.62,251.51,290.24,139.55,247.07
2022/10/23,260.46,211.2,211.2,211.38,207.29,211.9,211.73,214.81,254.57,254.57,253.95,242.32,242.32,252.29,251.87,251.87,207.59,261.79,262.02,264.49,261.93,261.94,261.96,213.08,264.49,207.29,239.72
2022/10/22,255.53,254.73,254.71,254.71,254.73,254.73,256.76,254.74,255.23,255.6,293.61,256.64,250.88,256.59,261.18,262.6,257.17,257.23,282.96,262.7,257.47,257.18,262.76,254.61,293.61,250.88,259.44
2022/10/21,262.03,254.34,213.83,213.49,213.99,254.37,254.4,276.35,287.79,277.36,277.15,277.3,271.08,277.3,288.98,277.59,277.71,276.27,276.33,276.33,261.02,274.77,255.95,263.87,288.98,213.49,265.42
2022/10/20,262.57,254.33,206.81,206.81,244.04,253.37,254.72,293.5,359.5,289.35,274.49,258.94,254.65,258.94,265.08,274.45,277.57,290.04,278.64,277.61,273.94,277.59,254.71,254.71,359.5,206.81,267.88
2022/10/19,262.41,253.31,236.73,236.73,236.73,253.32,253.32,293.5,293.5,287.13,272.14,265.59,254.54,256.65,264.48,271.47,280.82,280.82,281.7,275.51,275.36,275.36,256.53,254.59,293.5,236.73,266.55
2022/10/18,284.44,252.26,251.6,214.63,214.63,252.55,252.75,279.75,279.72,288.4,272.5,258.38,268.63,273.85,281.28,286.9,279.9,272.85,277.17,273.85,267.45,258.38,255.03,252.73,288.4,214.63,265.42
2022/10/17,239.89,140.17,140.17,140.17,140.17,140.17,149.55,262.63,276.68,277.4,281.37,277.46,277.46,277.46,277.46,277.46,277.46,276.9,289.59,277.23,276.68,276.68,263.83,263.83,289.59,140.17,247.41
2022/10/16,240.05,212.35,147.02,142.21,142.78,142.21,139.46,212.19,224.93,262.88,262.7,262.52,261.13,263.19,262.35,262.35,249.61,260.92,260.97,261,284.06,262.67,156.42,156.42,284.06,139.46,223.79
2022/10/15,254.63,253.46,200.15,198.18,201.78,253.52,253.55,253.55,260.22,260.2,260.2,260.18,256.63,260.19,260.19,260.19,254.77,256.39,265.19,265.19,259.08,262.7,256.39,256.34,265.19,198.18,251.21
2022/10/14,261.53,206.59,206.78,151.94,151.94,255.5,261.59,257.7,278.94,285.05,287.49,259.35,257.47,259.32,276.66,283.11,283.12,283.13,283.15,283.16,283.16,257.69,257.69,264.25,287.49,151.94,258.05
2022/10/13,253.8,253.8,239.45,235.26,235.26,253.81,275.85,275.87,280.84,281.13,280.71,281.04,257.02,273.12,280.66,280.66,280.67,280.68,280.69,280.7,280.72,275.86,255.98,255.98,281.13,235.26,268.98
2022/10/12,248.23,250.9,191.55,191.55,191.55,229.08,231.12,257.47,281.96,282.09,259.6,259.6,257.64,257.91,279.84,279.84,264.71,279.85,279.85,279.85,279.86,279.84,257.93,257.54,282.09,191.55,257.4
2022/10/11,252.2,252.3,252.3,206.81,206.81,252.22,217.25,259.55,275.63,280.64,280.64,284.35,284.35,284.39,280.6,280.6,284.42,280.6,280.64,280.64,280.64,275.63,269.31,255.56,284.42,206.81,266.92
2022/10/10,213.08,167.86,139.57,139.57,139.57,139.57,169.56,200.61,258.63,258.61,258.59,259.76,258.95,258.47,258.55,258.55,258.59,259.89,272.15,262.79,259.06,276.5,276.5,258.65,276.5,139.57,233.66
2022/10/09,167.01,167.01,166.85,166.52,166.45,166.49,166.43,167.01,166.94,166.94,248.39,248.38,216.87,210.51,209.75,207.59,207.59,202.03,263.98,263.86,263.86,263.86,263.88,263.88,263.98,166.43,210.43
2022/10/08,260.65,203.84,207.53,203.84,203.84,203.84,207.53,208.54,224.24,255.55,254.71,253.69,252.86,252.66,252.24,257.66,248.48,262.63,263.5,264.69,263.52,263.55,263.55,263.45,264.69,203.84,242.26
2022/10/07,255.32,255.33,199.93,200.6,200.17,255.35,255.37,258.53,279.58,279.71,279.88,270.21,258.33,258.5,261.29,282.31,283.95,283.96,283.98,283.99,283.45,279.97,258.47,255.77,283.99,199.93,262.86
2022/10/06,255.05,254.93,254.96,211.34,211.34,255.09,255.09,266.35,282.35,282.35,282.35,282.33,260.34,282.33,282.33,282.33,282.33,282.33,282.35,282.35,270.41,258.31,257.98,255.05,282.35,211.34,267.01
2022/10/05,251.54,206.4,166.37,166.37,166.38,203.14,206.4,248.72,279.19,279.49,279.5,279.5,267.41,283.05,283.93,283.05,283.05,283.06,279.5,283.09,258.24,258.25,258.03,252.51,283.93,166.37,253.6
2022/10/04,252.92,249.07,206.4,206.4,206.4,206.4,252.92,256.38,280.94,280.94,280.94,277.88,258.29,267.34,277.88,280.15,283.23,283.23,283.59,282.53,280.94,278.26,257.21,270.41,283.59,206.4,263.35
2022/10/03,167.79,167.72,166.96,166.02,166.37,166.95,167.79,167.79,251.68,252.59,258.84,258.6,253.02,252.35,258.83,258.83,263.41,272.5,276.44,276.5,264.52,258.84,258.8,258.84,276.5,166.02,234.06
2022/10/02,167.03,167.03,167.03,167.03,167.03,167.03,167.03,167.03,218.32,261.64,261.64,261.61,261.61,261.61,261.61,261.61,261.61,261.31,261.35,261.35,261.35,240.08,204.07,166.95,261.64,166.95,222.52
2022/10/01,258.53,166.71,166.71,166.71,166.71,199.82,207.11,210.03,260.14,267.7,267.57,267.67,260.15,267.65,267.63,285,266.98,262.4,267.03,267.04,262.6,251.09,249.72,249.68,285,166.71,241.19
2022/09/30,248.73,190.02,151.34,151.34,151.34,151.34,190.02,249.65,243.69,251.5,253.22,273.34,251.18,269.19,254.63,268.03,256.03,254.63,254.56,253.38,252.69,243.7,243.7,243.55,273.34,151.34,234.67
2022/09/29,268.94,193.96,185.63,153.79,190.02,194.03,235.54,249.97,252.76,257.87,253.41,253.41,251.36,272.81,255.57,254.17,266.62,258.17,258.31,254.17,252.76,249.71,241.34,241.34,272.81,153.79,241.61
2022/09/28,196.77,196.77,194.03,193.24,194.03,196.77,196.77,238.11,243.06,253.95,254.92,269.79,254.51,258.99,270.89,255.56,259.06,254.7,254.85,251.5,251.48,247.8,240.49,240.22,270.89,193.24,239.24
2022/09/27,258.32,153.75,153.75,152.72,152.68,152.6,235.53,237.52,244.48,244.47,247.62,244.44,244.44,258.26,270.81,266.61,272.62,258.55,257.46,256.94,248.11,244.48,244.48,244.01,272.62,152.6,234.22
2022/09/26,242.12,242.22,194.03,187.1,189.97,193.24,193.58,240.23,246.86,266.67,266.67,256.76,255.22,256.05,270.08,255.36,256.76,255.36,253.95,246.86,247.74,246.86,242.34,242.03,270.08,187.1,242.04
2022/09/25,242.39,240.62,240.49,240.64,240.54,240.65,240.65,241.74,242.57,242.52,241.97,242.32,247.12,247.18,247.18,247.12,247.12,247.13,267.34,267.34,247.11,242.39,240.46,194.35,267.34,194.35,243.49
2022/09/24,241.71,239.59,239.48,239.4,239.42,239.45,239.78,245.26,248.24,248.26,248.26,248.25,245.33,248.26,248.25,248.26,248.2,248.18,248.18,248.21,246.88,239.8,239.76,239.59,248.26,239.4,244.44
2022/09/23,250.37,237.27,196.46,195.36,194.03,238.34,239.1,240.75,240.75,251.02,252.4,253.46,251.48,254.93,266.62,268.25,266.77,266.67,266.67,244.59,240.77,240.43,240.66,239.13,268.25,194.03,244.77
2022/09/22,245.47,239.38,196.77,196.77,196.77,238.16,235.15,241.2,249.03,253.23,253.23,254.95,253.14,253.23,263.2,263.98,263.3,253.44,252.54,263.86,250.78,242.69,241.22,239.4,263.98,196.77,244.92
2022/09/21,245.12,237.84,237.59,237.57,237.6,245.14,237.77,238.32,258.97,259.1,259.06,259.09,255.43,259.17,261.82,270.1,261.84,257.29,258.96,265.16,258.97,247.77,247.74,237.85,270.1,237.57,252.25
2022/09/20,269.07,240.73,194.03,194.03,194.03,240.8,240.82,240.95,253.72,255.11,255.11,257.91,255.11,257.91,267.25,256.51,257.91,256.51,257.91,255.11,248.01,253.73,241.15,240.78,269.07,194.03,246.39
2022/09/19,196.77,196.77,194.03,194.03,194.03,196.77,196.77,241.21,250.62,272.48,272.48,272.48,274.1,272.48,272.48,272.48,272.48,260.27,256.92,256.7,247.55,247.44,246.07,246.07,274.1,194.03,246.33
2022/09/18,250.03,216.25,142.44,142.44,142.44,142.44,142.44,142.44,195.15,239.8,240.24,247.44,247.44,275.47,247.43,247.43,247.44,247.44,247.44,247.45,247.46,247.46,239.28,237.97,275.47,142.44,220.65
2022/09/17,239.94,238.59,238.59,240.97,240.97,240.97,240.82,241.06,240.76,252.26,251.8,253.21,253.21,253.21,269.62,272.31,253.21,251.8,253.21,253.21,253.21,240.76,240.71,240.71,272.31,238.59,248.59
2022/09/16,242.49,237.98,237.7,229.23,229.23,238.01,237.51,240.12,251.13,265.13,265.13,265.02,250.45,265.02,265.02,265.02,268.02,268.4,267.72,265.13,265.13,247.59,244.26,244.41,268.4,229.23,253.75
2022/09/15,242.21,196.46,194.03,193.24,193.24,194.03,196.46,237.02,243.46,262.73,262.73,252.89,248.53,248.32,253.73,255.89,263.56,263.81,265.84,265.84,265.79,262.64,242.59,241.67,265.84,193.24,242.31
2022/09/14,242.31,196.46,196.46,196.64,196.75,196.77,196.77,236.77,243.52,261.78,261.77,255.19,252.7,263.87,268.89,266.82,267.43,254.1,254.1,261.77,261.77,242.82,242.82,242.82,268.89,196.46,242.53
2022/09/13,146.83,146.83,146.83,146.83,146.83,146.83,146.83,245.12,245.09,247.41,263.97,245.06,245.06,245.06,272.01,269.74,258.76,258.66,259.86,263.97,245.09,244.7,236.85,238.91,272.01,146.83,227.92
2022/09/12,146.45,140.53,138.57,138.57,138.57,138.57,140.43,143.18,223.7,243.3,246.66,250.51,250.51,250.51,250.51,250.51,250.3,250.25,250.54,250.54,250.4,250.17,216.46,243.05,250.54,138.57,214.25
2022/09/11,143.81,143.51,132.1,131.73,131.78,132.58,153.46,153.46,143.91,142.55,129.53,129.53,143.34,143.89,144,148.6,225.94,244.91,244.92,244.98,244.92,244.92,244.92,166.64,244.98,129.53,175.42
2022/09/10,146.32,127.78,127.78,127.78,127.78,127.78,127.78,127.78,127.78,108.91,108.91,8.05,106.77,108.91,120.58,127.78,146.32,155.04,199.47,197.06,155.29,155.29,155.04,155.29,199.47,8.05,135.04
2022/09/09,245.51,245.3,222.41,220.92,220.92,220.92,234.17,234.15,233.88,233.74,140.66,140.58,140.58,140.58,140.58,278.64,244.02,246.44,246.54,246.64,243.91,243.91,243.92,190.2,278.64,140.58,219.35
2022/09/08,248.55,220.18,220.18,216.96,216.96,220.97,223.4,241.65,247.3,247.36,254.3,254.29,247.36,254.26,253.73,247.34,250.52,244.21,244.21,247.3,244.1,244.01,240.85,240.96,254.3,216.96,241.19
2022/09/07,222.64,147.09,147.38,147.09,148.34,147.09,148.34,241.05,246.97,247.62,247.53,254.24,246.94,253.29,246.94,247.45,248.51,246.95,246.95,247.65,246.97,246.88,246.54,225.82,254.24,147.09,224.12
2022/09/06,236.96,221.5,221.5,221.5,221.5,221.5,221.5,239.36,243.94,262.24,243.96,262.24,243.96,253.28,255.54,270.6,270.14,262.25,266.86,253.02,243.96,240.94,239.72,239.6,270.6,221.5,245.58
2022/09/05,146.06,144.84,144.84,144.84,144.84,144.84,144.84,235.81,246.54,258.54,258.54,262.78,254.82,262.78,266.02,268.24,267.76,262.74,258.54,257.67,250.21,258.54,242.73,240.51,268.24,144.84,231.37
2022/09/04,150.48,144.08,144.08,143.69,143.69,143.69,143.69,143.69,140.47,245.47,245.05,245.05,245.05,242.45,242.49,242.53,242.27,242.34,242.42,242.42,242.28,242.28,242.28,164.21,245.47,140.47,204.89
2022/09/03,249.41,223.37,220.14,219.29,147.85,147.86,220.75,223.37,244.92,244.98,244.97,253.93,253.65,254.26,253.56,244.95,244.95,244.92,244.92,244.92,243.18,246.54,242.74,239.23,254.26,147.85,234.57
2022/09/02,241.05,222.4,219.66,219.66,219.66,222.1,222.4,242.91,243.57,244.09,252.54,253.44,244.09,254.84,270.91,257.01,257.38,264.46,247.49,244.1,244.1,242.96,242.22,237.23,270.91,219.66,243.51
2022/09/01,242.17,143.49,143.49,143.49,143.49,143.49,143.49,239.27,245.13,245.12,250.68,252.71,245.1,252.71,263.14,252.4,263.23,262.93,250.32,245.11,245.12,245.13,245.07,244.8,263.23,143.49,226.82
2022/08/31,166.92,165.41,139.35,139.51,139.35,139.35,159.96,193.06,209.48,209.22,209.09,208.87,208.87,212.42,214.38,214.38,214.39,212.28,212.11,212.11,208.72,207.71,205.18,193.06,214.39,139.35,194.34
2022/08/30,174.38,162.28,139.61,134.84,139.27,141.14,174.38,203.42,210.75,213.23,213.55,213.48,211.05,214.07,214.07,214.06,214.06,213.48,213.39,211.05,208.03,206.44,204.42,201.23,214.07,134.84,196.52
2022/08/29,164.12,140.11,139.8,134.97,135.04,139.46,141.38,193.06,208.56,209.05,208.75,208.44,208.44,208.95,210.62,213.43,214.23,214.23,214.58,214.58,210.62,207.39,206.11,204.57,214.58,134.97,193.17
2022/08/28,141.22,140.4,138.8,140.4,138.94,140.4,140.4,140.4,138.94,138.94,138.94,140.4,140.4,140.47,141.03,141.03,142.38,162.93,195.58,217.46,217.35,194.9,185.25,163.88,217.46,138.8,155.78
2022/08/27,166.78,141.46,139.59,139.59,139.59,139.33,141.46,139.59,139.33,134.65,139.59,142.14,142.57,172.73,176.83,194.4,203.41,215.36,215.39,215.39,215.63,204.41,191.96,176.83,215.63,134.65,169.6
2022/08/26,165.14,165.26,139.49,139.21,139.15,139.49,162.29,193.15,208.39,208.38,208.37,208.36,203.43,207.45,208.57,209.61,213.3,213.92,212.2,212.21,212.35,208.53,205.92,202.56,213.92,139.15,193.74
2022/08/25,173.1,165.95,139.68,139.03,134.84,139.68,169.24,204.37,213.06,213.21,213.18,213.16,210.08,213.43,217.82,217.83,217.86,217.88,216.94,216.67,213.22,208.28,207.41,204.37,217.88,134.84,198.28
2022/08/24,200.41,173.72,141.04,140.24,140.28,168.34,183.82,207.4,213.02,216.86,217.41,217.37,214.84,226.76,226.51,226.51,226.51,223.45,222.55,221.66,216.86,212.75,213.42,206.94,226.76,140.24,205.61
2022/08/23,192.34,172.51,168.01,139.99,139.38,164.71,173.78,205.71,212.92,215.64,217.61,217.57,213.29,217.49,224.55,224.55,226.36,226.61,226.61,226.86,217.61,213.01,213.18,213.31,226.86,139.38,205.76
2022/08/22,168.05,160.84,139.72,134.84,134.84,160.62,163.12,205.73,213.75,214.85,216.61,216.59,213.07,216.59,218.1,218.94,218.94,218.94,217.45,217.45,214.84,210.07,213.75,206.18,218.94,134.84,200.19
2022/08/21,171.86,157,140.44,139.14,139.14,134.26,138.46,139.14,144.39,144.39,163.02,185.93,180.88,178.33,186.33,188.39,203.97,207.36,209.24,209.26,209.28,209.13,186.73,182.48,209.28,134.26,174.89
2022/08/20,205.46,171.78,164.11,159.82,139.14,139.14,142.28,166.42,183.56,205.15,206.99,207.06,206.95,207.86,208.16,213.51,213.51,211.04,215.8,215.88,215.96,216.04,206.27,203.09,216.04,139.14,194.74
2022/08/19,174.94,141.49,139.85,134.84,134.84,139.3,163.5,202.82,215.05,215.05,214.98,214.9,210.76,214.03,217.04,217.04,218,218.04,218.05,218.05,213.56,208.69,207.6,204.05,218.05,134.84,197.47
2022/08/18,174.89,162.84,139.85,134.89,134.84,139.47,169.42,205.24,213.74,213.87,215.95,215.95,213.12,215.95,218.44,222.12,222.37,222.37,222.36,221.71,215.96,212.95,214.13,205.99,222.37,134.84,200.65
2022/08/17,174.94,163.26,139.72,135.5,134.84,139.72,165.69,205.77,213.67,213.79,213.81,213.75,213.34,217.18,218.42,218.34,218.42,218.44,218.21,218.26,213.24,210.01,214.19,204.01,218.44,134.84,199.01
2022/08/16,169.25,164.31,139.8,134.84,135.01,139.46,169.25,205.83,214.15,219.28,222.89,222.89,215.97,222.73,225.12,225.12,225.12,225.12,223.6,223.65,217.21,213.41,213.85,207.9,225.12,134.84,203.59
2022/08/15,164.59,165.4,139.17,134.38,134.26,139.17,140.59,170.33,206.44,209.94,209.94,209.94,207.81,209.94,210.06,209.94,217.02,218.59,219.92,221.08,221.08,217.34,218.73,206.84,221.08,134.26,195.22
2022/08/14,166.78,141.25,139.74,135.48,134.26,134.26,139.02,139.74,139.74,142.33,193.15,195.11,191.2,191.29,195.02,205.93,209.58,210.88,211.03,211.03,211.33,209.97,208.54,183.89,211.33,134.26,179.37
2022/08/13,204.2,174.94,166.32,167.63,139.14,139.14,160.57,158.29,175.92,206.01,207.16,207.19,205.63,207.09,212.52,212.52,212.78,217.38,217.72,219.09,219,215.71,211.17,203.3,219.09,139.14,196.17
2022/08/12,192.32,173.87,163.45,157.66,139.38,162.16,172.5,205.63,213.17,215,216.2,216.19,214.96,217.03,222.49,224.68,227.21,229.54,226.55,225,225,215,213.69,213.82,229.54,139.38,206.58
2022/08/11,205,176.04,167.18,141.03,141.03,158.46,185.36,207.89,213.2,216.62,216.92,216.89,214.8,218.36,225.05,225.05,225.05,225.05,223.33,223.23,222.76,213.51,212.8,206.93,225.05,141.03,206.27
2022/08/10,201.34,173.78,165.72,158.33,139.38,163.21,173.78,204.31,212.41,214.53,217.1,217.06,214.76,217,222.09,225.58,226.36,226.61,226.61,226.86,223.64,216.21,212.9,212.94,226.86,139.38,206.94
2022/08/09,201.62,173.89,161.68,140.21,139.73,166.62,173.89,204.22,209.95,214.23,215.94,216.84,214.86,216.84,226.51,227.15,226.51,230.66,225.47,225.47,225.07,216.87,213.38,213.38,230.66,139.73,206.58
2022/08/08,165.2,140.37,134.9,133.9,134.9,139.65,165.2,204.24,217.23,217.23,217.23,217.2,215.55,217,222.55,225.97,225.97,231.64,225.72,225.33,225.33,215.78,211.59,208.17,231.64,133.9,203.08
2022/08/07,147.84,139.48,142.35,134.26,134.26,134.26,135.37,139.75,139.49,140.49,148.83,162.81,158.43,178.33,186.33,191.96,194.97,210.22,210.23,210.36,210.37,208.54,207.68,180.31,210.37,134.26,171.59
2022/08/06,204.35,169.76,166.29,139.53,138.85,134.69,139.42,163.18,174.05,203.68,207.11,207.16,207.15,207.15,207.15,207.15,207.11,209.25,210.49,211.19,211.34,211.49,211.49,193.77,211.49,134.69,191.37
2022/08/05,201.92,173.78,141.16,139.75,139.38,140.76,173.78,205.94,214.25,215.21,216.94,216.86,216.35,216.78,223.49,223.49,223.49,223.55,222.14,222.15,216.98,213.17,211.67,206.89,223.55,139.38,203.37
2022/08/04,182.94,168.93,162.35,139.06,134.84,140.68,165.64,203.01,211.64,212.53,214.29,214.21,214.21,216.87,222.55,222.55,225.13,225.33,225.36,225.36,225.36,214.44,211.64,288.75,288.75,134.84,206.39
2022/08/03,174.83,167.78,140.02,134.89,134.84,139.46,162.85,217.09,217.09,217.09,217.09,217.09,217.09,217.09,217.09,217.09,218.3,218.32,218.33,218.39,218.19,217.09,217.09,217.09,218.39,134.84,201.4
2022/08/02,168.43,163.05,139.41,139.07,139.05,139.92,139.92,175.7,206.18,209.11,209.11,209.11,209.11,209.11,209.11,211.48,211.48,213.4,213.42,213.44,213.44,209.26,206.18,202.24,213.44,139.05,193.19
2022/08/01,174.83,163.76,139.29,134.84,134.84,139.63,163.08,201.97,210.49,216.98,216.98,216.98,216.98,216.98,216.98,216.98,217.12,217.12,217.16,217.16,216.98,216.98,216.98,216.98,217.16,134.84,200.2
2022/07/31,133.2,130.47,123.27,121.83,117.92,117.92,123.27,121.83,127.21,130.47,131.92,133.29,133.09,144.3,146.85,148.59,149.9,158.09,157.87,158.2,158.28,155.51,152.44,146.98,158.28,117.92,139.88
2022/07/30,153.44,147.95,145.53,134.14,134.14,134.74,134.74,138.96,147.73,148.61,151.19,151.1,151.1,151.42,151.42,155.34,155.35,157.62,157.25,157.97,157.66,157.28,151.07,148.87,157.97,134.14,149.55
2022/07/29,151.16,151.16,139.91,135.37,150.87,139.91,149,151.16,153.45,153.97,154.89,154.89,153.23,155.23,159.95,160.31,162.32,162.32,162.32,162.32,161.07,154.89,153.55,153.65,162.32,135.37,154.38
2022/07/28,150.96,150.96,150.9,134.91,150.67,141.72,148.54,153.22,153.32,156.32,156.3,156.27,155.06,159.88,162.68,162.75,162.89,162.95,162.95,163.09,160.73,156,152.94,153.22,163.09,134.91,155.75
2022/07/27,149.79,142.86,140.7,125.59,120.59,125.93,149.79,149.79,151.23,153.29,154.89,154.88,154.61,160.84,163.2,163.27,162.69,163.49,163.49,163.67,164.03,155.32,153.49,153.58,164.03,120.59,153.19
2022/07/26,143.2,150.01,138.65,122.1,120.73,138.65,144.56,153.36,153.35,156.51,156.45,156.45,154.7,156.56,160.86,161.42,162.66,162.66,162.66,162.66,156.8,153.44,153.08,153.36,162.66,120.73,152.75
2022/07/25,127.24,122.5,118.74,118.29,118.29,121.58,129.88,148.15,153.45,157,157,156.79,156.23,160.32,162.11,162.11,162.11,162.11,157,156.79,156.23,156.23,156.23,156.23,162.11,118.29,149.66
2022/07/24,131.92,126.16,123.28,120.32,118.29,118.29,118.29,118.6,123.28,123.28,129.04,131.92,131.92,131.92,131.92,145.17,146.64,150.33,151.22,151.33,151.54,151.65,148.52,138.21,151.65,118.29,134.86
2022/07/23,145.91,137.67,130.89,130.89,125.4,125.4,128.28,128.28,130.89,138.6,145.46,145.35,145.35,146.46,146.46,148.97,149.45,150.17,150.33,150.34,150.34,150.34,148.33,143.88,150.34,125.4,141.87
2022/07/22,142.73,133.98,127.52,123.33,121.85,126.93,135.42,152.77,152,153.85,153.85,153.77,151.5,154.6,162.33,162.33,162.53,162.53,162.54,162.54,156.15,153.51,152.68,152.77,162.54,121.85,150.41
2022/07/21,148.53,148.53,139.45,137.18,137.18,148.53,147.87,152.83,153.23,156.18,156.58,156.52,155.47,161.45,161.45,162.73,162.73,162.73,162.73,161.35,156.62,153.42,152.83,152.93,162.73,137.18,154.59
2022/07/20,142.58,133.66,128.78,120.54,123.38,126.92,135.37,152.83,151.18,154.14,154.14,154.14,154.14,156.38,161.59,161.58,165.96,161.88,163.6,159.04,156.46,153.54,152.83,152.83,165.96,120.54,150.6
2022/07/19,149.39,149.39,138.04,126.02,135.77,138.04,149.39,152.61,152.72,155.12,155.11,155.11,154.08,156.46,160.53,160.53,163.24,163.24,163.42,163.6,156.51,153.47,152.89,152.99,163.6,126.02,153.4
2022/07/18,127.21,122.29,119.98,118.56,118.56,122.81,127.4,153.11,155.67,158.92,161.58,161.58,155.67,161.58,162.39,162.84,163.54,163.53,162.46,162.46,158.92,155.67,155.67,155.67,163.54,118.56,151.31
2022/07/17,132.57,128.12,124.97,123.79,122.35,122.35,122.35,122.35,125.23,123.79,131.53,131,134.22,134.22,139.04,146.8,150.51,150.51,150.51,151.26,151.37,151.59,151.59,139.16,151.59,122.35,136.86
2022/07/16,145.98,129.65,130.27,125.63,122.75,125.63,128.5,130.23,138.59,147.21,148.76,148.76,148.6,148.76,148.74,149.36,151.43,152.97,152.97,152.97,152.97,152.43,150.49,147.64,152.97,122.75,143.68
2022/07/15,143.63,133.78,126.06,126.06,121.85,124.64,135.65,148.66,151.21,154.44,155.26,155.26,154.32,156.35,163.15,163.13,163.16,163.14,163.03,163.21,156.59,153.48,153.27,153.36,163.21,121.85,150.88
2022/07/14,151.73,142.61,140.67,135.79,135.79,151.54,149.42,152.31,153.85,156.58,161.11,161.11,161.11,161.11,162.31,162.31,162.6,162.6,162.6,162.6,158.6,153.86,152.45,152.4,162.6,135.79,155.43
2022/07/13,151.61,148.57,139.49,137.21,134.94,147.91,148.57,152.16,153.29,156.04,161.96,161.96,154.7,161.96,161.96,162.07,162.07,162.07,162.07,161.98,156.01,153.26,152.38,151.88,162.07,134.94,154.93
2022/07/12,149.85,149.71,149.7,139.42,149.56,144.69,148.5,152.52,154,160.79,162.1,161.99,155.6,161.99,163.7,163.7,163.7,163.85,163.85,161.32,161.03,154,152.52,152.71,163.85,139.42,156.69
2022/07/11,127.4,122.85,118.6,118.29,118.6,122.85,127.1,149.63,152.99,160.51,161.57,161.57,160.46,161.93,164.39,164.39,165.27,165.27,165.62,165.62,161.57,157.94,156.23,156.23,165.62,118.29,152.56
2022/07/10,131.77,124.57,124.57,123.13,118.36,118.36,118.36,118.36,118.36,123.13,134.06,131.77,131.77,131.77,134.75,146.53,149.31,152.29,152.71,161.64,161.43,154.98,155.04,145.02,161.64,118.36,137.54
2022/07/09,147.75,147.27,133.63,133.63,133.63,133.63,133.63,145.77,148.25,151.17,151.08,150.8,150.8,151.39,151.38,155.43,156.99,157.25,157.26,157.26,157.26,154.97,150.43,148.47,157.26,133.63,148.97
2022/07/08,149.16,149.16,149.16,139.06,149.01,148.15,149.16,152.61,153.93,160.92,161.79,161.61,160.74,161.5,162.16,164.3,165.31,165.31,165.31,165.31,164.33,160.57,153.44,152.7,165.31,139.06,157.83
2022/07/07,149.6,149.6,149.5,139.32,149.31,139.32,148.41,152.58,153.96,160.95,160.78,161.28,160.72,164.43,168.09,168.09,173.31,173.31,173.34,173.34,162.42,160.34,153.96,152.86,173.34,139.32,159.55
2022/07/06,150.17,150.17,144.94,139.16,149.94,148.25,150.17,153.26,154.09,160.68,161,162.32,159.74,163.12,164.78,165.85,165.86,165.86,165.87,164.71,161,155.97,153.07,153.26,165.87,139.16,157.8
2022/07/05,151.6,151.6,142.19,137.65,135.38,151.32,146.19,150.49,152.44,154.07,158.88,162.57,155.73,162.46,164.05,164.05,164.32,164.81,164.81,165.29,160.81,154.75,153.55,153.64,165.29,135.38,156.15
2022/07/04,127.2,121.53,118.7,118.29,118.7,121.53,127.2,148.13,152.51,156.5,163.1,163.1,155.76,162.82,162.82,162.82,162.95,162.95,163.44,163.44,156.5,155.76,155.76,155.76,163.44,118.29,151.04
2022/07/03,143.23,130.93,126.41,122.71,121.27,122.71,121.27,124.15,129.91,130.81,139,144.17,144.09,145.51,146.77,146.77,148.84,152.17,154.48,154.48,154.48,154.48,152.52,152.48,154.48,121.27,141.18
2022/07/02,150.09,146.2,137.73,130.66,129.44,129.44,138.59,147.37,147.88,148.16,148.69,148.69,148.12,149.23,150.85,151.81,151.86,156.33,156.47,156.47,156.47,154.76,152.92,149.03,156.47,129.44,147.91
2022/07/01,149.22,149.22,140.3,125.36,125.88,140.13,149.22,149.55,153.44,156.46,157.07,157.01,154.11,157.01,162,162,162,162,156.97,156.46,154.12,152.51,152.21,152.4,162,125.36,152.5
2022/06/30,129.37,129.37,122.97,117.47,117.47,126.75,130.1,130.13,136.95,137.43,140.29,139.03,136.47,139.03,139.16,139.16,139.16,139.03,137.58,137.58,136.34,132,130.1,130.1,140.29,117.47,133.8
2022/06/29,129.05,126.29,124.15,122.85,120.56,123.61,130.15,130.15,134.33,137.24,139.55,139.55,138.31,139.55,140.54,140.54,142.9,142.92,142.92,142.92,137.15,132.38,130.27,130.07,142.92,120.56,135
2022/06/28,125.85,122.45,116.74,115.11,115.95,118.02,126.79,131.28,132.06,136.26,138.24,139.68,132.59,138.58,138.24,139.68,139.82,139.82,139.82,139.82,136.26,132.05,129.06,128.67,139.82,115.11,132.41
2022/06/27,117.53,110.98,107.31,106.14,106.33,110.98,118.13,126.89,132.16,136.63,136.63,136.54,136.08,136.63,138.59,139.95,143.13,143.13,143.16,143.16,139.45,136.49,130.8,129.01,143.16,106.14,131.55
2022/06/26,124.73,117.1,114.62,110.7,109.42,109.42,110.7,106.78,105.74,105.74,108.09,109.42,110.78,114.69,114.85,116.52,128.76,138.75,138.74,138.79,139.44,133.52,133.13,128.76,139.44,105.74,120.87
2022/06/25,128.84,128.84,128.84,125.28,125.5,125.5,125.5,125.28,126.01,126.01,127.77,127.36,127.22,127.54,127.6,131.49,131.57,132.36,133.01,133.03,133.08,133.13,127.9,127.27,133.13,125.28,128.7
2022/06/24,128.61,128.61,122.8,122.82,122.82,122.82,125.44,130.4,130.7,132.09,132.09,132.09,130.78,132.73,136.49,136.77,140.78,140.98,140.78,140.78,139.88,136.98,137.98,138.48,140.98,122.8,133.33
2022/06/23,126.52,122.75,117.47,117.47,117.47,123.44,126.53,129.85,132.52,136.64,136.75,136.75,136.48,137.98,137.98,137.79,137.99,137.99,137.99,137.99,136.33,132.61,130.09,130.09,137.99,117.47,132.35
2022/06/22,126.51,125.74,125.42,117.49,117.49,122.97,126.64,131.13,130.57,130.84,132.25,132.23,132.22,136.83,137.8,138.12,139.8,139.93,139.93,140.2,138.52,133.48,131.18,131.13,140.2,117.49,132.34
2022/06/21,129.16,122.72,122.63,117.58,117.58,118.46,126.94,128.4,131.5,132.4,132.96,132.94,132.34,137.59,139.95,140.49,140.49,140.49,140.76,139.92,136.44,131.61,130.01,129.85,140.76,117.58,132.26
2022/06/20,117.47,111.82,109.36,108.16,108.16,111.82,123.71,132.02,132.5,132.5,132.5,132.49,129.48,132.2,132.2,137.74,137.74,137.74,137.75,135.39,132.36,129.68,128.85,128.6,137.75,108.16,128.52
2022/06/19,118.03,116.27,114.39,114.99,113.87,114.8,112.25,106.48,103.58,101.63,106.02,106.02,106.48,110.4,115.75,116.02,126.21,134.18,134.51,134.51,134.71,130.71,130.72,130.34,134.71,101.63,118.97
2022/06/18,128.89,124.82,120.25,117.78,116.53,116.53,116.53,115.21,114.31,112.41,115.21,112.41,108.49,115.21,115.64,125.27,126.69,128.9,129.91,129.93,131.14,131.22,131.22,131.3,131.3,108.49,121.85
2022/06/17,129.19,122.49,120.62,120.66,120.66,120.66,126.88,127.87,130.2,130.67,130.67,130.66,129.51,132.64,133.11,137.18,138.44,138.44,138.44,138.45,134.98,132.2,137.32,137.91,138.45,120.62,131.37
2022/06/16,126.2,122.38,118.04,117.47,117.47,122.87,126.79,131.2,129.75,130.89,130.87,130.86,129.44,132,133.57,133.57,133.57,133.69,133.81,133.06,132,131.15,129.64,128.25,133.81,117.47,129.15
2022/06/15,126.37,126.31,120.29,120.33,120.33,125.89,127.42,131.15,131.29,132.68,136.44,136.43,132.18,136.43,137.46,138.17,138.29,138.29,138.55,136.43,132.3,131.24,128.51,127.97,138.55,120.29,131.89
2022/06/14,131.27,126.7,122.27,121.87,122.27,127.73,127.73,131.28,131.45,132.6,132.58,132.56,132.06,136.54,139.14,139.14,139.15,139.15,138.51,136.55,132.61,130.89,129.2,128.46,139.15,121.87,132.26
2022/06/13,112.01,110.86,109.56,109.56,109.56,109.58,114.14,128.27,131.36,131.2,131.2,131.01,130.94,132.56,137.56,137.71,138.36,137.71,138.9,138.9,133.1,131.91,129.26,128.62,138.9,109.56,128.28
2022/06/12,120.62,114.84,117.4,114.84,114.41,114.91,114.41,110.49,106.02,101.17,106.02,105.5,105.93,107.88,109.18,115.88,122.55,128.38,130.26,130.58,130.58,130.58,130.59,127.09,130.59,101.17,117.88
2022/06/11,127.62,128.11,125.99,124.3,125.94,124.48,126.95,126.79,124.24,120.03,119.92,119.85,119.74,122.23,125.2,126.47,127.58,133.26,133.26,133.26,133.26,130.28,130.21,128.21,133.26,119.74,126.7
2022/06/10,126.08,122.42,118.56,118.56,117.47,123.21,126.83,130.82,128.7,128.7,128.69,128.69,128.59,130.2,131.99,131.99,134.21,134.23,134.39,134.59,133.41,132,130.87,130.87,134.59,117.47,129
2022/06/09,126.23,122.31,117.89,117.47,117.47,118.45,127.19,127.47,128.89,128.66,128.58,128.42,128.42,129.3,130.75,132.46,133.51,133.51,133.52,133.53,133.55,131.38,129.42,128.68,133.55,117.47,128.23
2022/06/08,126.1,122.42,120.22,120.3,120.37,122.85,127.3,127.3,129.38,129.5,130.82,130.81,129.04,131.88,133.44,133.44,133.44,133.56,133.64,132.99,131.88,129.5,129.32,128.12,133.64,120.22,129.07
2022/06/07,113.6,111.61,111.61,109.31,109.31,111.61,111.89,128.67,131.24,131.24,129.28,128.64,127.04,129.4,130.64,132.42,132.42,132.42,132.43,132.43,132.43,131.28,130,128.64,132.43,109.31,125.99
2022/06/06,124.54,115.71,113.3,112.19,112.19,113.3,113.3,121.22,123.63,123.63,123.63,123.37,121.57,121.42,121.31,125.7,126.93,130.41,131.32,131.32,131.48,131.54,131.54,131.57,131.57,112.19,123.63
2022/06/05,126.67,126.67,114.36,113.08,113.08,113.08,113.61,114.64,113.12,113.08,115.51,115.14,114.98,115.14,115.14,119.31,125.57,126.66,129.5,130.25,131.19,130,130.1,128.18,131.19,113.08,120.68
2022/06/04,128.26,128.34,128.42,128.5,128.5,127.04,128.11,124.92,127.72,127.72,127.72,119.93,119.78,127.84,127.84,127.84,128.87,128.87,132.21,132.29,132.38,132.44,130.52,128.64,132.44,119.78,128.21
2022/06/03,129.53,126.58,126.12,120.6,120.6,123.31,129.5,129.22,131.19,131.04,130.88,129.21,125.11,129.18,130.4,132.28,135.53,135.53,135.53,135.53,135.4,133.42,131.36,131.2,135.53,120.6,130.32
2022/06/02,127.52,127.62,122.06,117.47,117.47,118.3,126.66,129.03,129.9,129.58,129.4,129.37,128.53,130.5,131.37,132.54,134.17,134.17,134.18,134.2,133.66,132.97,129.84,129.9,134.2,117.47,129.24
2022/06/01,128.46,128.46,127.49,127.49,128.46,128.46,128.46,128.46,127.31,126.65,126.64,125.17,123.74,129.37,129.21,129.37,130.59,133.75,133.93,133.92,133.9,133.71,131.98,131.26,133.93,123.74,129.58
2022/05/31,136.01,135.44,135.44,132.67,132.88,134.77,140.23,139.81,140.04,139.07,138.94,136.82,147.14,138.57,138.51,140.3,142.55,142.56,142.56,142.57,141.92,140.47,139.06,136.84,147.14,132.67,139.16
2022/05/30,136.1,130.06,111.83,110.48,111.83,133.23,134.54,136.3,139.37,139.37,139.37,137.85,137.79,139.37,140.29,142.01,146.35,146.35,147.14,147.14,147.14,141.25,140.36,139.47,147.14,110.48,137.64
2022/05/29,137.39,137.2,137.2,133.89,132.24,132.47,132.45,122.1,114.08,110.71,113.09,107,105.88,110.62,112.73,116.56,137.66,142.17,142.42,142.42,142.42,141.89,141.39,140.15,142.42,105.88,129.68
2022/05/28,139.53,140.71,136.04,136.04,136.5,136.5,136.5,136.5,136.5,133.44,136.5,136.5,126.95,136.38,136.5,136.79,139.64,143.34,143.64,143.67,143.7,143.72,143.52,141.99,143.72,126.95,138.59
2022/05/27,133.12,133.14,135.06,129.46,129.46,133.72,134.44,135.82,136.43,138.47,139.15,138.64,136.19,139.1,139.55,141.2,143.09,146.48,146.48,146.62,146.9,141.19,139.45,139.77,146.9,129.46,138.86
2022/05/26,136.88,135.34,132.87,132.87,133.11,134.61,135.34,138.33,138.65,138.27,138.1,137.93,137.55,139.13,140.86,140.91,142.97,143.06,143.14,143.16,142.73,141,139.31,137.98,143.16,132.87,138.79
2022/05/25,136.5,136.79,135.1,133.75,133.98,135.07,138.51,137.92,138.61,138.42,138.27,138.11,137.93,140.81,140.81,142.08,146.44,146.44,146.44,146.44,145.08,142.97,140.72,139.37,146.44,133.75,140.19
2022/05/24,137.15,135.19,133.79,133.79,133.91,135.02,135.56,138.35,138.56,138.41,138.29,138.14,137.98,140.55,140.92,141.85,146.02,146.49,146.85,147.48,147.74,148.33,145.36,145.07,148.33,133.79,140.86
2022/05/23,133.09,111.79,111.79,111.12,111.79,131.87,134.87,135.99,137.05,137.05,137.05,137.03,133.75,138.44,140.66,141.46,146.02,146.87,146.89,146.89,146.89,142.91,141.7,140.85,146.89,111.12,136.4
2022/05/22,138.86,136.9,136.9,133.56,133.75,133.94,133.75,126.81,113.3,102.67,106.84,100.22,99.78,101.2,104.47,112.94,122.67,135.56,141.89,142.56,142.93,142.79,142.9,139.95,142.93,99.78,127.62
2022/05/21,140.64,140.64,137.32,137.32,142.33,142.33,142.33,142,135.32,130.92,135.32,135.32,132.56,136.75,138.25,140.67,142.18,145.91,146.18,146.32,146.46,145.26,145.26,142.44,146.46,130.92,140.63
2022/05/20,136.56,136.45,136.45,136.54,136.54,137.41,138.34,138.34,140.94,140.91,140.9,140.88,138.05,140.87,141.91,142.48,145.09,145.09,145.09,145.09,145.1,141.64,140.65,140.66,145.1,136.45,140.72
2022/05/19,138.71,136.38,136.58,136.68,136.68,136.77,139.87,142.36,142.1,142.06,141.76,140.5,138.08,140.48,141.27,144.23,150.63,150.72,150.75,150.79,149.65,147.82,144.11,141.28,150.79,136.38,142.87
2022/05/18,138.51,136.75,136.85,136.85,136.85,138,142.18,142.43,143.34,142.68,143.28,142.78,138.11,140.51,141.72,145.31,149.34,149.63,149.63,149.64,149.65,148.24,141.75,141.37,149.65,136.75,143.06
2022/05/17,137.39,136.22,136.39,136.39,136.39,136.39,139.76,142.55,142.59,142.56,142.37,140.05,138.04,140.48,140.59,144.38,147.08,147.08,147.26,147.47,148.11,145.65,145.82,145.48,148.11,136.22,142.23
2022/05/16,135.64,130.38,127.76,124.78,130.09,134.23,137.57,141.82,142.21,142.21,141.5,139.93,138.33,144.15,144.15,144.64,147.06,147.06,148.12,148.12,146.82,144.84,141.33,140.97,148.12,124.78,140.87
2022/05/15,137.36,137.45,135.5,133.49,136.24,136.24,136.24,133.94,113.83,111.14,113.83,106.61,105.61,111.14,113.83,134.27,136.23,138.78,141.61,142.38,142.37,142.38,142.38,139.57,142.38,105.61,131.16
2022/05/14,140.38,140.38,136.29,138.66,136.74,136.68,136.74,136.74,136.74,134,136.74,134,132.25,135.06,136.74,137.38,138.59,140.7,142.26,143.27,143.34,142.92,143.44,142,143.44,132.25,138.59
2022/05/13,136.37,136.4,135.68,135.68,135.76,135.76,136.75,139.42,143.26,143.15,143.02,142.91,140.26,144.26,145.79,145.79,145.79,145.8,145.8,144.77,144.16,140.86,139.65,140.86,145.8,135.68,141.48
2022/05/12,136.53,135.18,135.18,135.18,135.18,137.17,138.43,141.63,142.01,142.82,142.67,142.59,140.49,144.85,145.44,149.21,149.21,149.21,149.21,148.39,146.25,145.5,141.34,140.78,149.21,135.18,142.64
2022/05/11,137.45,135.72,135.89,135.89,135.97,135.97,139.33,142.74,142.73,142.71,142.3,140.52,137.73,140.52,140.82,141.92,145.6,145.6,145.6,145.6,142.93,142.02,142.03,140.86,145.6,135.72,140.99
2022/05/10,137.42,137.52,137.71,134.94,135.03,135.33,140.25,140.25,140.25,140.22,138.97,135.89,130.9,135.89,135.89,136.78,142.23,143.01,142.9,143.25,143.31,142.44,141.33,139.81,143.31,130.9,139
2022/05/09,135.97,132.58,131.04,128.83,131.04,135.64,137.27,140.85,139.47,136.96,136.83,147.8,136.62,147.8,140.17,140.91,142.39,145.58,145.59,145.59,145.59,141.73,141.59,140.97,147.8,128.83,139.96
2022/05/08,142.83,138.17,136.95,137.05,134.83,136.24,136.24,136.24,134.19,131.61,136.24,133.16,130.49,134.05,134.05,136.4,136.65,140.79,141.97,142.79,142.87,142.87,142.32,141.34,142.87,130.49,137.77
2022/05/07,142.13,141.74,141.25,140.79,142.54,143.08,143.08,143.04,140.98,139.03,138.19,138.16,136.29,137.4,138.48,141.34,142.05,144.63,145.84,145.84,145.85,145.85,144.54,144.54,145.85,136.29,142.04
2022/05/06,138.74,136.35,135.66,133.72,133.96,138.57,138.18,139.39,139.05,137.94,137.69,135.98,131.47,136.05,136.05,138.87,142.29,142.81,143.15,143.15,143.15,142.33,140.72,141.33,143.15,131.47,138.8
2022/05/05,138.09,137.43,136.91,136.48,137.37,137.37,136.14,135.33,134.52,134.32,137.37,135.21,121.56,137.08,135.76,137.96,138.06,139.95,143.3,143.3,143.24,143.27,143.05,142.07,143.3,121.56,137.97
2022/05/04,138.54,135.95,136.03,136.03,136.2,136.2,142.96,142.04,146.93,146.5,145.77,139.18,135.83,139.13,140.52,141.47,145.25,145.57,145.57,145.64,145.92,146.06,146.33,140.61,146.93,135.83,141.94
2022/05/03,138.39,135.4,134.71,134.88,134.96,139.17,138.67,142.31,143.33,142.58,142.2,136.17,134.61,136.17,136.17,139.28,143.03,142.48,145.61,145.75,146.02,146.16,141.02,139.62,146.16,134.61,140.19
2022/05/02,135.72,132.73,131.12,131.12,131.12,136.01,135.12,140.62,140.68,140.68,140.68,138.97,138.1,139.86,140.93,141.91,145.93,145.93,146.62,146.62,142.81,141.48,139.91,139.91,146.62,131.12,139.89
2022/05/01,135.43,135.22,135.22,135.32,135.41,135.61,135.22,134.63,134.26,124.38,123.94,112.88,111.71,112.88,125.5,134.32,136.01,138.92,141.5,142.37,142.4,142.4,142.32,140.65,142.4,111.71,133.68
2022/04/30,201.56,198.55,198.18,198.18,198.43,200.76,200.76,200.4,200.05,198.55,194.45,198.55,192.58,195.65,199.72,200.01,200.15,204.59,204.6,204.63,204.65,203.41,203.59,203.57,204.65,192.58,200.34
2022/04/29,202.42,194.75,193.42,193.42,193.42,194.79,195.22,204.07,207.13,208.02,208.01,206.56,201.02,204.74,205.87,206.12,206.67,206.67,206.69,206.7,204.77,202.17,198.25,198.49,208.02,193.42,202.45
2022/04/28,195.4,195.4,195.39,195.09,195.44,195.78,203.5,203.01,202.51,202.13,199.86,198.63,195.32,198.63,199.99,202.63,207.44,206.93,207.69,207.72,206.93,205.73,202.92,202.09,207.72,195.09,201.39
2022/04/27,201.08,194.94,194.87,195.21,195.39,202,201.5,203.17,203.19,203.19,203.19,202.16,195.42,202.16,201.67,202.55,206.65,207.08,207.11,207.11,206.43,205.6,209.44,206.47,209.44,194.87,202.66
2022/04/26,215.59,195.21,195.21,194.2,195.12,194.9,202.13,207.4,207.62,207.62,207.62,206.84,204.88,207.21,207.21,207.21,211.01,211.01,211.01,211.01,207.22,205.84,203.94,201.83,215.59,194.2,205.38
2022/04/25,203.28,203.28,188.32,188.43,188.49,195.94,201.31,204.58,208.31,208.3,207.72,203.6,198.49,198.5,198.5,202.53,211.58,211.58,212.78,212.78,208.46,206.81,204.31,202.94,212.78,188.32,203.58
2022/04/24,198.41,198.54,198.66,198.66,198.66,198.66,198.16,194.97,186.25,125.22,126.99,124.17,119.13,119.18,126.89,136.08,196.02,196.9,200.08,201.15,201.15,201.15,201.15,200.08,201.15,119.13,178.63
2022/04/23,201.07,199.89,199.89,199.97,199.97,203.9,203.9,203.76,203.88,195.45,197.95,197.95,193.07,195.45,195.5,199.33,202.27,204.04,207.12,207.16,207.2,206.87,206.53,206.53,207.2,193.07,201.74
2022/04/22,200.4,194.86,194.63,194.63,194.63,194.96,200.91,206.44,206.6,206.58,206.58,203.74,201.2,203.69,204.66,206.26,207.54,207.57,207.58,207.01,206.29,203.77,202.25,202.27,207.58,194.63,203.05
2022/04/21,197.82,198.18,195.12,195.29,195.29,205.57,206.61,205.92,206.59,205.06,204.57,198.41,194.49,198.41,201.75,203.08,206.27,208.29,208.29,208.3,208.3,206.1,205.87,203.89,208.3,194.49,203.09
2022/04/20,199.97,196.9,196.9,196.82,196.91,203.14,205.78,205.54,205.35,204.92,204.51,197.03,185.02,194.79,201.4,202.97,210.88,210.88,211.1,211.3,211.9,212.1,207.32,205.55,212.1,185.02,203.74
2022/04/19,197.82,197.94,194.61,194.82,195.16,203.23,203.29,206.48,206.42,204.57,206.42,199.09,194.56,199.7,202.24,204.66,211.2,211.2,212.2,212.2,208.2,204.75,203.71,203.75,212.2,194.56,203.63
2022/04/18,196.88,188.17,184.43,183.35,188.69,208.39,209.23,210.14,212.31,205.96,205.33,205.55,196.53,198.8,201.22,203.41,210.64,210.64,212.05,297.56,212.05,206.56,206.56,204.45,297.56,183.35,208.08
2022/04/17,202.57,199.4,196.9,196.9,196.9,196.9,196.9,196.63,193.61,132.87,128.54,125.47,119,126.35,128.46,185.47,196.39,205.1,205.16,205.16,205.16,209.45,206.75,202.03,209.45,119,183.52
2022/04/16,206.01,215.19,200.99,200.67,199.52,209.98,209.98,207.67,206.07,198.55,198.55,198.55,153.53,197.78,197.55,197.66,202.21,204.22,206.99,207.51,207.46,206.31,206.34,205.86,215.19,153.53,202.32
2022/04/15,201.83,196.91,194.8,194.45,194.7,194.76,200.94,205.1,204.73,203.05,203,202.95,200.38,202.89,205.48,205.49,206.56,206.58,206.6,206.61,205.01,203,202.21,203.06,206.61,194.45,202.38
2022/04/14,196.75,194.52,194.48,194.48,194.46,194.77,200.62,202.51,206.88,206.81,206.78,206.69,205.9,208.59,210.24,210.21,210.24,210.24,210.25,210.11,205.99,205.13,203.18,203.2,210.25,194.46,204.44
2022/04/13,198.34,194.78,194.72,194.65,194.71,195.05,197.64,201.55,205.53,205.53,205.53,205.51,201.56,205.57,206.11,206.47,206.47,206.47,206.49,206.49,204.99,204.23,203.01,201.78,206.49,194.65,202.61
2022/04/12,200.89,200.11,194.9,194.9,194.9,199.93,202.21,205.36,206.07,206.05,206.01,206,200.72,203.44,202.55,203.43,205.07,207.05,207.94,207.94,206.55,204.97,203.52,202.2,207.94,194.9,203.29
2022/04/11,197.93,190.73,142.68,142.68,194.61,210,210.31,210.96,211.6,204.9,208,209.39,194.1,195.89,195.89,202.36,206.71,210.95,211.75,211.75,211.75,208.35,205.07,204.21,211.75,142.68,200.96
2022/04/10,202.06,201.02,198.67,198.8,198.8,204.06,204.06,204.06,203.85,124.06,122.79,115.57,110.15,110.15,110.76,123.07,193.07,199.57,204.22,204.57,204.57,204.57,204.57,204.57,204.57,110.15,180.6
2022/04/09,209.63,204.38,202.91,202.3,201.72,202.91,202.91,202.91,200.7,199.49,199.49,195.88,186.11,195.34,197.05,198.22,201.04,204.34,208.09,208.09,208.09,207.4,206.95,206.84,209.63,186.11,202.43
2022/04/08,201.58,198.88,197.39,197.39,197.39,205.11,209.99,209.24,210.22,205.76,205.73,207.14,194.23,197.34,201.35,203.84,206.65,208.77,208.8,283.48,208.8,207.74,206.41,206.41,283.48,194.23,208.03
2022/04/07,201.62,197.86,198.88,197.01,197.01,198.53,202.72,206.58,206.89,206.77,206.68,206.68,202.55,205.86,205.86,206.19,208.61,208.61,210.16,210.16,210.18,209.77,205.87,205.03,210.18,197.01,205.12
2022/04/06,200.43,197.97,196.69,196.69,198.88,205.2,205.2,206.15,207.22,206.97,207.18,206.27,200.04,201.69,203.35,204.55,206.74,207.86,208.63,208.63,208.64,208.65,205.18,204.21,208.65,196.69,204.52
2022/04/05,200.8,198.88,198.88,196.45,198.88,210.55,210.55,209.84,209.37,206.72,206.42,207.1,199.47,202.64,203.19,204.11,206.82,207.7,208.56,208.56,208.57,208.57,205.05,204.19,210.55,196.45,205.26
2022/04/04,204.93,198.88,194.42,194.42,198.88,199.9,202.88,205.22,207.86,206.6,215.93,207.61,199.3,201.49,202.81,204.12,211.56,211.56,212.68,212.68,212.68,212.61,206.02,206.02,215.93,194.42,205.98
2022/04/03,200.05,197.99,199.27,196.69,199.27,196.69,199.27,196.69,193.54,193.34,198.67,193.09,140.85,192.79,197.06,198.67,198.67,200.37,203.06,203.06,203.71,203.06,203.19,203.71,203.71,140.85,196.78
2022/04/02,203.78,200.2,198.8,198.49,198.5,200.3,201.89,205.77,207.49,207.4,207.49,205.36,200.14,199.91,199.91,199.91,199.91,208.4,209.89,209.89,208.91,208.12,206,208.83,209.89,198.49,204.13
2022/04/01,200.51,198.54,196.82,196.83,199.54,205.6,207.17,207.17,207.17,207.16,207.06,206.35,198.94,203.75,204.58,205.86,209.02,209.02,209.03,209.03,208.5,205.83,205.83,205.83,209.03,196.82,205.03
2022/03/31,190.65,195.22,185.18,185.19,197.57,188.41,191.29,199.93,199.93,199.64,199.06,197.81,195.22,196.58,196.58,196.58,197.64,197.84,197.84,198.01,198.58,196.54,193.07,193,199.93,185.18,195.59
2022/03/30,190.73,187.92,185.67,185.79,185.79,190.28,191.34,192.73,197.39,197.2,197.01,197.01,196.26,199.4,199.4,199.4,199.4,198.17,198.17,198.39,197.01,194.55,192.84,192.73,199.4,185.67,194.75
2022/03/29,189.99,188.61,188.56,187.28,197.57,188.68,198.24,197.8,199.03,198.47,198.09,197.87,192.31,197.01,197.01,197.01,198.11,198.11,198.33,198.55,197.01,197.01,193.13,197.57,199.03,187.28,195.68
2022/03/28,190.75,186.64,184.69,184.66,184.73,186.34,189.21,198.86,197.92,197.92,197.92,196.47,195.17,196.77,196.77,203.69,208.53,203.71,202.46,201.1,197.66,196.27,194.45,194.42,208.53,184.66,195.98
2022/03/27,190.02,187.55,185.92,186.06,186.06,186.19,185.92,185.65,185.19,184.97,184.41,183.96,183.94,183.94,183.84,185.59,186.55,192.73,192.83,192.83,192.83,193.87,194.38,193.87,194.38,183.84,188.08
2022/03/26,193.03,191.21,190.75,189.28,189.92,192.36,194.17,194.7,195.16,195.16,195.16,194.5,188.53,192.37,193.02,192.99,192.97,193.98,194.81,194.81,194.81,194.17,194.17,194.17,195.16,188.53,193.23
2022/03/25,190.58,188.71,188.55,186.57,188.48,189.19,191.45,198.81,198.36,198.21,197.91,196.59,196.15,199.97,199.39,201.06,201.06,201.06,201.1,196.95,196.29,193.35,193.09,192.52,201.1,186.57,195.56
2022/03/24,189.42,188.06,187.3,187.3,197.33,197.11,197.11,196.67,200.98,200.98,200.84,200.87,186.86,191.05,191.76,192.99,197.85,197.85,198.08,198.52,197.37,194.69,193.35,193.71,200.98,186.86,195.14
2022/03/23,189.88,187.96,185.96,186.1,187.7,191.19,195.61,202.38,256.88,207.94,200.3,200.28,196.02,197.52,197.52,198.9,199.41,199.41,200.28,200.28,195.84,193.92,193.18,193.18,256.88,185.96,198.92
2022/03/22,189.4,187.99,185.1,185.32,185.32,195.77,195.78,199.7,199.7,199.68,196.37,194.71,187.21,191.06,191.7,198.35,198.54,198.54,198.92,198.52,198.19,198.34,193.15,192.89,199.7,185.1,194.49
2022/03/21,197.36,184.76,182.02,182.02,186.42,187.88,187.88,196.28,198.53,207.76,203.35,203.34,197.94,203.7,203.7,203.7,204.99,204.99,205.27,204.99,196.38,195.8,195.8,193.23,207.76,182.02,197.97
2022/03/20,186.65,183.06,183.06,180.21,183.06,183.06,185.62,185.62,185.45,183.04,185.62,185.62,183.05,183.03,182.97,183.14,187.51,192.59,194.79,194.79,193.29,193.67,191.35,188.71,194.79,180.21,186.92
2022/03/19,193.97,190.84,186.74,186.74,188.77,188.79,192.71,194.71,195.39,195.39,195.39,194.47,192.55,192.55,190.81,192.53,192.56,195.6,196.42,196.47,193.73,196.56,190.76,190.85,196.56,186.74,192.81
2022/03/18,187.26,186.53,182.46,182.46,182.46,183.31,186.33,190.41,196.5,196.5,211.08,196.5,193.04,195.18,195.25,195.2,195.18,192.69,192.7,192.2,190.4,189.44,188.71,188.97,211.08,182.46,191.76
2022/03/17,188.09,185,184.99,184.95,185,190.03,192.91,194.85,194.98,194.97,202.46,193.73,186.02,187.62,189.98,189.96,194.22,194.31,194.39,194.48,194.25,192.63,191.28,190.91,202.46,184.95,191.58
2022/03/16,185.46,184.92,182.56,182.58,182.58,183.22,190.7,192.82,198.18,197.27,196.54,196.92,186.57,190.3,190.28,193.57,193.57,193.57,193.62,193.29,192.17,190.79,187.79,186.62,198.18,182.56,190.55
2022/03/15,185.13,182.75,182.69,181.49,182.75,183.42,194.28,196.26,197.12,196.39,193.91,195.27,186.02,186.05,189.14,189.14,193.11,193.43,193.48,193.48,193.48,189.56,188.79,188.86,197.12,181.49,190.16
2022/03/14,181.07,145.44,109.17,109.17,109.17,180.44,183.38,196.76,198.57,198.01,194.59,196.86,188.93,189.91,189.91,195.93,195.93,197.64,198.31,198.31,198.31,190.25,190.25,190.25,198.57,109.17,182.98
2022/03/13,197.33,197.33,197.33,185.37,190.04,190.04,189.91,189.91,185.08,182.45,182.13,176.54,145.02,145.02,176.93,182.53,184.59,187.43,188.53,188.66,188.66,188.93,188.93,189.07,197.33,145.02,184.55
2022/03/12,198.78,197.63,189.11,188,187.44,188.73,190.79,190.72,192.27,191.67,191.27,185.3,185.24,183.11,186.1,188.37,189.91,189.9,191.78,192.01,192.01,190.84,191.44,192.19,198.78,183.11,190.27
2022/03/11,185.34,183.05,182.88,182.74,183.27,187.91,195.78,195.89,196.16,194.35,194.34,194.24,182.62,186.45,186.45,189.11,193.99,194.01,193.99,193.58,193.6,190.76,190.22,190.24,196.16,182.62,190.3
2022/03/10,184.04,182.53,182.5,182.47,182.86,187.23,188.46,193.49,195.25,195.25,194.51,202.41,188.16,189.31,192.28,192.8,195.95,195.95,195.95,195.95,194.67,191.61,191.61,191.61,202.41,182.47,191.52
2022/03/09,187.08,184.71,184.71,184.71,184.71,187,187.11,187.98,187.94,187.91,187.89,187.87,181.02,181.02,180.89,181.98,203.43,192.41,193.03,193.07,193.11,189.86,189.76,189.56,203.43,180.89,188
2022/03/08,190.62,185.28,184.84,184.84,184.84,188.88,197.91,197.76,197.61,197.2,202.22,197.57,184.8,184.8,188.81,203.33,194.13,194.5,194.5,194.5,194.51,192.24,190.83,190.85,203.33,184.8,192.68
2022/03/07,185.35,182.29,182.28,182.21,182.28,182.88,191.43,197.95,201.84,201.79,197.58,201.78,190.93,194.83,194.83,197.36,198.25,198.25,198.25,198.2,192.96,191.3,189.07,190.89,201.84,182.21,193.43
2022/03/06,196.5,189.46,189.16,188.01,188.86,189.39,189.39,189.39,187.44,186.04,184,182.89,182.44,182.42,182.44,185.17,186.43,193.89,193.89,193.89,193.89,191.63,191.63,192.15,196.5,182.42,188.98
2022/03/05,196.07,192.44,193.79,189.1,189.69,195.26,195.26,195.26,194.67,187.22,185.13,183.14,180.98,180.84,184.12,185.32,190.38,194.02,195.21,195.22,195.23,193.41,195.21,195.25,196.07,180.84,191.24
2022/03/04,190.23,187.68,187.68,187.75,187.75,189.88,191.2,196.03,200.18,199.59,198.67,198.4,198.4,198.4,199.52,199.52,199.81,200.39,199.45,199.65,197.76,192.76,192.15,193.69,200.39,187.68,195.65
2022/03/03,190.11,190.11,187.07,187.14,196.38,197.07,199.93,199.95,199.95,202.22,197.36,197.34,186.57,191.35,191.35,195.71,197.87,195.71,199.87,198.47,201.59,198.28,193.18,193.18,202.22,186.57,195.72
2022/03/02,187.2,184.7,184.7,184.7,184.7,185.19,195.64,197.44,204.04,204,211.95,197.14,188.44,190.24,190.24,195.66,195.8,195.8,196.05,195.81,196.05,192.79,192.79,194.12,211.95,184.7,193.98
2022/03/01,191.4,187.04,185.41,184.82,185.41,189.09,191.71,192.91,192.98,192.73,192.94,192.69,185.32,185.32,185.03,185.32,190.66,192.55,192.59,192.64,192.68,191.72,191.72,191.72,192.98,184.82,189.96
2022/02/28,221.21,203.95,200.26,199.95,200.74,202.01,211.37,218.47,219.42,219.42,218.89,218.94,211.65,218.96,216.98,218.99,219.84,219.95,220.78,221.03,216.22,214.41,209.7,209.74,221.21,199.95,214.55
2022/02/27,200.83,199.14,198.28,197.29,197.46,201.77,201.83,201.83,201.71,198.07,186.69,115.16,102.7,104.83,109.09,186.85,197.32,200.36,204.39,204.68,204.98,205.13,205.13,205.42,205.42,102.7,186.09
2022/02/26,202.67,202.67,199.38,199.38,199.38,206.57,206.44,206.31,206.19,204.01,203.99,199.37,196.43,199.37,199.35,200.09,205.07,205.23,205.48,205.74,204.61,204.73,203.67,205.18,206.57,196.43,203.01
2022/02/25,208.5,208.5,207.23,207.23,207.23,211.04,211.04,218.72,222.18,218.7,218.68,216.99,206,206.62,220.22,214.54,216.36,216.36,216.36,216.36,210.84,207.13,206.32,209.58,222.18,206,212.86
2022/02/24,207.45,207.45,204.36,204.35,204.36,207.18,210.58,218.94,218.94,217.6,217.6,217.29,205.39,210.56,210.56,214.5,216.9,216.9,216.9,216.9,215.32,208.81,206.35,209.25,218.94,204.35,212.16
2022/02/23,207.45,205.54,207.45,204.56,207.45,207.45,219.37,220.4,221.27,220.91,219.61,220.22,209.84,209.84,209.84,217.98,217.98,218.22,219.94,215.82,209.94,206.71,205.88,206.73,221.27,204.56,213.28
2022/02/22,211.48,211.48,211.48,211.48,211.48,211.48,215.85,219.7,221.15,221.15,219.61,221.09,211.48,218.68,218.68,218.68,219.11,219.11,219.42,219.29,218.3,211.48,211.48,211.48,221.15,211.48,216.31
2022/02/21,207.45,203.28,196.91,195.8,197.89,199.71,207.45,219.11,220.26,220.26,220.26,220.08,215.45,218.32,218.47,219.19,219.19,219.19,219.48,219.03,219.03,215.45,215.45,215.45,220.26,195.8,214.38
2022/02/20,205.24,201.73,205.24,196.48,197.61,199.32,207.68,205.24,202.64,186.05,119.65,112.15,91.65,114.12,120.35,204.95,197.24,207.68,205.98,205.24,205.24,202.54,202.79,205.24,207.68,91.65,185.12
2022/02/19,205.15,205.15,205.37,199.49,199.05,205.15,205.69,205.81,207.6,205.7,206.98,205.44,196.88,202.61,202.61,206.98,205.1,206.98,205.16,205.29,204.61,204.5,204.5,207.6,207.6,196.88,204.61
2022/02/18,205.32,203.03,200.52,200.6,200.72,207.45,207.45,218.98,221.38,221.38,218.39,219.4,210.09,219.05,219.05,218.56,222.16,220.74,216.13,216.2,206.39,207.45,205.23,207.45,222.16,200.52,212.84
2022/02/17,207.45,207.45,200.04,200.06,206.96,207.45,206.78,210.5,219.29,219.29,219.29,219.02,219.02,219.02,219.02,219.02,219.02,219.02,216.9,218.62,210.24,206.45,205.33,207.45,219.29,200.04,213.11
2022/02/16,202.89,205.84,199.04,199.05,199.07,207.45,206.09,212.34,222.02,222.02,215.11,215.1,205.47,210.84,210.84,214.78,216.1,216.1,216.19,213.46,207.45,207.02,204.91,207.45,222.02,199.04,210.38
2022/02/15,200.47,197.64,204.61,195.68,205.22,204.23,205.24,207.85,213.15,213.15,210.72,211.54,205.75,208.54,212.03,212.03,212.03,212.03,211.04,211.04,211.04,206.83,203.73,206.83,213.15,195.68,208.01
2022/02/14,205.01,114.12,105.19,92,108.23,118.36,197.12,207.05,210.01,214.92,214.92,208.05,206.17,207.57,214.92,211.04,214.92,214.92,211.04,208.44,205.36,205.01,200.12,205.01,214.92,92,191.69
2022/02/13,201.24,185.99,116.48,115.31,115.31,122.79,123.33,123.33,122.66,104.31,108.44,91.53,91.53,91.53,91.53,91.53,117.49,199.34,206.44,199.81,200.34,205.24,198.74,203.31,206.44,91.53,145.4
2022/02/12,197.69,201.03,191.55,184.46,184.39,197.66,196.53,204.86,214.64,205.05,205.07,186.66,94.36,176.06,172.91,194.18,201.03,204.62,206.36,202.83,202.78,195.74,195.6,206.98,214.64,94.36,193.23
2022/02/11,204.61,205.72,202,195.79,206.83,201.67,207.33,207.42,211.57,214.64,210.1,210.82,203.63,210.82,210.82,210.82,214.49,210.82,209.38,211.91,209.75,210.05,201.53,214.49,214.64,195.79,208.48
2022/02/10,199.93,205.01,199.71,199.58,199.69,205.01,207.6,207.81,214.14,211.22,211.15,210.77,203.07,206.16,214.14,214.14,214.14,214.14,208.66,208.4,208.4,209.34,204.7,206.83,214.14,199.58,207.97
2022/02/09,199.81,204.11,195.63,194.24,203.74,205.01,207.63,210.01,216.16,216.16,207.89,209.11,199.87,209.47,206.17,207.45,209.81,209.89,209.11,208,206.22,206.11,201.22,206.22,216.16,194.24,206.56
2022/02/08,202,203.24,202,199.22,204.11,205.81,206.28,213.59,213.54,213.54,213.54,211.65,205.89,211.03,211.65,211.65,213.81,211.65,211.11,211.65,206.98,205.38,204.41,206.83,213.81,199.22,208.69
2022/02/07,205.01,118.11,113.47,173.11,172.18,205.01,199.66,207.16,214.53,214.45,211.03,211.03,206.15,214.45,211.03,213.57,214.45,214.45,214.45,207.97,206.39,203.94,201.01,205.01,214.53,113.47,200.6
2022/02/06,197.82,186.05,115.63,108.81,107.98,121.87,195.07,197.35,197.35,119.13,115.33,106.93,91.53,91.53,105.78,106.05,183.29,202.52,202.76,202.88,203.12,198.4,198.48,201.36,203.12,91.53,159.05
2022/02/05,204.38,199.88,196.57,197.35,195.75,199.75,201.16,205.15,206.98,201.02,205.15,205.37,111.55,118.55,175.86,190.07,205.15,202.52,205.15,206.98,205.15,198.04,205.15,205.15,206.98,111.55,194.12
2022/02/04,200.48,200.27,200.34,198.23,206.83,199.71,206.86,207.44,219.56,213.91,210.3,209.36,203.05,206.18,213.91,213.91,207.91,213.91,213.91,207.35,206.83,206.04,203.79,206.83,219.56,198.23,207.73
2022/02/03,204.98,107.91,92,92,92,104.69,118.39,205.56,210,210,209.21,206.45,194.83,201.59,202.25,207.04,208.44,214.26,212.18,207.44,214.26,200.88,201,206.83,214.26,92,184.82
2022/02/02,121.07,94.03,92.03,92.03,92.03,92.03,92.72,92.72,92.13,91.94,91.94,90.53,88.98,88.98,90.53,91.94,123.78,194.6,204.33,199.44,198.7,197.79,200.14,200.84,204.33,88.98,129.14
2022/02/01,113.93,106.73,92.66,91.53,91.53,93.51,93.51,93.51,92.85,88.31,80.92,78.62,7.84,76.32,78.62,87.21,89.37,91.42,124.14,124.14,124.14,122.02,141.99,141.99,141.99,7.84,99.08
2022/01/31,120.38,103.42,90.18,90.18,90.18,91.07,91.07,90.91,90.18,87.64,84.06,81.14,76.27,76.27,78.98,84.06,90.18,91.07,103.03,109.29,103.03,103.03,121.61,142.02,142.02,76.27,96.4
2022/01/30,168.1,161.27,104.2,103.55,103.51,104.49,125.39,104.18,104.38,88.25,87.37,87.37,87.37,87.37,87.37,87.9,124.45,154.92,159.1,159.1,158.9,145.67,159.73,160.27,168.1,87.37,122.92
2022/01/29,163.33,158.26,157.07,155.69,153.94,159.98,158.18,160.38,158.18,158.17,157.06,121.83,87.65,87.65,121.65,112.15,152.32,154.56,159.5,159.5,159.47,155.57,159.48,160.06,163.33,87.65,148.19
2022/01/28,156.58,156.58,156.58,156.58,160.27,158.4,161.03,163.52,165.28,164.03,163.07,163.07,156.58,156.98,157.43,159.79,161.74,161.74,161.78,161.72,160.78,157.82,157.79,163.57,165.28,156.58,160.25
2022/01/27,160.35,156.15,156.33,155.8,155.82,160.27,171.43,173.2,173.49,173.49,168.68,172.15,161.88,162.18,168.55,168.55,168.55,168.55,167.64,167.08,161.72,161.06,159.76,161.69,173.49,155.8,165.15
2022/01/26,156.59,156.58,156.58,156.58,156.58,156.58,167.5,169.27,173.47,171.75,169.08,170.79,161.16,162.16,162.16,167.57,167.58,167.58,167.59,165.62,161.61,161.01,159.85,159.85,173.47,156.58,163.91
2022/01/25,156.62,156.58,156.58,156.58,156.58,156.58,157.4,165.28,171.96,171.04,171.04,170.91,161.33,163.14,165.6,167.53,167.54,167.54,167.55,162.75,161.02,161.69,156.59,161.69,171.96,156.58,163.43
2022/01/24,121.23,109.56,91.76,88.91,121.18,120.58,160.21,162.33,170.08,170.08,170.05,162.83,159.42,167.71,167.71,167.71,167.71,167.71,167.19,167.19,161.26,158.95,157.28,161.69,170.08,88.91,153.57
2022/01/23,155.2,155.2,155.2,155.2,155.2,147.8,153.05,153.05,152.82,122.8,122.74,111.28,89,89.61,122.56,114.84,153.55,157.37,157.37,157.37,157.37,157.35,157.37,157.37,157.37,89,142.76
2022/01/22,157.24,156.71,156.71,156.71,155.47,156.47,156.47,160.98,160.42,160.07,160.01,158.39,155.47,155.47,155.47,156.45,159.08,159.36,159.55,158.3,155.4,155.19,154.7,155.39,160.98,154.7,157.35
2022/01/21,159.56,161.69,161.69,153.27,161.69,156.17,162.81,165.08,178.55,165.22,165,163.09,158.74,161.94,167.1,167.1,167.1,167.1,163.26,163.27,162.42,161.69,157.63,161.69,178.55,153.27,163.3
2022/01/20,158.39,156.58,160.01,156.58,161.69,156.58,162.51,167.63,173.63,173.63,167.31,167.74,159.36,162.15,163.36,168.41,168.41,168.41,168.41,167.48,162.34,161.69,159.09,161.69,173.63,156.58,164.25
2022/01/19,158.26,158.59,161.47,155.61,158.4,161.69,162.92,166.1,171.7,171.62,171.34,170.8,161.05,161.94,168.17,167.02,168.85,168.93,167.45,167.46,161.69,160.82,158.3,161.69,171.7,155.61,164.61
2022/01/18,161.69,161.69,155.53,155.52,156.09,156.09,170.65,170.65,171.87,171.28,168.71,168.74,158.59,161.35,163.32,167.43,167.44,167.45,167.46,165.37,162.17,160.34,157.11,161.69,171.87,155.52,164.01
2022/01/17,154.31,149.71,89.71,88.6,91.82,145.69,173.83,165.29,174.43,174.43,170.77,167.41,162.23,172.25,172.29,170.75,174.41,170.75,170.88,165.4,162.23,162.23,162.23,162.23,174.43,88.6,158.99
2022/01/16,155.18,153.21,143.06,113.64,122.8,153.98,157.64,158.53,158.46,150.43,122.93,91.85,87.37,87.37,122.6,121.07,158.7,159.16,159.24,159.24,159.24,157.91,157.91,159.4,159.4,87.37,141.49
2022/01/15,161.8,161.8,161.8,161.8,155.23,161.07,161.8,165.34,164.9,159.83,158.41,157.95,153.7,153.7,154.9,160.14,160.69,165.69,165.94,161.18,161.3,158.39,157.4,157.46,165.94,153.7,160.2
2022/01/14,161.63,154.73,161.69,154.73,161.69,156.24,164.69,171.35,172.26,172.26,170.3,167.29,160.97,161.65,165.48,168.36,171.04,171.04,171.23,171.23,161.66,161.24,159,161.69,172.26,154.73,165.15
2022/01/13,161.6,160.7,161.69,151.59,154.62,155.9,164.4,167.34,174.83,174.83,167.33,168.47,161.03,161.79,169.06,168.56,170.73,170.73,170.73,170.73,162.05,160.2,157.64,161.69,174.83,151.59,165.03
2022/01/12,157.43,155.24,161.69,151.36,154.24,159.87,159.87,170.16,173.63,173.63,170.46,164.32,161.18,170.75,170.52,170.75,170.75,170.75,170.88,161.3,161.24,158.56,158.67,161.69,173.63,151.36,164.74
2022/01/11,160.27,160.27,152.3,150.69,152.3,160.27,160.27,165.44,196.61,166.08,165.22,161.98,158.43,162.32,167.38,167.38,170.62,170.62,170.75,170.75,160.87,160.27,156.91,160.27,196.61,150.69,164.27
2022/01/10,111.95,121.32,88.65,88.65,121.21,90.83,155.94,163.19,165.97,165.97,162.72,162.89,159.01,167.58,170.13,167.58,173.03,173.02,167.04,167.04,159.93,157.49,157.2,161.21,173.03,88.65,152.16
2022/01/09,154.01,124.89,104.11,92.33,103.15,124.66,125.75,135.55,135.55,100.53,108.94,87.37,87.37,87.37,124.65,92.33,153.54,158.24,164.95,164.95,164.95,164.95,164.95,164.95,164.95,87.37,130.27
2022/01/08,154.97,155.06,143.96,123.75,123.75,123.75,156.77,155.68,164.6,164.31,155.72,113.74,87.65,87.65,87.65,123.52,113.74,157.09,157.22,157.22,147.43,113.74,156.34,156.42,164.6,87.65,137.7
2022/01/07,157,154.64,150.14,153.26,153.26,161.26,156.52,161.86,170.88,170.88,170.75,170.62,161.64,164.75,167.55,167.54,172.47,170.91,171.09,167.68,161.21,157.92,156.27,161.21,172.47,150.14,163.59
2022/01/06,161.69,156.58,156.58,156.58,161.69,161.69,157.49,162.7,165.43,166.24,176.71,162.25,158.93,162.24,164.45,164.97,164.97,164.97,162.95,161.98,161.21,161.21,156.45,161.21,176.71,156.45,162.41
2022/01/05,156.58,156.58,156.58,156.58,156.58,160.05,160.27,165.35,165.83,166.88,166.88,166.86,161.63,166.88,166.87,166.87,166.87,162.76,162.26,161.09,158.79,157.37,156.58,161.21,166.88,156.58,162.22
2022/01/04,156.58,161.69,156.58,156.58,156.58,156.58,156.58,165.03,165.56,196.49,166.72,166.72,161.39,166.72,166.72,166.72,166.72,166.72,162.65,161,160.72,157.28,156.26,161.21,196.49,156.26,163.53
2022/01/03,124,122.79,88.64,88.64,122.69,90.47,162.82,162.82,166.28,166.28,162.82,162.82,162.82,168.95,168.95,170.88,172.74,171.48,171.27,169.68,162.82,162.82,162.82,162.82,172.74,88.64,154.25
2022/01/02,147.47,93.03,91.4,87.96,89.39,92.05,94.36,94.64,93.03,89.67,89.69,89.69,89.42,88.78,88.15,93.03,150.1,156.04,156.17,156.17,156.17,155.09,155.2,155.52,156.17,87.96,116.43
2022/01/01,160.07,160.07,160.07,124.73,103.55,130.44,119.99,103.59,92.69,90.62,88.17,87.44,87.39,87.39,87.41,90.98,137.66,154.89,155.63,155.76,156.04,155.29,156.31,156.31,160.07,87.39,126.81
