년,월,일,설비용량(MW),공급능력(MW),최대전력(MW),최소전력(MW),공급예비력(MW),공급예비율(%),최대전력기준일시,최소전력기준일시
2026,09,27,161365,90325,61655,"45,304",28670,46.5,2026/09/27(19:00),2026/09/27(05:00)
2026,09,26,161365,91021,58288,"44,491",32733,56.2,2026/09/26(20:00),2026/09/26(04:00)
2026,09,25,161365,92146,55706,"45,340",36440,65.4,2026/09/25(20:00),2026/09/25(10:00)
2026,09,24,161365,91126,59601,"43,951",31525,52.9,2026/09/24(19:00),2026/09/24(12:00)
2026,09,23,161365,100818,70394,"56,001",30424,43.2,2026/09/23(19:00),2026/09/23(05:00)
2026,09,22,161103,98074,76585,"55,955",21489,28.1,2026/09/22(19:00),2026/09/22(04:00)
2026,09,21,161103,98874,76817,"51,203",22057,28.7,2026/09/21(19:00),2026/09/21(04:00)
2026,09,20,161103,94154,66528,"45,623",27626,41.5,2026/09/20(20:00),2026/09/20(13:00)
2026,09,19,161103,94536,67651,"52,871",26885,39.7,2026/09/19(19:00),2026/09/19(13:00)
2026,09,18,161103,100537,75330,"56,517",25207,33.5,2026/09/18(19:00),2026/09/18(04:00)
2026,09,17,161103,102286,76071,"56,305",26215,34.5,2026/09/17(17:00),2026/09/17(04:00)
2026,09,16,161103,102056,75670,"56,134",26386,34.9,2026/09/16(19:00),2026/09/16(04:00)
2026,09,15,160975,100567,75617,"56,255",24950,33,2026/09/15(19:00),2026/09/15(04:00)
2026,09,14,160975,99626,75711,"51,233",23915,31.6,2026/09/14(19:00),2026/09/14(04:00)
2026,09,13,160975,95708,66087,"47,486",29621,44.8,2026/09/13(20:00),2026/09/13(11:00)
2026,09,12,160975,93772,66073,"50,332",27699,41.9,2026/09/12(20:00),2026/09/12(13:00)
2026,09,11,160975,98137,73096,"55,702",25041,34.3,2026/09/11(19:00),2026/09/11(04:00)
2026,09,10,160975,100528,73925,"56,017",26603,36,2026/09/10(19:00),2026/09/10(04:00)
2026,09,09,160975,104204,75716,"57,767",28488,37.6,2026/09/09(17:00),2026/09/09(05:00)
2026,09,08,160952,101110,79908,"57,487",21202,26.5,2026/09/08(19:00),2026/09/08(04:00)
2026,09,07,160952,101831,79526,"52,101",22305,28,2026/09/07(19:00),2026/09/07(04:00)
2026,09,06,160952,98193,68394,"49,054",29799,43.6,2026/09/06(20:00),2026/09/06(11:00)
2026,09,05,160952,97183,69312,"53,997",27871,40.2,2026/09/05(20:00),2026/09/05(13:00)
2026,09,04,160952,105013,79148,"60,361",25865,32.7,2026/09/04(18:00),2026/09/04(05:00)
2026,09,03,160952,103331,85469,"61,483",17862,20.9,2026/09/03(19:00),2026/09/03(05:00)
2026,09,02,160952,103056,85902,"61,582",17154,20,2026/09/02(17:00),2026/09/02(04:00)
2026,09,01,160897,104465,84735,"61,305",19730,23.3,2026/09/01(17:00),2026/09/01(05:00)
2026,08,31,160897,106087,85709,"56,458",20378,23.8,2026/08/31(17:00),2026/08/31(04:00)
2026,08,30,160897,103285,75575,"56,786",27710,36.7,2026/08/30(20:00),2026/08/30(05:00)
2026,08,29,160897,103400,77582,"61,288",25818,33.3,2026/08/29(20:00),2026/08/29(05:00)
2026,08,28,160897,107218,90536,"64,107",16682,18.4,2026/08/28(15:00),2026/08/28(05:00)
2026,08,27,160897,105697,92667,"64,004",13030,14.1,2026/08/27(19:00),2026/08/27(05:00)
2026,08,26,160897,106439,92781,"64,056",13658,14.7,2026/08/26(19:00),2026/08/26(05:00)
2026,08,25,160880,105447,94017,"64,174",11430,12.2,2026/08/25(19:00),2026/08/25(04:00)
2026,08,24,160880,106078,92804,"57,600",13274,14.3,2026/08/24(19:00),2026/08/24(04:00)
2026,08,23,160880,103711,79910,"55,753",23801,29.8,2026/08/23(20:00),2026/08/23(05:00)
2026,08,22,160880,102884,74458,"60,883",28426,38.2,2026/08/22(20:00),2026/08/22(05:00)
2026,08,21,160880,107012,87159,"62,673",19853,22.8,2026/08/21(17:00),2026/08/21(05:00)
2026,08,20,160880,106373,88374,"62,738",17999,20.4,2026/08/20(19:00),2026/08/20(05:00)
2026,08,19,160880,107712,87894,"61,762",19818,22.5,2026/08/19(17:00),2026/08/19(04:00)
2026,08,18,160459,106710,86725,"57,871",19985,23,2026/08/18(19:00),2026/08/18(04:00)
2026,08,17,160459,104431,76675,"54,472",27756,36.2,2026/08/17(20:00),2026/08/17(05:00)
2026,08,16,160459,103372,70278,"55,833",33094,47.1,2026/08/16(20:00),2026/08/16(05:00)
2026,08,15,160459,102805,75615,"60,603",27190,36,2026/08/15(20:00),2026/08/15(05:00)
2026,08,14,160459,105760,86552,"61,555",19208,22.2,2026/08/14(17:00),2026/08/14(04:00)
2026,08,13,160459,105743,85362,"60,550",20381,23.9,2026/08/13(20:00),2026/08/13(05:00)
2026,08,12,160459,108252,83660,"59,999",24592,29.4,2026/08/12(17:00),2026/08/12(05:00)
2026,08,11,160411,106784,86684,"62,109",20100,23.2,2026/08/11(19:00),2026/08/11(05:00)
2026,08,10,160411,106184,88967,"58,309",17217,19.4,2026/08/10(19:00),2026/08/10(04:00)
2026,08,09,160411,99669,78765,"58,176",20904,26.5,2026/08/09(20:00),2026/08/09(05:00)
2026,08,08,160411,101189,82078,"64,683",19111,23.3,2026/08/08(20:00),2026/08/08(06:00)
2026,08,07,160411,103589,95321,"64,455",8268,8.7,2026/08/07(19:00),2026/08/07(05:00)
2026,08,06,160411,104968,95044,"63,308",9924,10.4,2026/08/06(19:00),2026/08/06(05:00)
2026,08,05,160411,105314,93282,"63,090",12032,12.9,2026/08/05(19:00),2026/08/05(05:00)
2026,08,04,160266,105436,92861,"62,313",12575,13.5,2026/08/04(19:00),2026/08/04(05:00)
2026,08,03,160266,105231,91106,"58,097",14125,15.5,2026/08/03(19:00),2026/08/03(05:00)
2026,08,02,160266,101134,82480,"58,420",18654,22.6,2026/08/02(20:00),2026/08/02(06:00)
2026,08,01,160266,100618,82929,"61,379",17689,21.3,2026/08/01(20:00),2026/08/01(06:00)
2026,07,31,160266,105904,89247,"62,217",16657,18.7,2026/07/31(19:00),2026/07/31(05:00)
2026,07,30,160266,104572,91295,"62,615",13277,14.5,2026/07/30(19:00),2026/07/30(05:00)
2026,07,29,160266,105303,91790,"63,733",13513,14.7,2026/07/29(19:00),2026/07/29(05:00)
2026,07,28,160260,105702,92523,"63,703",13179,14.2,2026/07/28(19:00),2026/07/28(05:00)
2026,07,27,160260,105486,92521,"58,508",12965,14,2026/07/27(19:00),2026/07/27(05:00)
2026,07,26,160260,102209,80650,"57,845",21559,26.7,2026/07/26(20:00),2026/07/26(06:00)
2026,07,25,160260,101956,81272,"61,163",20684,25.5,2026/07/25(20:00),2026/07/25(06:00)
2026,07,24,160260,106067,89919,"62,081",16148,18,2026/07/24(19:00),2026/07/24(05:00)
2026,07,23,159744,106036,90215,"62,675",15821,17.5,2026/07/23(19:00),2026/07/23(04:00)
2026,07,22,159744,103211,88733,"61,574",14478,16.3,2026/07/22(19:00),2026/07/22(05:00)
2026,07,21,159721,103801,87533,"61,256",16268,18.6,2026/07/21(19:00),2026/07/21(05:00)
2026,07,20,159721,103482,85119,"55,242",18363,21.6,2026/07/20(19:00),2026/07/20(04:00)
2026,07,19,159721,99463,73180,"54,769",26283,35.9,2026/07/19(20:00),2026/07/19(06:00)
2026,07,18,159721,98804,74388,"57,883",24416,32.8,2026/07/18(20:00),2026/07/18(06:00)
2026,07,17,159721,99940,80556,"60,087",19384,24.1,2026/07/17(20:00),2026/07/17(06:00)
2026,07,16,159721,102628,87500,"60,540",15128,17.3,2026/07/16(17:00),2026/07/16(05:00)
2026,07,15,159721,103143,86379,"62,734",16764,19.4,2026/07/15(19:00),2026/07/15(05:00)
2026,07,14,159432,104793,92562,"63,440",12231,13.2,2026/07/14(17:00),2026/07/14(05:00)
2026,07,13,159432,103519,92914,"57,711",10605,11.4,2026/07/13(19:00),2026/07/13(04:00)
2026,07,12,159432,98032,80671,"56,278",17361,21.5,2026/07/12(20:00),2026/07/12(06:00)
2026,07,11,159432,98011,78565,"58,588",19446,24.8,2026/07/11(20:00),2026/07/11(06:00)
2026,07,10,159432,101185,83597,"59,307",17588,21,2026/07/10(19:00),2026/07/10(05:00)
2026,07,09,159432,100200,84727,"60,256",15473,18.3,2026/07/09(11:00),2026/07/09(05:00)
2026,07,08,159432,102584,85341,"60,498",17243,20.2,2026/07/08(15:00),2026/07/08(05:00)
2026,07,07,159413,101624,86951,"59,835",14673,16.9,2026/07/07(20:00),2026/07/07(05:00)
2026,07,06,159413,101768,82890,"53,734",18878,22.8,2026/07/06(19:00),2026/07/06(04:00)
2026,07,05,159413,99358,70179,"53,218",29179,41.6,2026/07/05(20:00),2026/07/05(06:00)
2026,07,04,159413,99719,70097,"56,447",29622,42.3,2026/07/04(20:00),2026/07/04(05:00)
2026,07,03,159413,101298,76574,"57,805",24724,32.3,2026/07/03(17:00),2026/07/03(05:00)
2026,07,02,159413,100406,77328,"57,331",23078,29.8,2026/07/02(20:00),2026/07/02(05:00)
2026,07,01,159413,100816,77028,"58,004",23788,30.9,2026/07/01(19:00),2026/07/01(05:00)
2026,06,30,159396,100079,78472,"57,331",21607,27.5,2026/06/30(19:00),2026/06/30(05:00)
2026,06,29,159396,97624,78197,"51,302",19427,24.8,2026/06/29(19:00),2026/06/29(04:00)
2026,06,28,159396,92311,66233,"46,028",26078,39.4,2026/06/28(20:00),2026/06/28(10:00)
2026,06,27,159396,90347,67135,"51,198",23212,34.6,2026/06/27(20:00),2026/06/27(13:00)
2026,06,26,159396,93311,72437,"55,600",20874,28.8,2026/06/26(20:00),2026/06/26(05:00)
2026,06,25,159396,94882,74213,"55,769",20669,27.9,2026/06/25(17:00),2026/06/25(05:00)
2026,06,24,159396,94894,72974,"55,475",21920,30,2026/06/24(19:00),2026/06/24(05:00)
2026,06,23,159148,94260,74582,"55,865",19678,26.4,2026/06/23(20:00),2026/06/23(05:00)
2026,06,22,159148,91908,76099,"50,781",15809,20.8,2026/06/22(15:00),2026/06/22(04:00)
2026,06,21,159148,88300,64618,"48,105",23682,36.6,2026/06/21(20:00),2026/06/21(13:00)
2026,06,20,159148,90423,65799,"56,887",24624,37.4,2026/06/20(11:00),2026/06/20(05:00)
2026,06,19,159148,92978,82193,"57,870",10785,13.1,2026/06/19(15:00),2026/06/19(05:00)
2026,06,18,159148,91816,79582,"57,553",12234,15.4,2026/06/18(19:00),2026/06/18(05:00)
2026,06,17,159148,91365,79231,"57,093",12134,15.3,2026/06/17(17:00),2026/06/17(05:00)
2026,06,16,159138,92877,76912,"56,247",15965,20.8,2026/06/16(19:00),2026/06/16(05:00)
2026,06,15,159138,94070,74794,"50,023",19276,25.8,2026/06/15(19:00),2026/06/15(04:00)
2026,06,14,159138,87726,63433,"45,888",24293,38.3,2026/06/14(20:00),2026/06/14(12:00)
2026,06,13,159138,86433,64010,"46,496",22423,35,2026/06/13(20:00),2026/06/13(13:00)
2026,06,12,159138,86713,69665,"54,469",17048,24.5,2026/06/12(20:00),2026/06/12(05:00)
2026,06,11,159138,88391,70846,"54,647",17545,24.8,2026/06/11(20:00),2026/06/11(05:00)
2026,06,10,159138,87314,71061,"54,482",16253,22.9,2026/06/10(20:00),2026/06/10(04:00)
2026,06,09,159095,87441,70399,"53,982",17042,24.2,2026/06/09(20:00),2026/06/09(05:00)
2026,06,08,159095,89326,70026,"49,414",19300,27.6,2026/06/08(20:00),2026/06/08(04:00)
2026,06,07,159095,88533,62078,"46,662",26455,42.6,2026/06/07(21:00),2026/06/07(09:00)
2026,06,06,159095,87291,62941,"43,944",24350,38.7,2026/06/06(20:00),2026/06/06(13:00)
2026,06,05,159095,87635,68510,"54,416",19125,27.9,2026/06/05(20:00),2026/06/05(13:00)
2026,06,04,159095,87335,73724,"54,036",13611,18.5,2026/06/04(19:00),2026/06/04(05:00)
2026,06,03,159095,86941,69614,"53,406",17327,24.9,2026/06/03(20:00),2026/06/03(10:00)
2026,06,02,159095,87641,73697,"54,687",13944,18.9,2026/06/02(20:00),2026/06/02(04:00)
2026,06,01,159095,89788,71780,"48,730",18008,25.1,2026/06/01(20:00),2026/06/01(04:00)
2026,05,31,159095,85052,62633,"41,969",22419,35.8,2026/05/31(20:00),2026/05/31(10:00)
2026,05,30,159095,84033,62852,"45,312",21181,33.7,2026/05/30(20:00),2026/05/30(13:00)
2026,05,29,159095,86847,68817,"54,648",18030,26.2,2026/05/29(20:00),2026/05/29(05:00)
2026,05,28,159095,85415,72735,"55,582",12680,17.4,2026/05/28(19:00),2026/05/28(04:00)
2026,05,27,159095,86461,74957,"55,629",11504,15.3,2026/05/27(17:00),2026/05/27(04:00)
2026,05,26,159088,84327,76629,"51,393",7698,10,2026/05/26(17:00),2026/05/26(04:00)
2026,05,25,159088,81933,66379,"48,527",15554,23.4,2026/05/25(20:00),2026/05/25(04:00)
2026,05,24,159088,82100,60570,"39,173",21530,35.5,2026/05/24(21:00),2026/05/24(12:00)
2026,05,23,159088,80511,60439,"47,391",20072,33.2,2026/05/23(21:00),2026/05/23(14:00)
2026,05,22,159088,85282,67830,"54,067",17452,25.7,2026/05/22(20:00),2026/05/22(04:00)
2026,05,21,158492,85738,69829,"54,436",15909,22.8,2026/05/21(17:00),2026/05/21(04:00)
2026,05,20,158492,86958,73130,"55,051",13828,18.9,2026/05/20(11:00),2026/05/20(04:00)
2026,05,19,158253,84590,71560,"54,726",13030,18.2,2026/05/19(19:00),2026/05/19(04:00)
2026,05,18,158253,82783,71667,"49,148",11116,15.5,2026/05/18(20:00),2026/05/18(04:00)
2026,05,17,158253,78774,62081,"41,389",16693,26.9,2026/05/17(20:00),2026/05/17(12:00)
2026,05,16,158253,78974,62271,"44,916",16703,26.8,2026/05/16(20:00),2026/05/16(13:00)
2026,05,15,158253,81693,69412,"52,770",12281,17.7,2026/05/15(20:00),2026/05/15(13:00)
2026,05,14,158719,82025,70811,"53,267",11664,16.5,2026/05/14(20:00),2026/05/14(13:00)
2026,05,13,158719,81241,69017,"50,561",12224,17.7,2026/05/13(20:00),2026/05/13(13:00)
2026,05,12,158711,80311,69103,"53,968",11208,16.2,2026/05/12(20:00),2026/05/12(04:00)
2026,05,11,158711,80513,68276,"48,068",12237,17.9,2026/05/11(20:00),2026/05/11(04:00)
2026,05,10,158711,76898,58885,"38,474",18013,30.6,2026/05/10(21:00),2026/05/10(12:00)
2026,05,09,158711,76071,58905,"39,608",17166,29.1,2026/05/09(21:00),2026/05/09(13:00)
2026,05,08,158711,80764,65237,"46,495",15527,23.8,2026/05/08(20:00),2026/05/08(13:00)
2026,05,07,158711,80985,68320,"51,637",12665,18.5,2026/05/07(20:00),2026/05/07(13:00)
2026,05,06,158711,80711,67262,"47,712",13449,20,2026/05/06(20:00),2026/05/06(13:00)
2026,05,05,158697,80183,61292,"39,742",18891,30.8,2026/05/05(21:00),2026/05/05(13:00)
2026,05,04,158697,79660,62777,"43,376",16883,26.9,2026/05/04(20:00),2026/05/04(13:00)
2026,05,03,158697,79659,58589,"47,878",21070,36,2026/05/03(20:00),2026/05/03(04:00)
2026,05,02,158697,77310,57328,"44,491",19982,34.9,2026/05/02(20:00),2026/05/02(13:00)
2026,05,01,158697,77371,58570,"37,405",18801,32.1,2026/05/01(21:00),2026/05/01(13:00)
2026,04,30,158697,81728,65328,"53,235",16400,25.1,2026/04/30(20:00),2026/04/30(04:00)
2026,04,29,158697,81080,66975,"53,005",14105,21.1,2026/04/29(20:00),2026/04/29(04:00)
2026,04,28,158641,80656,67597,"51,498",13059,19.3,2026/04/28(20:00),2026/04/28(13:00)
2026,04,27,158641,80629,67089,"47,385",13540,20.2,2026/04/27(20:00),2026/04/27(04:00)
2026,04,26,158641,78026,58364,"37,810",19662,33.7,2026/04/26(21:00),2026/04/26(12:00)
2026,04,25,158641,77921,58775,"39,777",19146,32.6,2026/04/25(20:00),2026/04/25(13:00)
2026,04,24,158641,80483,66447,"47,715",14036,21.1,2026/04/24(20:00),2026/04/24(13:00)
2026,04,23,158641,82937,68153,"51,385",14784,21.7,2026/04/23(20:00),2026/04/23(13:00)
2026,04,22,158641,82952,67501,"53,806",15451,22.9,2026/04/22(20:00),2026/04/22(04:00)
2026,04,21,158606,83312,68236,"49,282",15076,22.1,2026/04/21(20:00),2026/04/21(13:00)
2026,04,20,158606,81625,68788,"48,459",12837,18.7,2026/04/20(15:00),2026/04/20(04:00)
2026,04,19,158606,78736,60018,"43,000",18718,31.2,2026/04/19(20:00),2026/04/19(11:00)
2026,04,18,158606,80771,60415,"41,895",20356,33.7,2026/04/18(20:00),2026/04/18(13:00)
2026,04,17,158606,79942,66619,"53,811",13323,20,2026/04/17(20:00),2026/04/17(04:00)
2026,04,16,158606,80661,68341,"47,669",12320,18,2026/04/16(20:00),2026/04/16(13:00)
2026,04,15,158606,82202,68196,"48,895",14006,20.5,2026/04/15(20:00),2026/04/15(13:00)
2026,04,14,158337,82230,69051,"53,948",13179,19.1,2026/04/14(20:00),2026/04/14(04:00)
2026,04,13,158337,82941,68300,"48,999",14641,21.4,2026/04/13(20:00),2026/04/13(13:00)
2026,04,12,158337,80640,59773,"40,066",20867,34.9,2026/04/12(20:00),2026/04/12(13:00)
2026,04,11,158337,81294,60259,"42,244",21035,34.9,2026/04/11(20:00),2026/04/11(13:00)
2026,04,10,158337,80428,70805,"55,355",9623,13.6,2026/04/10(10:00),2026/04/10(04:00)
2026,04,09,158337,80768,73633,"55,015",7135,9.7,2026/04/09(15:00),2026/04/09(04:00)
2026,04,08,158337,81602,68698,"48,575",12904,18.8,2026/04/08(20:00),2026/04/08(13:00)
2026,04,07,158286,80479,69438,"47,633",11041,15.9,2026/04/07(20:00),2026/04/07(13:00)
2026,04,06,158286,79971,69045,"48,557",10926,15.8,2026/04/06(10:00),2026/04/06(04:00)
2026,04,05,158286,81085,59006,"37,248",22079,37.4,2026/04/05(20:00),2026/04/05(13:00)
2026,04,04,158286,80984,60097,"47,964",20887,34.8,2026/04/04(20:00),2026/04/04(13:00)
2026,04,03,158286,83542,66751,"51,469",16791,25.2,2026/04/03(20:00),2026/04/03(13:00)
2026,04,02,158286,84464,68564,"48,190",15900,23.2,2026/04/02(20:00),2026/04/02(13:00)
2026,04,01,158286,84186,69042,"54,387",15144,21.9,2026/04/01(20:00),2026/04/01(04:00)
2026,03,31,158279,85824,68411,"53,925",17413,25.5,2026/03/31(20:00),2026/03/31(04:00)
2026,03,30,158279,85355,68374,"48,312",16981,24.8,2026/03/30(19:00),2026/03/30(04:00)
2026,03,29,158279,79005,58828,"38,669",20177,34.3,2026/03/29(20:00),2026/03/29(13:00)
2026,03,28,158279,81846,59511,"39,508",22335,37.5,2026/03/28(20:00),2026/03/28(13:00)
2026,03,27,158279,86943,66681,"50,324",20262,30.4,2026/03/27(20:00),2026/03/27(13:00)
2026,03,26,158279,82756,68785,"49,640",13971,20.3,2026/03/26(20:00),2026/03/26(13:00)
2026,03,25,158279,83060,68428,"54,634",14632,21.4,2026/03/25(20:00),2026/03/25(04:00)
2026,03,24,158267,82414,69242,"52,575",13172,19,2026/03/24(20:00),2026/03/24(13:00)
2026,03,23,158267,83126,69172,"49,826",13954,20.2,2026/03/23(20:00),2026/03/23(04:00)
2026,03,22,158267,78930,59669,"38,561",19261,32.3,2026/03/22(20:00),2026/03/22(14:00)
2026,03,21,158267,78763,61168,"40,540",17595,28.8,2026/03/21(20:00),2026/03/21(13:00)
2026,03,20,158267,84393,68814,"51,773",15579,22.6,2026/03/20(20:00),2026/03/20(13:00)
2026,03,19,158244,84107,72028,"52,299",12079,16.8,2026/03/19(20:00),2026/03/19(13:00)
2026,03,18,158244,88072,78424,"55,873",9648,12.3,2026/03/18(11:00),2026/03/18(04:00)
2026,03,17,158170,87201,71248,"52,912",15953,22.4,2026/03/17(20:00),2026/03/17(13:00)
2026,03,16,158170,84924,71090,"51,328",13834,19.5,2026/03/16(20:00),2026/03/16(04:00)
2026,03,15,158170,79903,61577,"49,040",18326,29.8,2026/03/15(20:00),2026/03/15(13:00)
2026,03,14,158170,78070,62237,"46,124",15833,25.4,2026/03/14(20:00),2026/03/14(13:00)
2026,03,13,158170,86016,70404,"55,664",15612,22.2,2026/03/13(20:00),2026/03/13(13:00)
2026,03,12,158170,83952,72567,"57,492",11385,15.7,2026/03/12(19:00),2026/03/12(13:00)
2026,03,11,158170,85714,73576,"57,967",12138,16.5,2026/03/11(09:00),2026/03/11(13:00)
2026,03,10,158147,85699,73884,"56,385",11815,16,2026/03/10(09:00),2026/03/10(13:00)
2026,03,09,158147,85827,76264,"52,868",9563,12.5,2026/03/09(10:00),2026/03/09(04:00)
2026,03,08,158147,81879,63339,"39,910",18540,29.3,2026/03/08(20:00),2026/03/08(13:00)
2026,03,07,158147,83840,64770,"44,285",18048,27.9,2026/03/07(20:00),2026/03/07(13:00)
2026,03,06,158147,91161,77283,"57,345",13878,18,2026/03/06(10:00),2026/03/06(04:00)
2026,03,05,158147,91525,73216,"57,910",18309,25,2026/03/05(19:00),2026/03/05(04:00)
2026,03,04,157829,89340,72372,"56,238",16968,23.4,2026/03/04(19:00),2026/03/04(13:00)
2026,03,03,157829,89876,74402,"54,279",15474,20.8,2026/03/03(09:00),2026/03/03(04:00)
2026,03,02,157829,92129,67179,"50,727",24950,37.1,2026/03/02(19:00),2026/03/02(04:00)
2026,03,01,157829,88304,61017,"46,565",27287,44.7,2026/03/01(20:00),2026/03/01(12:00)
2026,02,28,157829,86870,62047,"44,667",24823,40,2026/02/28(20:00),2026/02/28(13:00)
2026,02,27,157829,90558,74014,"57,011",16544,22.4,2026/02/27(10:00),2026/02/27(04:00)
2026,02,26,157829,93256,73120,"58,151",20136,27.5,2026/02/26(17:00),2026/02/26(04:00)
2026,02,25,157828,93509,77193,"59,308",16316,21.1,2026/02/25(09:00),2026/02/25(13:00)
2026,02,24,157820,93933,83831,"58,590",10102,12.1,2026/02/24(11:00),2026/02/24(04:00)
2026,02,23,157820,94594,74822,"53,268",19772,26.4,2026/02/23(19:00),2026/02/23(04:00)
2026,02,22,157820,89947,62606,"46,968",27341,43.7,2026/02/22(20:00),2026/02/22(15:00)
2026,02,21,157820,89408,62158,"44,636",27250,43.8,2026/02/21(20:00),2026/02/21(13:00)
2026,02,20,157820,94404,72378,"56,054",22026,30.4,2026/02/20(09:00),2026/02/20(13:00)
2026,02,19,157292,93497,71339,"51,777",22158,31.1,2026/02/19(19:00),2026/02/19(04:00)
2026,02,18,157292,92222,61467,"38,849",30755,50,2026/02/18(20:00),2026/02/18(14:00)
2026,02,17,157292,91167,56600,"33,548",34567,61.1,2026/02/17(21:00),2026/02/17(14:00)
2026,02,16,157292,89279,58415,"40,164",30864,52.8,2026/02/16(20:00),2026/02/16(14:00)
2026,02,15,157292,92544,60940,"43,932",31604,51.9,2026/02/15(20:00),2026/02/15(14:00)
2026,02,14,157292,91306,63862,"53,445",27444,43,2026/02/14(01:00),2026/02/14(13:00)
2026,02,13,157292,97891,78683,"62,055",19208,24.4,2026/02/13(09:00),2026/02/13(04:00)
2026,02,12,157389,101476,81594,"63,240",19882,24.4,2026/02/12(09:00),2026/02/12(04:00)
2026,02,11,157389,101845,82892,"62,576",18953,22.9,2026/02/11(10:00),2026/02/11(04:00)
2026,02,10,157285,100026,88950,"63,804",11076,12.5,2026/02/10(10:00),2026/02/10(04:00)
2026,02,09,157285,101264,84931,"61,203",16333,19.2,2026/02/09(09:00),2026/02/09(04:00)
2026,02,08,157285,98842,72549,"53,992",26293,36.2,2026/02/08(19:00),2026/02/08(14:00)
2026,02,07,157285,98876,74071,"56,568",24805,33.5,2026/02/07(19:00),2026/02/07(13:00)
2026,02,06,157285,99610,82694,"62,661",16916,20.5,2026/02/06(09:00),2026/02/06(04:00)
2026,02,05,157285,100559,81614,"62,657",18945,23.2,2026/02/05(09:00),2026/02/05(04:00)
2026,02,04,157285,102299,82976,"63,523",19323,23.3,2026/02/04(10:00),2026/02/04(04:00)
2026,02,03,157133,103025,85298,"65,049",17727,20.8,2026/02/03(09:00),2026/02/03(04:00)
2026,02,02,157133,102502,88618,"59,349",13884,15.7,2026/02/02(10:00),2026/02/02(04:00)
2026,02,01,157133,98718,69853,"49,286",28865,41.3,2026/02/01(19:00),2026/02/01(13:00)
2026,01,31,157133,100453,71789,"55,565",28664,39.9,2026/01/31(19:00),2026/01/31(13:00)
2026,01,30,157133,101202,85869,"65,674",15333,17.9,2026/01/30(10:00),2026/01/30(04:00)
2026,01,29,157133,103373,86332,"65,940",17041,19.7,2026/01/29(09:00),2026/01/29(04:00)
2026,01,28,157133,104226,86528,"65,600",17698,20.5,2026/01/28(09:00),2026/01/28(04:00)
2026,01,27,157113,103909,85252,"64,400",18657,21.9,2026/01/27(09:00),2026/01/27(04:00)
2026,01,26,157113,103712,86724,"60,610",16988,19.6,2026/01/26(10:00),2026/01/26(04:00)
2026,01,25,157113,98542,71408,"51,124",27134,38,2026/01/25(19:00),2026/01/25(13:00)
2026,01,24,157113,98530,73114,"57,876",25416,34.8,2026/01/24(19:00),2026/01/24(14:00)
2026,01,23,157113,104284,87659,"67,263",16625,19,2026/01/23(09:00),2026/01/23(04:00)
2026,01,22,157113,104185,88548,"67,283",15637,17.7,2026/01/22(09:00),2026/01/22(04:00)
2026,01,21,157041,103469,87445,"66,250",16024,18.3,2026/01/21(10:00),2026/01/21(04:00)
2026,01,20,157041,102975,86301,"64,719",16674,19.3,2026/01/20(10:00),2026/01/20(04:00)
2026,01,19,157041,101489,85415,"55,549",16074,18.8,2026/01/19(10:00),2026/01/19(04:00)
2026,01,18,157041,96516,66450,"53,973",30066,45.2,2026/01/18(19:00),2026/01/18(14:00)
2026,01,17,157041,94901,67604,"52,524",27297,40.4,2026/01/17(19:00),2026/01/17(13:00)
2026,01,16,157041,97649,80699,"61,089",16950,21,2026/01/16(10:00),2026/01/16(04:00)
2026,01,15,157041,100678,81575,"61,449",19103,23.4,2026/01/15(10:00),2026/01/15(04:00)
2026,01,14,156624,101498,85544,"65,005",15954,18.7,2026/01/14(09:00),2026/01/14(04:00)
2026,01,13,156624,102947,84303,"62,445",18644,22.1,2026/01/13(18:00),2026/01/13(04:00)
2026,01,12,156624,101445,87513,"60,076",13932,15.9,2026/01/12(10:00),2026/01/12(04:00)
2026,01,11,156624,98657,71139,"53,741",27518,38.7,2026/01/11(19:00),2026/01/11(14:00)
2026,01,10,156624,97050,70510,"59,204",26540,37.6,2026/01/10(19:00),2026/01/10(13:00)
2026,01,09,156624,99412,84702,"65,190",14710,17.4,2026/01/09(10:00),2026/01/09(04:00)
2026,01,08,156624,102267,85430,"64,405",16837,19.7,2026/01/08(18:00),2026/01/08(04:00)
2026,01,07,156624,102003,83704,"62,282",18299,21.9,2026/01/07(10:00),2026/01/07(04:00)
2026,01,06,156563,98788,85243,"63,658",13545,15.9,2026/01/06(09:00),2026/01/06(04:00)
2026,01,05,156563,99753,83256,"56,410",16497,19.8,2026/01/05(18:00),2026/01/05(04:00)
2026,01,04,156563,98553,67986,"53,451",30567,45,2026/01/04(19:00),2026/01/04(13:00)
2026,01,03,156563,99378,69820,"58,362",29558,42.3,2026/01/03(19:00),2026/01/03(13:00)
2026,01,02,156563,102562,80040,"58,528",22522,28.1,2026/01/02(18:00),2026/01/02(04:00)
2026,01,01,156563,101546,69239,"52,508",32307,46.7,2026/01/01(19:00),2026/01/01(14:00)
2025,12,31,157063,106624,79488,"60,555",27136,34.1,2025/12/31(09:00),2025/12/31(04:00)
2025,12,30,156981,101442,79693,"59,559",21749,27.3,2025/12/30(09:00),2025/12/30(04:00)
2025,12,29,156981,104240,79283,"54,793",24957,31.5,2025/12/29(10:00),2025/12/29(04:00)
2025,12,28,156981,101070,65599,"52,333",35471,54.1,2025/12/28(19:00),2025/12/28(14:00)
2025,12,27,156981,102910,69190,"60,022",33720,48.7,2025/12/27(19:00),2025/12/27(13:00)
2025,12,26,156981,106271,82377,"60,896",23894,29,2025/12/26(18:00),2025/12/26(04:00)
2025,12,25,156637,105458,72089,"55,977",33369,46.3,2025/12/25(19:00),2025/12/25(13:00)
2025,12,24,156637,104228,82180,"59,318",22048,26.8,2025/12/24(11:00),2025/12/24(04:00)
2025,12,23,156637,102715,82812,"60,732",19903,24,2025/12/23(10:00),2025/12/23(04:00)
2025,12,22,156637,102577,81177,"56,284",21400,26.4,2025/12/22(09:00),2025/12/22(04:00)
2025,12,21,156637,101268,66522,"49,574",34746,52.2,2025/12/21(19:00),2025/12/21(14:00)
2025,12,20,156637,96583,64243,"57,087",32340,50.3,2025/12/20(11:00),2025/12/20(05:00)
2025,12,19,156637,102990,81098,"60,410",21892,27,2025/12/19(10:00),2025/12/19(04:00)
2025,12,18,156637,102466,79780,"60,153",22686,28.4,2025/12/18(09:00),2025/12/18(04:00)
2025,12,17,156637,99912,77799,"58,813",22113,28.4,2025/12/17(09:00),2025/12/17(04:00)
2025,12,16,156629,101995,82243,"59,994",19752,24,2025/12/16(10:00),2025/12/16(04:00)
2025,12,15,156629,104498,81217,"55,820",23281,28.7,2025/12/15(10:00),2025/12/15(04:00)
2025,12,14,156629,102395,66818,"55,011",35577,53.2,2025/12/14(19:00),2025/12/14(04:00)
2025,12,13,156629,97840,67247,"58,181",30593,45.5,2025/12/13(18:00),2025/12/13(04:00)
2025,12,12,156629,103110,78812,"60,560",24298,30.8,2025/12/12(09:00),2025/12/12(04:00)
2025,12,11,156617,100988,78517,"58,798",22471,28.6,2025/12/11(10:00),2025/12/11(04:00)
2025,12,10,156617,102143,78779,"60,188",23364,29.7,2025/12/10(09:00),2025/12/10(04:00)
2025,12,09,156492,103878,79694,"60,394",24184,30.3,2025/12/09(09:00),2025/12/09(04:00)
2025,12,08,156492,103260,78886,"52,773",24374,30.9,2025/12/08(18:00),2025/12/08(04:00)
2025,12,07,156492,98812,63867,"48,865",34945,54.7,2025/12/07(19:00),2025/12/07(13:00)
2025,12,06,156492,95440,66892,"55,770",28548,42.7,2025/12/06(19:00),2025/12/06(13:00)
2025,12,05,156492,102200,80983,"61,958",21217,26.2,2025/12/05(09:00),2025/12/05(04:00)
2025,12,04,156492,103389,82146,"62,403",21243,25.9,2025/12/04(18:00),2025/12/04(04:00)
2025,12,03,156492,104632,82657,"60,080",21975,26.6,2025/12/03(18:00),2025/12/03(04:00)
2025,12,02,156477,102652,78345,"57,191",24307,31,2025/12/02(18:00),2025/12/02(04:00)
2025,12,01,156477,97670,74406,"50,030",23264,31.3,2025/12/01(18:00),2025/12/01(04:00)
2025,11,30,156477,92745,60401,"44,061",32344,53.5,2025/11/30(19:00),2025/11/30(13:00)
2025,11,29,156477,91558,62479,"48,922",29079,46.5,2025/11/29(19:00),2025/11/29(13:00)
2025,11,28,156477,95519,73549,"57,119",21970,29.9,2025/11/28(18:00),2025/11/28(04:00)
2025,11,27,156477,94787,75945,"56,360",18842,24.8,2025/11/27(17:00),2025/11/27(04:00)
2025,11,26,156477,96199,73232,"56,261",22967,31.4,2025/11/26(18:00),2025/11/26(04:00)
2025,11,25,156464,95444,75196,"55,383",20248,26.9,2025/11/25(18:00),2025/11/25(04:00)
2025,11,24,156464,96061,71960,"50,197",24101,33.5,2025/11/24(18:00),2025/11/24(04:00)
2025,11,23,156464,92308,61211,-,31547,51.5,2025/11/23(19:00),-
2025,11,22,156464,91024,62085,-,28939,46.6,2025/11/22(19:00),-
2025,11,21,156464,97162,72132,-,25030,34.7,2025/11/21(18:00),-
2025,11,20,156464,96163,73692,-,22471,30.5,2025/11/20(18:00),-
2025,11,19,156464,96032,75238,-,20794,27.6,2025/11/19(18:00),-
2025,11,18,156253,95666,76163,-,19503,25.6,2025/11/18(18:00),-
2025,11,17,156253,92147,74529,-,17618,23.6,2025/11/17(18:00),-
2025,11,16,156253,88240,60424,-,27816,46,2025/11/16(19:00),-
2025,11,15,156253,87611,60524,-,27087,44.8,2025/11/15(19:00),-
2025,11,14,156253,92639,68713,-,23926,34.8,2025/11/14(18:00),-
2025,11,13,156253,93355,69937,-,23418,33.5,2025/11/13(19:00),-
2025,11,12,156253,91659,70050,-,21609,30.8,2025/11/12(18:00),-
2025,11,11,156273,92487,70873,-,21614,30.5,2025/11/11(19:00),-
2025,11,10,156273,91931,70285,-,21646,30.8,2025/11/10(19:00),-
2025,11,09,156273,89270,59258,-,30012,50.6,2025/11/09(19:00),-
2025,11,08,156273,89650,59993,-,29657,49.4,2025/11/08(19:00),-
2025,11,07,156273,92320,67814,-,24506,36.1,2025/11/07(19:00),-
2025,11,06,156273,94145,70055,-,24090,34.4,2025/11/06(19:00),-
2025,11,05,156273,92212,69436,-,22776,32.8,2025/11/05(19:00),-
2025,11,04,156243,92089,70465,-,21624,30.7,2025/11/04(19:00),-
2025,11,03,156243,88447,71072,-,17375,24.4,2025/11/03(19:00),-
2025,11,02,156243,88096,60384,-,27712,45.9,2025/11/02(19:00),-
2025,11,01,156243,88532,60385,-,28147,46.6,2025/11/01(19:00),-
2025,10,31,156243,88615,68971,-,19644,28.5,2025/10/31(19:00),-
2025,10,30,156243,89929,71052,-,18877,26.6,2025/10/30(19:00),-
2025,10,29,156243,89067,70693,-,18374,26,2025/10/29(19:00),-
2025,10,28,156219,87909,71448,-,16461,23,2025/10/28(19:00),-
2025,10,27,156219,88277,70932,-,17345,24.5,2025/10/27(19:00),-
2025,10,26,156219,85298,60017,-,25281,42.1,2025/10/26(19:00),-
2025,10,25,156219,86240,60537,-,25703,42.5,2025/10/25(19:00),-
2025,10,24,156219,88926,68362,-,20564,30.1,2025/10/24(19:00),-
2025,10,23,156219,87862,69621,-,18241,26.2,2025/10/23(19:00),-
2025,10,22,156219,89571,69634,-,19937,28.6,2025/10/22(19:00),-
2025,10,21,155960,87045,70431,-,16614,23.6,2025/10/21(19:00),-
2025,10,20,155960,88831,69493,-,19338,27.8,2025/10/20(19:00),-
2025,10,19,155960,84079,60162,-,23917,39.8,2025/10/19(19:00),-
2025,10,18,155960,86086,61543,-,24543,39.9,2025/10/18(19:00),-
2025,10,17,155960,85173,71620,-,13553,18.9,2025/10/17(17:00),-
2025,10,16,155960,89791,72937,-,16854,23.1,2025/10/16(19:00),-
2025,10,15,155960,86525,73212,-,13313,18.2,2025/10/15(17:00),-
2025,10,14,155914,87080,72660,-,14420,19.8,2025/10/14(19:00),-
2025,10,13,155914,85857,73176,-,12681,17.3,2025/10/13(17:00),-
2025,10,12,155914,86152,62650,-,23502,37.5,2025/10/12(19:00),-
2025,10,11,155914,87301,64027,-,23274,36.4,2025/10/11(19:00),-
2025,10,10,155914,89398,66232,-,23166,35,2025/10/10(19:00),-
2025,10,09,155914,90700,61180,-,29520,48.3,2025/10/09(19:00),-
2025,10,08,155914,89175,59071,-,30104,51,2025/10/08(19:00),-
2025,10,07,155914,89922,56492,-,33430,59.2,2025/10/07(19:00),-
2025,10,06,155914,89310,53033,-,36277,68.4,2025/10/06(20:00),-
2025,10,05,155914,89621,56927,-,32694,57.4,2025/10/05(19:00),-
2025,10,04,155914,89638,60603,-,29035,47.9,2025/10/04(19:00),-
2025,10,03,155914,91637,63924,-,27713,43.4,2025/10/03(19:00),-
2025,10,02,155914,95782,70696,-,25086,35.5,2025/10/02(17:00),-
2025,10,01,155914,95243,73111,-,22132,30.3,2025/10/01(19:00),-
2025,09,30,155901,94822,73444,-,21378,29.1,2025/09/30(19:00),-
2025,09,29,155901,94325,73653,-,20672,28.1,2025/09/29(19:00),-
2025,09,28,155901,90860,64199,-,26661,41.5,2025/09/28(20:00),-
2025,09,27,155901,92649,66185,-,26464,40,2025/09/27(19:00),-
2025,09,26,155901,97069,74644,-,22425,30,2025/09/26(19:00),-
2025,09,25,155901,96703,77812,-,18891,24.3,2025/09/25(19:00),-
2025,09,24,155901,96646,79128,-,17518,22.1,2025/09/24(17:00),-
2025,09,23,155702,96607,74796,-,21811,29.2,2025/09/23(19:00),-
2025,09,22,155702,95534,73830,-,21704,29.4,2025/09/22(19:00),-
2025,09,21,155702,93332,64083,-,29249,45.6,2025/09/21(20:00),-
2025,09,20,155702,92872,65418,-,27454,42,2025/09/20(20:00),-
2025,09,19,155702,98454,75214,-,23240,30.9,2025/09/19(17:00),-
2025,09,18,155702,98709,77178,-,21531,27.9,2025/09/18(19:00),-
2025,09,17,155702,97648,84378,-,13270,15.7,2025/09/17(15:00),-
2025,09,16,155678,97568,84004,-,13564,16.1,2025/09/16(19:00),-
2025,09,15,155678,98105,82311,-,15794,19.2,2025/09/15(17:00),-
2025,09,14,155678,95805,69712,-,26093,37.4,2025/09/14(20:00),-
2025,09,13,155678,97160,70110,-,27050,38.6,2025/09/13(19:00),-
2025,09,12,155678,100061,80265,-,19796,24.7,2025/09/12(17:00),-
2025,09,11,155678,101975,81243,-,20732,25.5,2025/09/11(18:00),-
2025,09,10,155678,101194,80012,-,21182,26.5,2025/09/10(19:00),-
2025,09,09,155666,100085,80100,-,19985,25,2025/09/09(15:00),-
2025,09,08,155666,100320,83765,-,16555,19.8,2025/09/08(17:00),-
2025,09,07,155666,97903,73125,-,24778,33.9,2025/09/07(20:00),-
2025,09,06,155666,97608,77341,-,19928,25.8,2025/09/06(20:00),-
2025,09,05,155666,100970,88196,-,12774,14.5,2025/09/05(17:00),-
2025,09,04,155666,101117,88135,-,12982,14.7,2025/09/04(18:00),-
2025,09,03,155666,101534,88533,-,13001,14.7,2025/09/03(18:00),-
2025,09,02,155655,101552,87098,-,14454,16.6,2025/09/02(19:00),-
2025,09,01,155655,100937,89532,-,11405,12.7,2025/09/01(17:00),-
2025,08,31,155655,98809,78152,-,20657,26.4,2025/08/31(20:00),-
2025,08,30,155655,99035,81144,-,17891,22,2025/08/30(20:00),-
2025,08,29,155655,103508,91742,-,11766,12.8,2025/08/29(19:00),-
2025,08,28,155655,104389,91396,-,12993,14.2,2025/08/28(18:00),-
2025,08,27,155655,105329,88503,-,16826,19,2025/08/27(18:00),-
2025,08,26,155385,104341,91434,-,12907,14.1,2025/08/26(19:00),-
2025,08,25,155385,105011,95951,-,9060,9.4,2025/08/25(18:00),-
2025,08,24,155385,97243,83069,-,14174,17.1,2025/08/24(20:00),-
2025,08,23,155385,97925,83469,-,14456,17.3,2025/08/23(20:00),-
2025,08,22,155385,104276,93253,-,11023,11.8,2025/08/22(18:00),-
2025,08,21,155385,103122,94599,-,8523,9,2025/08/21(19:00),-
2025,08,20,155385,104804,93164,-,11640,12.5,2025/08/20(19:00),-
2025,08,19,155381,104000,93346,-,10654,11.4,2025/08/19(19:00),-
2025,08,18,155381,106409,91911,-,14498,15.8,2025/08/18(18:00),-
2025,08,17,155381,101030,78493,-,22537,28.7,2025/08/17(20:00),-
2025,08,16,155381,100661,78156,-,22505,28.8,2025/08/16(20:00),-
2025,08,15,155381,99922,80573,-,19349,24,2025/08/15(20:00),-
2025,08,14,155381,102903,84685,-,18218,21.5,2025/08/14(19:00),-
2025,08,13,155381,102301,85279,-,17022,20,2025/08/13(19:00),-
2025,08,12,155367,103327,85223,-,18104,21.2,2025/08/12(17:00),-
2025,08,11,155367,103116,85071,-,18045,21.2,2025/08/11(15:00),-
2025,08,10,155367,101346,73104,-,28242,38.6,2025/08/10(20:00),-
2025,08,09,155367,99757,72350,-,27407,37.9,2025/08/09(12:00),-
2025,08,08,155367,104122,84820,-,19302,22.8,2025/08/08(17:00),-
2025,08,07,155367,103624,87053,-,16571,19,2025/08/07(19:00),-
2025,08,06,155367,105126,87801,-,17325,19.7,2025/08/06(15:00),-
2025,08,05,155308,104583,87891,-,16692,19,2025/08/05(19:00),-
2025,08,04,155308,104736,86074,-,18662,21.7,2025/08/04(19:00),-
2025,08,03,155308,102189,76329,-,25860,33.9,2025/08/03(19:00),-
2025,08,02,155308,102020,80532,-,21488,26.7,2025/08/02(20:00),-
2025,08,01,155308,104651,85678,-,18973,22.1,2025/08/01(20:00),-
2025,07,31,155308,103514,86203,-,17311,20.1,2025/07/31(20:00),-
2025,07,30,155308,104699,87806,-,16893,19.2,2025/07/30(18:00),-
2025,07,29,155279,104001,90991,-,13010,14.3,2025/07/29(19:00),-
2025,07,28,155279,103747,90985,-,12762,14,2025/07/28(19:00),-
2025,07,27,155279,100874,82696,-,18178,22,2025/07/27(20:00),-
2025,07,26,155279,100562,82821,-,17741,21.4,2025/07/26(20:00),-
2025,07,25,155279,105584,90528,-,15056,16.6,2025/07/25(19:00),-
2025,07,24,155279,106120,91379,-,14741,16.1,2025/07/24(19:00),-
2025,07,23,155279,106061,89515,-,16546,18.5,2025/07/23(19:00),-
2025,07,22,155242,105541,88890,-,16651,18.7,2025/07/22(19:00),-
2025,07,21,155242,105513,86584,-,18929,21.9,2025/07/21(19:00),-
2025,07,20,155242,101687,73579,-,28108,38.2,2025/07/20(20:00),-
2025,07,19,155242,102900,70401,-,32499,46.2,2025/07/19(20:00),-
2025,07,18,155242,105301,81588,-,23713,29.1,2025/07/18(17:00),-
2025,07,17,155242,104436,82505,-,21931,26.6,2025/07/17(15:00),-
2025,07,16,155242,104496,82918,-,21578,26,2025/07/16(11:00),-
2025,07,15,155040,105859,78825,-,27034,34.3,2025/07/15(17:00),-
2025,07,14,155040,106990,80116,-,26874,33.5,2025/07/14(17:00),-
2025,07,13,155040,101057,71975,-,29082,40.4,2025/07/13(20:00),-
2025,07,12,155040,100380,77144,-,23236,30.1,2025/07/12(20:00),-
2025,07,11,155040,104489,87206,-,17283,19.8,2025/07/11(19:00),-
2025,07,10,155040,105730,90717,-,15013,16.5,2025/07/10(19:00),-
2025,07,09,155040,105326,92685,-,12641,13.6,2025/07/09(19:00),-
2025,07,08,154955,105151,95675,-,9476,9.9,2025/07/08(18:00),-
2025,07,07,154955,103441,93374,-,10067,10.8,2025/07/07(19:00),-
2025,07,06,154955,96613,78705,-,17908,22.8,2025/07/06(20:00),-
2025,07,05,154955,98867,77901,-,20966,26.9,2025/07/05(20:00),-
2025,07,04,154955,100104,84920,-,15184,17.9,2025/07/04(17:00),-
2025,07,03,154955,101520,89103,-,12417,13.9,2025/07/03(19:00),-
2025,07,02,154955,101929,89069,-,12860,14.4,2025/07/02(19:00),-
2025,07,01,154917,100114,89209,-,10905,12.2,2025/07/01(19:00),-
2025,06,30,154917,99615,85599,-,13216,15.4,2025/06/30(19:00),-
2025,06,29,154917,95631,72284,-,23347,32.3,2025/06/29(20:00),-
2025,06,28,154917,96183,71638,-,24545,34.3,2025/06/28(20:00),-
2025,06,27,154917,99306,76223,-,23083,30.3,2025/06/27(20:00),-
2025,06,26,154917,98690,74223,-,24467,33,2025/06/26(19:00),-
2025,06,25,154917,94869,73192,-,21677,29.6,2025/06/25(11:00),-
2025,06,24,154727,94694,77050,-,17644,22.9,2025/06/24(15:00),-
2025,06,23,154727,94389,77000,-,17389,22.6,2025/06/23(19:00),-
2025,06,22,154727,91369,63748,-,27621,43.3,2025/06/22(21:00),-
2025,06,21,154727,92592,67111,-,25481,38,2025/06/21(12:00),-
2025,06,20,154727,94682,81637,-,13045,16,2025/06/20(11:00),-
2025,06,19,154727,92859,80132,-,12727,15.9,2025/06/19(20:00),-
2025,06,18,154727,92879,76769,-,15961,20.8,2025/06/18(19:00),-
2025,06,17,154689,90185,76928,-,13257,17.2,2025/06/17(20:00),-
2025,06,16,154689,92257,79094,-,13163,16.6,2025/06/16(11:00),-
2025,06,15,154689,89942,68191,-,21751,31.9,2025/06/15(20:00),-
2025,06,14,154689,89859,66062,-,23797,36,2025/06/14(20:00),-
2025,06,13,154689,91996,73842,-,18154,24.6,2025/06/13(17:00),-
2025,06,12,154689,91174,73440,-,17734,24.1,2025/06/12(18:00),-
2025,06,11,154689,89768,70733,-,19035,26.9,2025/06/11(20:00),-
2025,06,10,154673,90138,73235,-,16903,23.1,2025/06/10(19:00),-
2025,06,09,154673,91281,74569,-,16712,22.4,2025/06/09(19:00),-
2025,06,08,154673,87751,63953,-,23798,37.2,2025/06/08(21:00),-
2025,06,07,154673,88659,61690,-,26969,43.7,2025/06/07(20:00),-
2025,06,06,154673,88122,63003,-,25119,39.9,2025/06/06(20:00),-
2025,06,05,154673,89246,68191,-,21055,30.9,2025/06/05(20:00),-
2025,06,04,154673,87517,68127,-,19390,28.5,2025/06/04(20:00),-
2025,06,03,154673,85310,62134,-,23176,37.3,2025/06/03(21:00),-
2025,06,02,154673,85360,69209,-,16151,23.3,2025/06/02(17:00),-
2025,06,01,154673,83305,60283,-,23022,38.2,2025/06/01(21:00),-
2025,05,31,154673,83594,59788,-,23806,39.8,2025/05/31(21:00),-
2025,05,30,154673,84669,67178,-,17491,26,2025/05/30(20:00),-
2025,05,29,154673,85496,69244,-,16252,23.5,2025/05/29(20:00),-
2025,05,28,154673,83734,68575,-,15159,22.1,2025/05/28(20:00),-
2025,05,27,154557,83523,69448,-,14075,20.3,2025/05/27(20:00),-
2025,05,26,154557,82182,68026,-,14156,20.8,2025/05/26(20:00),-
2025,05,25,154557,81611,58337,-,23274,39.9,2025/05/25(21:00),-
2025,05,24,154557,79061,58828,-,20233,34.4,2025/05/24(20:00),-
2025,05,23,154557,83800,67177,-,16623,24.7,2025/05/23(17:00),-
2025,05,22,154557,83491,71622,-,11869,16.6,2025/05/22(19:00),-
2025,05,21,154557,82818,74239,-,8579,11.6,2025/05/21(17:00),-
2025,05,20,154331,83045,72893,-,10152,13.9,2025/05/20(20:00),-
2025,05,19,154331,82563,68353,-,14210,20.8,2025/05/19(20:00),-
2025,05,18,154331,82893,58594,-,24299,41.5,2025/05/18(21:00),-
2025,05,17,154331,82554,61203,-,21351,34.9,2025/05/17(20:00),-
2025,05,16,154331,83521,72857,-,10664,14.6,2025/05/16(16:00),-
2025,05,15,154331,83121,69998,-,13123,18.7,2025/05/15(10:00),-
2025,05,14,154331,84774,68653,-,16121,23.5,2025/05/14(20:00),-
2025,05,13,154303,84832,68714,-,16118,23.5,2025/05/13(20:00),-
2025,05,12,154303,85150,67736,-,17414,25.7,2025/05/12(20:00),-
2025,05,11,154303,84111,58905,-,25206,42.8,2025/05/11(21:00),-
2025,05,10,154303,86600,59775,-,26825,44.9,2025/05/10(20:00),-
2025,05,09,154303,88190,69578,-,18612,26.7,2025/05/09(11:00),-
2025,05,08,154303,89412,66515,-,22897,34.4,2025/05/08(20:00),-
2025,05,07,154303,89291,65492,-,23799,36.3,2025/05/07(20:00),-
2025,05,06,154303,85307,59717,-,25590,42.9,2025/05/06(21:00),-
2025,05,05,154303,84839,57374,-,27465,47.9,2025/05/05(20:00),-
2025,05,04,154303,86483,55754,-,30729,55.1,2025/05/04(21:00),-
2025,05,03,154303,87386,57168,-,30218,52.9,2025/05/03(21:00),-
2025,05,02,154303,87454,61909,-,25545,41.3,2025/05/02(20:00),-
2025,05,01,154303,86138,61111,-,25027,41,2025/05/01(20:00),-
2025,04,30,154303,89492,65333,-,24159,37,2025/04/30(20:00),-
2025,04,29,154297,89337,66232,-,23105,34.9,2025/04/29(20:00),-
2025,04,28,154297,88876,66068,-,22808,34.5,2025/04/28(20:00),-
2025,04,27,154297,86151,57477,-,28674,49.9,2025/04/27(20:00),-
2025,04,26,154297,86674,57963,-,28711,49.5,2025/04/26(20:00),-
2025,04,25,154297,89542,64865,-,24677,38,2025/04/25(20:00),-
2025,04,24,154297,86588,66740,-,19848,29.7,2025/04/24(20:00),-
2025,04,23,154297,85465,67083,-,18382,27.4,2025/04/23(20:00),-
2025,04,22,153995,84839,69713,-,15126,21.7,2025/04/22(11:00),-
2025,04,21,153995,84523,67710,-,16813,24.8,2025/04/21(20:00),-
2025,04,20,153995,80884,58683,-,22201,37.8,2025/04/20(20:00),-
2025,04,19,153995,82393,60286,-,22107,36.7,2025/04/19(20:00),-
2025,04,18,153995,85881,66383,-,19498,29.4,2025/04/18(20:00),-
2025,04,17,153995,84307,67939,-,16368,24.1,2025/04/17(20:00),-
2025,04,16,153995,86187,67535,-,18652,27.6,2025/04/16(20:00),-
2025,04,15,153931,87268,68752,-,18516,26.9,2025/04/15(20:00),-
2025,04,14,153931,86002,71667,-,14335,20,2025/04/14(17:00),-
2025,04,13,153931,86436,59804,-,26632,44.5,2025/04/13(20:00),-
2025,04,12,153931,85568,58924,-,26644,45.2,2025/04/12(20:00),-
2025,04,11,153931,86777,64924,-,21853,33.7,2025/04/11(20:00),-
2025,04,10,153931,89284,67051,-,22233,33.2,2025/04/10(20:00),-
2025,04,09,153931,89312,67503,-,21809,32.3,2025/04/09(20:00),-
2025,04,08,153917,88327,67166,-,21161,31.5,2025/04/08(20:00),-
2025,04,07,153917,89982,67482,-,22500,33.3,2025/04/07(20:00),-
2025,04,06,153917,87708,58920,-,28788,48.9,2025/04/06(20:00),-
2025,04,05,153917,88486,60778,-,27708,45.6,2025/04/05(20:00),-
2025,04,04,153917,91237,66311,-,24926,37.6,2025/04/04(20:00),-
2025,04,03,153917,89503,68704,-,20799,30.3,2025/04/03(20:00),-
2025,04,02,153917,92237,69045,-,23192,33.6,2025/04/02(20:00),-
2025,04,01,153905,90369,69182,-,21187,30.6,2025/04/01(20:00),-
2025,03,31,153905,92271,69168,-,23103,33.4,2025/03/31(20:00),-
2025,03,30,153905,88492,61624,-,26868,43.6,2025/03/30(20:00),-
2025,03,29,153905,89041,62150,-,26891,43.3,2025/03/29(20:00),-
2025,03,28,153905,91977,67840,-,24137,35.6,2025/03/28(20:00),-
2025,03,27,153905,89034,69183,-,19851,28.7,2025/03/27(10:00),-
2025,03,26,153905,89489,67221,-,22268,33.1,2025/03/26(20:00),-
2025,03,25,153876,87894,68612,-,19282,28.1,2025/03/25(20:00),-
2025,03,24,153876,89926,68066,-,21860,32.1,2025/03/24(20:00),-
2025,03,23,153876,83744,59671,-,24073,40.3,2025/03/23(20:00),-
2025,03,22,153876,85142,60131,-,25011,41.6,2025/03/22(20:00),-
2025,03,21,153876,94596,68159,-,26437,38.8,2025/03/21(20:00),-
2025,03,20,153876,96338,71832,-,24506,34.1,2025/03/20(20:00),-
2025,03,19,153876,95753,74254,-,21499,29,2025/03/19(20:00),-
2025,03,18,153738,95156,79892,-,15264,19.1,2025/03/18(10:00),-
2025,03,17,153738,96562,74273,-,22289,30,2025/03/17(19:00),-
2025,03,16,153738,89790,64455,-,25335,39.3,2025/03/16(20:00),-
2025,03,15,153738,89309,61990,-,27319,44.1,2025/03/15(20:00),-
2025,03,14,153738,100418,68297,-,32121,47,2025/03/14(20:00),-
2025,03,13,153738,99378,71956,-,27422,38.1,2025/03/13(09:00),-
2025,03,12,153738,96209,71900,-,24309,33.8,2025/03/12(10:00),-
2025,03,11,153492,97773,71531,-,26242,36.7,2025/03/11(09:00),-
2025,03,10,153492,99765,72266,-,27499,38.1,2025/03/10(19:00),-
2025,03,09,153492,93255,62382,-,30873,49.5,2025/03/09(20:00),-
2025,03,08,153492,93030,63786,-,29244,45.8,2025/03/08(20:00),-
2025,03,07,153492,101100,74255,-,26845,36.2,2025/03/07(09:00),-
2025,03,06,153492,101280,75167,-,26113,34.7,2025/03/06(09:00),-
2025,03,05,153492,100976,80532,-,20444,25.4,2025/03/05(10:00),-
2025,03,04,153477,99269,85127,-,14142,16.6,2025/03/04(11:00),-
2025,03,03,153477,100423,67656,-,32767,48.4,2025/03/03(19:00),-
2025,03,02,153477,99109,61922,-,37187,60.1,2025/03/02(20:00),-
2025,03,01,153477,98746,63248,-,35498,56.1,2025/03/01(20:00),-
2025,02,28,153477,103901,73438,-,30463,41.5,2025/02/28(10:00),-
2025,02,27,153477,104748,75932,-,28816,37.9,2025/02/27(09:00),-
2025,02,26,153477,104884,75917,-,28967,38.2,2025/02/26(09:00),-
2025,02,25,153457,105816,77625,-,28191,36.3,2025/02/25(09:00),-
2025,02,24,153457,105968,78296,-,27672,35.3,2025/02/24(19:00),-
2025,02,23,153457,107540,68283,-,39257,57.5,2025/02/23(20:00),-
2025,02,22,153457,107338,67988,-,39350,57.9,2025/02/22(20:00),-
2025,02,21,153457,108665,80061,-,28604,35.7,2025/02/21(09:00),-
2025,02,20,153457,108414,79895,-,28519,35.7,2025/02/20(09:00),-
2025,02,19,153457,106630,79643,-,26987,33.9,2025/02/19(09:00),-
2025,02,18,153445,107417,79075,-,28342,35.8,2025/02/18(19:00),-
2025,02,17,153445,106688,78114,-,28574,36.6,2025/02/17(19:00),-
2025,02,16,153445,104733,64423,-,40310,62.6,2025/02/16(20:00),-
2025,02,15,153445,102780,66243,-,36537,55.2,2025/02/15(19:00),-
2025,02,14,153445,107488,78786,-,28702,36.4,2025/02/14(09:00),-
2025,02,13,153445,107833,81305,-,26528,32.6,2025/02/13(09:00),-
2025,02,12,153445,104556,89324,-,15232,17.1,2025/02/12(11:00),-
2025,02,11,153417,105441,83362,-,22079,26.5,2025/02/11(09:00),-
2025,02,10,153417,105916,84699,-,21217,25,2025/02/10(10:00),-
2025,02,09,153417,104152,70270,-,33882,48.2,2025/02/09(20:00),-
2025,02,08,153417,103707,73299,-,30408,41.5,2025/02/08(19:00),-
2025,02,07,153417,108809,90638,-,18171,20,2025/02/07(11:00),-
2025,02,06,153417,108500,86315,-,22185,25.7,2025/02/06(09:00),-
2025,02,05,153417,107989,86996,-,20993,24.1,2025/02/05(10:00),-
2025,02,04,153384,109786,86322,-,23464,27.2,2025/02/04(10:00),-
2025,02,03,153384,110327,82182,-,28145,34.2,2025/02/03(18:00),-
2025,02,02,153384,105266,65573,-,39693,60.5,2025/02/02(19:00),-
2025,02,01,153384,103451,66483,-,36968,55.6,2025/02/01(11:00),-
2025,01,31,153384,105657,71507,-,34150,47.8,2025/01/31(11:00),-
2025,01,30,153384,104711,63215,-,41496,65.6,2025/01/30(20:00),-
2025,01,29,153384,102670,59700,-,42970,72,2025/01/29(24:00),-
2025,01,28,153384,104279,61947,-,42332,68.3,2025/01/28(19:00),-
2025,01,27,153384,103187,64099,-,39088,61,2025/01/27(19:00),-
2025,01,26,153384,102942,64019,-,38923,60.8,2025/01/26(19:00),-
2025,01,25,153384,103067,65421,-,37646,57.5,2025/01/25(19:00),-
2025,01,24,153384,107854,79724,-,28130,35.3,2025/01/24(09:00),-
2025,01,23,152840,107695,80756,-,26939,33.4,2025/01/23(09:00),-
2025,01,22,152840,108269,80777,-,27492,34,2025/01/22(10:00),-
2025,01,21,152840,107465,81666,-,25799,31.6,2025/01/21(10:00),-
2025,01,20,152840,107787,82082,-,25705,31.3,2025/01/20(10:00),-
2025,01,19,152840,104655,66566,-,38089,57.2,2025/01/19(19:00),-
2025,01,18,152840,104237,68811,-,35426,51.5,2025/01/18(19:00),-
2025,01,17,152840,106929,82514,-,24415,29.6,2025/01/17(09:00),-
2025,01,16,152840,108154,85908,-,22246,25.9,2025/01/16(10:00),-
2025,01,15,152840,107871,83464,-,24407,29.2,2025/01/15(09:00),-
2025,01,14,152827,107160,83831,-,23329,27.8,2025/01/14(10:00),-
2025,01,13,152827,108556,85286,-,23270,27.3,2025/01/13(10:00),-
2025,01,12,152827,105322,70172,-,35150,50.1,2025/01/12(19:00),-
2025,01,11,152827,104834,72458,-,32376,44.7,2025/01/11(19:00),-
2025,01,10,152827,108201,89452,-,18749,21,2025/01/10(10:00),-
2025,01,09,152827,111539,90705,-,20834,23,2025/01/09(17:00),-
2025,01,08,152827,108355,85705,-,22650,26.4,2025/01/08(10:00),-
2025,01,07,152768,110439,84067,-,26372,31.4,2025/01/07(10:00),-
2025,01,06,152768,109592,83402,-,26190,31.4,2025/01/06(11:00),-
2025,01,05,152768,104753,67984,-,36769,54.1,2025/01/05(19:00),-
2025,01,04,152768,104992,68094,-,36898,54.2,2025/01/04(19:00),-
2025,01,03,152768,109392,80523,-,28869,35.9,2025/01/03(09:00),-
2025,01,02,152768,107644,77832,-,29812,38.3,2025/01/02(09:00),-
2025,01,01,152768,106640,64403,-,42237,65.6,2025/01/01(19:00),-
2024,12,31,153071,107481,74743,-,32738,43.8,2024/12/31(09:00),-
2024,12,30,153071,109425,79015,-,30410,38.5,2024/12/30(10:00),-
2024,12,29,153071,107042,66449,-,40593,61.1,2024/12/29(19:00),-
2024,12,28,153071,103371,68926,-,34445,50,2024/12/28(19:00),-
2024,12,27,153071,109010,81190,-,27820,34.3,2024/12/27(09:00),-
2024,12,26,153071,108778,80251,-,28527,35.5,2024/12/26(10:00),-
2024,12,25,153047,104570,69280,-,35290,50.9,2024/12/25(19:00),-
2024,12,24,153047,105243,82612,-,22631,27.4,2024/12/24(09:00),-
2024,12,23,153047,106073,82905,-,23168,27.9,2024/12/23(10:00),-
2024,12,22,153047,103668,68638,-,35030,51,2024/12/22(19:00),-
2024,12,21,153047,103228,69530,-,33698,48.5,2024/12/21(18:00),-
2024,12,20,153047,108789,82424,-,26365,32,2024/12/20(10:00),-
2024,12,19,153047,106287,83314,-,22973,27.6,2024/12/19(09:00),-
2024,12,18,153047,107106,82457,-,24649,29.9,2024/12/18(18:00),-
2024,12,17,152833,108091,81060,-,27031,33.3,2024/12/17(09:00),-
2024,12,16,152833,106749,81607,-,25142,30.8,2024/12/16(17:00),-
2024,12,15,152833,103405,66671,-,36734,55.1,2024/12/15(19:00),-
2024,12,14,152833,104957,68123,-,36834,54.1,2024/12/14(19:00),-
2024,12,13,152833,106738,81020,-,25718,31.7,2024/12/13(10:00),-
2024,12,12,152833,102817,79296,-,23521,29.7,2024/12/12(09:00),-
2024,12,11,152833,102231,79778,-,22453,28.1,2024/12/11(10:00),-
2024,12,10,152821,101819,78819,-,23000,29.2,2024/12/10(09:00),-
2024,12,09,152821,102572,79009,-,23563,29.8,2024/12/09(18:00),-
2024,12,08,152821,99544,65834,-,33710,51.2,2024/12/08(19:00),-
2024,12,07,152821,97949,65961,-,31988,48.5,2024/12/07(19:00),-
2024,12,06,152821,103473,75454,-,28019,37.1,2024/12/06(18:00),-
2024,12,05,152821,103447,76375,-,27072,35.4,2024/12/05(09:00),-
2024,12,04,152821,104115,76065,-,28050,36.9,2024/12/04(09:00),-
2024,12,03,152821,104117,77669,-,26448,34.1,2024/12/03(18:00),-
2024,12,02,152821,102942,74384,-,28558,38.4,2024/12/02(18:00),-
2024,12,01,152821,98520,62792,-,35728,56.9,2024/12/01(19:00),-
2024,11,30,151707,96624,63782,-,32842,51.5,2024/11/30(19:00),-
2024,11,29,151707,97786,76785,-,21001,27.4,2024/11/29(17:00),-
2024,11,28,151707,97527,77085,-,20442,26.5,2024/11/28(17:00),-
2024,11,27,151707,97490,79064,-,18426,23.3,2024/11/27(11:00),-
2024,11,26,151694,95279,74829,-,20450,27.3,2024/11/26(18:00),-
2024,11,25,151694,94787,71647,-,23140,32.3,2024/11/25(18:00),-
2024,11,24,151694,93637,61350,-,32287,52.6,2024/11/24(19:00),-
2024,11,23,151694,94875,62101,-,32774,52.8,2024/11/23(19:00),-
2024,11,22,151694,98393,70524,-,27869,39.5,2024/11/22(18:00),-
2024,11,21,151694,96478,71709,-,24769,34.5,2024/11/21(18:00),-
2024,11,20,151694,96669,72295,-,24374,33.7,2024/11/20(17:00),-
2024,11,19,151393,97701,72232,-,25469,35.3,2024/11/19(18:00),-
2024,11,18,151393,98362,72217,-,26145,36.2,2024/11/18(18:00),-
2024,11,17,151393,95732,60350,-,35382,58.6,2024/11/17(19:00),-
2024,11,16,151393,94226,60205,-,34021,56.5,2024/11/16(19:00),-
2024,11,15,151393,93740,67652,-,26088,38.6,2024/11/15(09:00),-
2024,11,14,151393,93134,69516,-,23618,34,2024/11/14(17:00),-
2024,11,13,151393,93814,67459,-,26355,39.1,2024/11/13(18:00),-
2024,11,12,151350,88130,67979,-,20151,29.6,2024/11/12(18:00),-
2024,11,11,151350,88155,67759,-,20396,30.1,2024/11/11(19:00),-
2024,11,10,151350,85766,59260,-,26506,44.7,2024/11/10(19:00),-
2024,11,09,151350,88152,59156,-,28996,49,2024/11/09(19:00),-
2024,11,08,151350,92529,67692,-,24837,36.7,2024/11/08(18:00),-
2024,11,07,151350,94440,69485,-,24955,35.9,2024/11/07(19:00),-
2024,11,06,151350,94399,68529,-,25870,37.8,2024/11/06(19:00),-
2024,11,05,151317,94568,68166,-,26402,38.7,2024/11/05(19:00),-
2024,11,04,151317,92403,68524,-,23879,34.8,2024/11/04(19:00),-
2024,11,03,151317,90571,59190,-,31381,53,2024/11/03(19:00),-
2024,11,02,151317,87570,59538,-,28032,47.1,2024/11/02(19:00),-
2024,11,01,151317,87175,68839,-,18336,26.6,2024/11/01(16:00),-
2024,10,31,151317,93150,68949,-,24201,35.1,2024/10/31(19:00),-
2024,10,30,151317,92616,68664,-,23952,34.9,2024/10/30(19:00),-
2024,10,29,151317,91605,69236,-,22369,32.3,2024/10/29(19:00),-
2024,10,28,150122,90947,69316,-,21631,31.2,2024/10/28(19:00),-
2024,10,27,150122,88601,59386,-,29215,49.2,2024/10/27(19:00),-
2024,10,26,150122,88347,59839,-,28508,47.6,2024/10/26(19:00),-
2024,10,25,150122,88681,68375,-,20306,29.7,2024/10/25(19:00),-
2024,10,24,150122,89853,69778,-,20075,28.8,2024/10/24(19:00),-
2024,10,23,150122,90089,69492,-,20597,29.6,2024/10/23(19:00),-
2024,10,22,150122,86681,72124,-,14557,20.2,2024/10/22(17:00),-
2024,10,21,150122,87123,70223,-,16900,24.1,2024/10/21(19:00),-
2024,10,20,150122,87860,59093,-,28767,48.7,2024/10/20(19:00),-
2024,10,19,150122,87723,61197,-,26526,43.3,2024/10/19(19:00),-
2024,10,18,150122,85542,71869,-,13673,19,2024/10/18(17:00),-
2024,10,17,150122,87347,71412,-,15935,22.3,2024/10/17(19:00),-
2024,10,16,150122,86708,70903,-,15805,22.3,2024/10/16(19:00),-
2024,10,15,150118,85391,72272,-,13119,18.2,2024/10/15(19:00),-
2024,10,14,150118,83468,71337,-,12131,17,2024/10/14(17:00),-
2024,10,13,150118,86016,59682,-,26334,44.1,2024/10/13(19:00),-
2024,10,12,150118,84361,60197,-,24164,40.1,2024/10/12(19:00),-
2024,10,11,150118,86591,68580,-,18011,26.3,2024/10/11(19:00),-
2024,10,10,150118,84361,71339,-,13022,18.3,2024/10/10(19:00),-
2024,10,09,149907,84474,65676,-,18798,28.6,2024/10/09(19:00),-
2024,10,08,149907,86086,70133,-,15953,22.7,2024/10/08(19:00),-
2024,10,07,149907,85233,70285,-,14948,21.3,2024/10/07(19:00),-
2024,10,06,149907,83442,60269,-,23173,38.4,2024/10/06(19:00),-
2024,10,05,149907,83760,60131,-,23629,39.3,2024/10/05(19:00),-
2024,10,04,149907,86497,66048,-,20449,31,2024/10/04(19:00),-
2024,10,03,149907,87199,64581,-,22618,35,2024/10/03(19:00),-
2024,10,02,149907,89782,67385,-,22397,33.2,2024/10/02(19:00),-
2024,10,01,149907,89380,66345,-,23035,34.7,2024/10/01(19:00),-
2024,09,30,149907,87702,74029,-,13673,18.5,2024/09/30(18:00),-
2024,09,29,149637,87245,63092,-,24153,38.3,2024/09/29(19:00),-
2024,09,28,149637,86418,64871,-,21547,33.2,2024/09/28(19:00),-
2024,09,27,149637,87947,74594,-,13353,17.9,2024/09/27(17:00),-
2024,09,26,149637,90983,76973,-,14010,18.2,2024/09/26(17:00),-
2024,09,25,149637,90539,75063,-,15476,20.6,2024/09/25(19:00),-
2024,09,24,149625,90426,73547,-,16879,22.9,2024/09/24(19:00),-
2024,09,23,149625,94239,72500,-,21739,30,2024/09/23(19:00),-
2024,09,22,149625,92958,63076,-,29882,47.4,2024/09/22(20:00),-
2024,09,21,149625,91824,67880,-,23944,35.3,2024/09/21(11:00),-
2024,09,20,149625,96825,87933,-,8892,10.1,2024/09/20(11:00),-
2024,09,19,149625,98202,88237,-,9965,11.3,2024/09/19(17:00),-
2024,09,18,149625,92453,74274,-,18179,24.5,2024/09/18(20:00),-
2024,09,17,149625,93119,68290,-,24829,36.4,2024/09/17(20:00),-
2024,09,16,149625,93608,68399,-,25209,36.9,2024/09/16(20:00),-
2024,09,15,149625,92253,72823,-,19430,26.7,2024/09/15(19:00),-
2024,09,14,149625,91963,76464,-,15499,20.3,2024/09/14(20:00),-
2024,09,13,149625,98808,85664,-,13144,15.3,2024/09/13(19:00),-
2024,09,12,149625,101837,89018,-,12819,14.4,2024/09/12(17:00),-
2024,09,11,149625,101806,93246,-,8560,9.2,2024/09/11(17:00),-
2024,09,10,149408,101665,93085,-,8580,9.2,2024/09/10(18:00),-
2024,09,09,149408,98561,90240,-,8321,9.2,2024/09/09(18:00),-
2024,09,08,149408,91271,74309,-,16962,22.8,2024/09/08(20:00),-
2024,09,07,149408,91055,74180,-,16875,22.7,2024/09/07(20:00),-
2024,09,06,149408,100137,84423,-,15714,18.6,2024/09/06(11:00),-
2024,09,05,149408,100875,87371,-,13504,15.5,2024/09/05(17:00),-
2024,09,04,149408,100124,85207,-,14917,17.5,2024/09/04(18:00),-
2024,09,03,149390,100524,84302,-,16222,19.2,2024/09/03(18:00),-
2024,09,02,149390,101382,84912,-,16470,19.4,2024/09/02(17:00),-
2024,09,01,149390,98457,73547,-,24910,33.9,2024/09/01(20:00),-
2024,08,31,149390,97775,76281,-,21494,28.2,2024/08/31(20:00),-
2024,08,30,149390,102071,88156,-,13915,15.8,2024/08/30(18:00),-
2024,08,29,149390,103036,89132,-,13904,15.6,2024/08/29(18:00),-
2024,08,28,149390,102147,87061,-,15086,17.3,2024/08/28(19:00),-
2024,08,27,149185,103460,87744,-,15716,17.9,2024/08/27(17:00),-
2024,08,26,149185,103848,92012,-,11836,12.9,2024/08/26(17:00),-
2024,08,25,149185,98571,78726,-,19845,25.2,2024/08/25(20:00),-
2024,08,24,149185,98116,80368,-,17748,22.1,2024/08/24(20:00),-
2024,08,23,149185,102426,90221,-,12205,13.5,2024/08/23(17:00),-
2024,08,22,149185,104705,93224,-,11481,12.3,2024/08/22(17:00),-
2024,08,21,149185,105236,92623,-,12613,13.6,2024/08/21(17:00),-
2024,08,20,149179,105360,97115,-,8245,8.5,2024/08/20(17:00),-
2024,08,19,149179,104640,95611,-,9029,9.4,2024/08/19(18:00),-
2024,08,18,149179,99544,80336,-,19208,23.9,2024/08/18(20:00),-
2024,08,17,149179,98079,80794,-,17285,21.4,2024/08/17(20:00),-
2024,08,16,149179,101278,90358,-,10920,12.1,2024/08/16(17:00),-
2024,08,15,149179,100113,85140,-,14973,17.6,2024/08/15(20:00),-
2024,08,14,149179,103319,93508,-,9811,10.5,2024/08/14(17:00),-
2024,08,13,149177,104764,94639,-,10125,10.7,2024/08/13(18:00),-
2024,08,12,149177,102844,94489,-,8355,8.8,2024/08/12(19:00),-
2024,08,11,149177,99610,81183,-,18427,22.7,2024/08/11(20:00),-
2024,08,10,149177,99138,81106,-,18032,22.2,2024/08/10(20:00),-
2024,08,09,149177,103571,89962,-,13609,15.1,2024/08/09(18:00),-
2024,08,08,149177,102596,90615,-,11981,13.2,2024/08/08(18:00),-
2024,08,07,149177,102219,92326,-,9893,10.7,2024/08/07(19:00),-
2024,08,06,149151,101916,91799,-,10117,11,2024/08/06(19:00),-
2024,08,05,149151,102310,93841,-,8469,9,2024/08/05(17:00),-
2024,08,04,149151,97228,81926,-,15302,18.7,2024/08/04(20:00),-
2024,08,03,149151,96672,80942,-,15730,19.4,2024/08/03(20:00),-
2024,08,02,149151,99899,85301,-,14598,17.1,2024/08/02(19:00),-
2024,08,01,149151,96211,85215,-,10996,12.9,2024/08/01(20:00),-
2024,07,31,149151,96018,84794,-,11224,13.2,2024/07/31(19:00),-
2024,07,30,148932,96704,84530,-,12174,14.4,2024/07/30(19:00),-
2024,07,29,148932,96042,82616,-,13426,16.3,2024/07/29(19:00),-
2024,07,28,148932,95923,76431,-,19492,25.5,2024/07/28(20:00),-
2024,07,27,148932,94695,77483,-,17212,22.2,2024/07/27(20:00),-
2024,07,26,148932,99785,88660,-,11125,12.5,2024/07/26(16:00),-
2024,07,25,148932,99162,90254,-,8908,9.9,2024/07/25(17:00),-
2024,07,24,148932,100266,87552,-,12714,14.5,2024/07/24(17:00),-
2024,07,23,148917,99079,87645,-,11434,13,2024/07/23(17:00),-
2024,07,22,148917,100373,86921,-,13452,15.5,2024/07/22(19:00),-
2024,07,21,148917,98147,74740,-,23407,31.3,2024/07/21(20:00),-
2024,07,20,148917,98911,74657,-,24254,32.5,2024/07/20(20:00),-
2024,07,19,148917,96173,82174,-,13999,17,2024/07/19(11:00),-
2024,07,18,148917,98615,84567,-,14048,16.6,2024/07/18(11:00),-
2024,07,17,148917,99597,84204,-,15393,18.3,2024/07/17(17:00),-
2024,07,16,148912,98716,83678,-,15038,18,2024/07/16(15:00),-
2024,07,15,148912,100094,82759,-,17335,20.9,2024/07/15(17:00),-
2024,07,14,148912,95453,69336,-,26117,37.7,2024/07/14(20:00),-
2024,07,13,148912,96929,71353,-,25576,35.8,2024/07/13(20:00),-
2024,07,12,148912,97623,78463,-,19160,24.4,2024/07/12(19:00),-
2024,07,11,148912,98172,79983,-,18189,22.7,2024/07/11(17:00),-
2024,07,10,148912,97872,80964,-,16908,20.9,2024/07/10(17:00),-
2024,07,09,148897,97233,82246,-,14987,18.2,2024/07/09(11:00),-
2024,07,08,148897,96391,83021,-,13370,16.1,2024/07/08(11:00),-
2024,07,07,148897,93120,70129,-,22991,32.8,2024/07/07(20:00),-
2024,07,06,148897,93120,72015,-,21105,29.3,2024/07/06(20:00),-
2024,07,05,148897,95500,77102,-,18398,23.9,2024/07/05(19:00),-
2024,07,04,148897,95812,81970,-,13842,16.9,2024/07/04(19:00),-
2024,07,03,148897,95509,77555,-,17954,23.2,2024/07/03(20:00),-
2024,07,02,148709,95711,79801,-,15910,19.9,2024/07/02(11:00),-
2024,07,01,148709,95058,78373,-,16685,21.3,2024/07/01(19:00),-
2024,06,30,148709,92841,65856,-,26985,41,2024/06/30(20:00),-
2024,06,29,148089,88692,68360,-,20332,29.7,2024/06/29(19:00),-
2024,06,28,148089,89229,74741,-,14488,19.4,2024/06/28(19:00),-
2024,06,27,148089,92041,76144,-,15897,20.9,2024/06/27(17:00),-
2024,06,26,148089,93282,74719,-,18563,24.8,2024/06/26(19:00),-
2024,06,25,148089,91673,73022,-,18651,25.5,2024/06/25(19:00),-
2024,06,24,148089,91515,76628,-,14887,19.4,2024/06/24(17:00),-
2024,06,23,148089,86778,66868,-,19910,29.8,2024/06/23(21:00),-
2024,06,22,148089,84914,68355,-,16559,24.2,2024/06/22(12:00),-
2024,06,21,148089,91016,77749,-,13267,17.1,2024/06/21(17:00),-
2024,06,20,148089,89378,79731,-,9647,12.1,2024/06/20(17:00),-
2024,06,19,148089,89170,80077,-,9093,11.4,2024/06/19(18:00),-
2024,06,18,148084,87447,76826,-,10621,13.8,2024/06/18(19:00),-
2024,06,17,148084,86828,73958,-,12870,17.4,2024/06/17(17:00),-
2024,06,16,148084,81459,63577,-,17882,28.1,2024/06/16(21:00),-
2024,06,15,148084,83230,66114,-,17116,25.9,2024/06/15(20:00),-
2024,06,14,148084,86901,75619,-,11282,14.9,2024/06/14(17:00),-
2024,06,13,148084,85470,76144,-,9326,12.2,2024/06/13(19:00),-
2024,06,12,148084,84347,74251,-,10096,13.6,2024/06/12(18:00),-
2024,06,11,148013,85597,74244,-,11353,15.3,2024/06/11(17:00),-
2024,06,10,148013,83154,72134,-,11020,15.3,2024/06/10(20:00),-
2024,06,09,148013,80290,60934,-,19356,31.8,2024/06/09(21:00),-
2024,06,08,148013,78011,60509,-,17502,28.9,2024/06/08(21:00),-
2024,06,07,148013,81430,67558,-,13872,20.5,2024/06/07(19:00),-
2024,06,06,148013,82299,65329,-,16970,26,2024/06/06(20:00),-
2024,06,05,148013,82374,69421,-,12953,18.7,2024/06/05(17:00),-
2024,06,04,148010,82534,69279,-,13255,19.1,2024/06/04(20:00),-
2024,06,03,148010,83320,68493,-,14827,21.6,2024/06/03(19:00),-
2024,06,02,148010,80914,58661,-,22253,37.9,2024/06/02(21:00),-
2024,06,01,148010,80669,59085,-,21584,36.5,2024/06/01(21:00),-
2024,05,31,148010,81185,66428,-,14757,22.2,2024/05/31(20:00),-
2024,05,30,148010,81392,69571,-,11821,17,2024/05/30(17:00),-
2024,05,29,148010,81388,68823,-,12565,18.3,2024/05/29(20:00),-
2024,05,28,147999,80711,68694,-,12017,17.5,2024/05/28(20:00),-
2024,05,27,147999,81417,67126,-,14291,21.3,2024/05/27(20:00),-
2024,05,26,147999,81935,59436,-,22499,37.9,2024/05/26(20:00),-
2024,05,25,147999,81428,59700,-,21728,36.4,2024/05/25(20:00),-
2024,05,24,147999,83976,67481,-,16495,24.4,2024/05/24(20:00),-
2024,05,23,147999,82585,69899,-,12686,18.1,2024/05/23(20:00),-
2024,05,22,147999,82015,68837,-,13178,19.1,2024/05/22(20:00),-
2024,05,21,147824,81608,69074,-,12534,18.1,2024/05/21(20:00),-
2024,05,20,147824,81523,68764,-,12759,18.6,2024/05/20(20:00),-
2024,05,19,147824,81405,58903,-,22502,38.2,2024/05/19(21:00),-
2024,05,18,147824,80001,58755,-,21246,36.2,2024/05/18(21:00),-
2024,05,17,147824,84810,64407,-,20403,31.7,2024/05/17(20:00),-
2024,05,16,146781,84251,65411,-,18840,28.8,2024/05/16(20:00),-
2024,05,15,146781,84159,61854,-,22305,36.1,2024/05/15(20:00),-
2024,05,14,146781,82838,66155,-,16683,25.2,2024/05/14(20:00),-
2024,05,13,146781,82781,66062,-,16719,25.3,2024/05/13(20:00),-
2024,05,12,146781,83874,57019,-,26855,47.1,2024/05/12(21:00),-
2024,05,11,146781,81666,60042,-,21624,36,2024/05/11(20:00),-
2024,05,10,146781,84637,65342,-,19295,29.5,2024/05/10(20:00),-
2024,05,09,146781,84188,66481,-,17707,26.6,2024/05/09(20:00),-
2024,05,08,146769,83781,65047,-,18734,28.8,2024/05/08(20:00),-
2024,05,07,146769,82553,67765,-,14788,21.8,2024/05/07(17:00),-
2024,05,06,146769,79868,60134,-,19734,32.8,2024/05/06(20:00),-
2024,05,05,146769,79862,57151,-,22711,39.7,2024/05/05(20:00),-
2024,05,04,146769,80783,57871,-,22912,39.6,2024/05/04(20:00),-
2024,05,03,146769,83940,65403,-,18537,28.3,2024/05/03(20:00),-
2024,05,02,146769,85106,66858,-,18248,27.3,2024/05/02(20:00),-
2024,05,01,146769,84183,60711,-,23472,38.7,2024/05/01(20:00),-
2024,04,30,146804,84692,66065,-,18627,28.2,2024/04/30(20:00),-
2024,04,29,146804,82388,67228,-,15160,22.6,2024/04/29(19:00),-
2024,04,28,146804,82956,58003,-,24953,43,2024/04/28(20:00),-
2024,04,27,146804,82586,57999,-,24587,42.4,2024/04/27(20:00),-
2024,04,26,146804,82938,65026,-,17912,27.5,2024/04/26(20:00),-
2024,04,25,146804,84577,66552,-,18025,27.1,2024/04/25(20:00),-
2024,04,24,146804,84100,66215,-,17885,27,2024/04/24(20:00),-
2024,04,23,146648,83431,66991,-,16440,24.5,2024/04/23(20:00),-
2024,04,22,146648,81352,66727,-,14625,21.9,2024/04/22(20:00),-
2024,04,21,146648,80579,58279,-,22300,38.3,2024/04/21(20:00),-
2024,04,20,146648,81025,59338,-,21687,36.5,2024/04/20(20:00),-
2024,04,19,146648,85986,65136,-,20850,32,2024/04/19(20:00),-
2024,04,18,146648,86846,66740,-,20106,30.1,2024/04/18(20:00),-
2024,04,17,146648,86950,66182,-,20768,31.4,2024/04/17(20:00),-
2024,04,16,146634,86462,67321,-,19141,28.4,2024/04/16(20:00),-
2024,04,15,146634,86527,68634,-,17893,26.1,2024/04/15(11:00),-
2024,04,14,146634,84810,58115,-,26695,45.9,2024/04/14(20:00),-
2024,04,13,146634,84897,58314,-,26583,45.6,2024/04/13(20:00),-
2024,04,12,146634,87005,64816,-,22189,34.2,2024/04/12(20:00),-
2024,04,11,146634,87821,66663,-,21158,31.7,2024/04/11(20:00),-
2024,04,10,146634,89416,62161,-,27255,43.8,2024/04/10(20:00),-
2024,04,09,146634,89521,66950,-,22571,33.7,2024/04/09(20:00),-
2024,04,08,146634,86350,67383,-,18967,28.1,2024/04/08(20:00),-
2024,04,07,146634,85279,57502,-,27777,48.3,2024/04/07(20:00),-
2024,04,06,146634,85887,58937,-,26950,45.7,2024/04/06(20:00),-
2024,04,05,146634,87037,65933,-,21104,32,2024/04/05(20:00),-
2024,04,04,145191,84160,68151,-,16009,23.5,2024/04/04(20:00),-
2024,04,03,145191,83155,71199,-,11956,16.8,2024/04/03(11:00),-
2024,04,02,145175,85029,67742,-,17287,25.5,2024/04/02(20:00),-
2024,04,01,145175,86473,67349,-,19124,28.4,2024/04/01(20:00),-
2024,03,31,145175,80988,58369,-,22619,38.8,2024/03/31(20:00),-
2024,03,30,145175,83827,60199,-,23628,39.2,2024/03/30(20:00),-
2024,03,29,145175,88279,69967,-,18312,26.2,2024/03/29(14:00),-
2024,03,28,145175,86289,75842,-,10447,13.8,2024/03/28(11:00),-
2024,03,27,145175,87771,69829,-,17942,25.7,2024/03/27(20:00),-
2024,03,26,145162,87608,74182,-,13426,18.1,2024/03/26(10:00),-
2024,03,25,145162,86170,72997,-,13173,18,2024/03/25(17:00),-
2024,03,24,145162,81739,59839,-,21900,36.6,2024/03/24(20:00),-
2024,03,23,145162,82122,60972,-,21150,34.7,2024/03/23(20:00),-
2024,03,22,145162,84736,70498,-,14238,20.2,2024/03/22(17:00),-
2024,03,21,145162,87429,72439,-,14990,20.7,2024/03/21(20:00),-
2024,03,20,145162,87216,72438,-,14778,20.4,2024/03/20(20:00),-
2024,03,19,145008,88935,73424,-,15511,21.1,2024/03/19(09:00),-
2024,03,18,145008,88397,71342,-,17055,23.9,2024/03/18(19:00),-
2024,03,17,145008,82789,61659,-,21130,34.3,2024/03/17(20:00),-
2024,03,16,145008,83600,62121,-,21479,34.6,2024/03/16(20:00),-
2024,03,15,145008,89233,70500,-,18733,26.6,2024/03/15(09:00),-
2024,03,14,145008,89106,73172,-,15934,21.8,2024/03/14(09:00),-
2024,03,13,145008,87647,73868,-,13779,18.7,2024/03/13(09:00),-
2024,03,12,145016,91404,78213,-,13191,16.9,2024/03/12(10:00),-
2024,03,11,145016,92202,74908,-,17294,23.1,2024/03/11(10:00),-
2024,03,10,145016,85565,63464,-,22101,34.8,2024/03/10(20:00),-
2024,03,09,145016,86562,65322,-,21240,32.5,2024/03/09(20:00),-
2024,03,08,145016,94887,74464,-,20423,27.4,2024/03/08(19:00),-
2024,03,07,145016,94616,77363,-,17253,22.3,2024/03/07(10:00),-
2024,03,06,145016,94421,75397,-,19024,25.2,2024/03/06(09:00),-
2024,03,05,145013,95500,81691,-,13809,16.9,2024/03/05(11:00),-
2024,03,04,145013,97561,76456,-,21105,27.6,2024/03/04(09:00),-
2024,03,03,145013,94824,64502,-,30322,47,2024/03/03(20:00),-
2024,03,02,145013,97767,66510,-,31257,47,2024/03/02(20:00),-
2024,03,01,145013,98086,70870,-,27216,38.4,2024/03/01(20:00),-
2024,02,29,145013,98139,79171,-,18968,24,2024/02/29(11:00),-
2024,02,28,145013,98589,74394,-,24195,32.5,2024/02/28(09:00),-
2024,02,27,144983,99023,75933,-,23090,30.4,2024/02/27(09:00),-
2024,02,26,144983,97595,74935,-,22660,30.2,2024/02/26(09:00),-
2024,02,25,144983,99547,63998,-,35549,55.5,2024/02/25(20:00),-
2024,02,24,144983,99383,66189,-,33194,50.2,2024/02/24(19:00),-
2024,02,23,144983,102637,81368,-,21269,26.1,2024/02/23(10:00),-
2024,02,22,144983,101921,84093,-,17828,21.2,2024/02/22(11:00),-
2024,02,21,144983,101952,81790,-,20162,24.7,2024/02/21(11:00),-
2024,02,20,144779,100078,79989,-,20089,25.1,2024/02/20(15:00),-
2024,02,19,144779,100165,76849,-,23316,30.3,2024/02/19(11:00),-
2024,02,18,144779,98249,63128,-,35121,55.6,2024/02/18(20:00),-
2024,02,17,144779,99297,64340,-,34957,54.3,2024/02/17(01:00),-
2024,02,16,144779,98981,75965,-,23016,30.3,2024/02/16(09:00),-
2024,02,15,144779,99252,78957,-,20295,25.7,2024/02/15(15:00),-
2024,02,14,144765,99406,75951,-,23455,30.9,2024/02/14(10:00),-
2024,02,13,144765,99200,71718,-,27482,38.3,2024/02/13(09:00),-
2024,02,12,144765,98537,61340,-,37197,60.6,2024/02/12(20:00),-
2024,02,11,144765,100590,58509,-,42081,71.9,2024/02/11(20:00),-
2024,02,10,144765,98681,57179,-,41502,72.6,2024/02/10(24:00),-
2024,02,09,144765,98759,62755,-,36004,57.4,2024/02/09(01:00),-
2024,02,08,144765,101029,77521,-,23508,30.3,2024/02/08(09:00),-
2024,02,07,144765,97216,79115,-,18101,22.9,2024/02/07(09:00),-
2024,02,06,144746,97363,83641,-,13722,16.4,2024/02/06(10:00),-
2024,02,05,144746,97905,82573,-,15332,18.6,2024/02/05(11:00),-
2024,02,04,144746,98483,64807,-,33676,52,2024/02/04(19:00),-
2024,02,03,144746,96458,66832,-,29626,44.3,2024/02/03(19:00),-
2024,02,02,144746,99377,79921,-,19456,24.3,2024/02/02(10:00),-
2024,02,01,144746,97420,81677,-,15743,19.3,2024/02/01(10:00),-
2024,01,31,144746,99286,80671,-,18615,23.1,2024/01/31(10:00),-
2024,01,30,144652,100814,82692,-,18122,21.9,2024/01/30(09:00),-
2024,01,29,144652,101454,82039,-,19415,23.7,2024/01/29(10:00),-
2024,01,28,144652,100740,67741,-,32999,48.7,2024/01/28(19:00),-
2024,01,27,144652,100226,69125,-,31101,45,2024/01/27(19:00),-
2024,01,26,144652,102593,84354,-,18239,21.6,2024/01/26(09:00),-
2024,01,25,144652,104370,86788,-,17582,20.3,2024/01/25(10:00),-
2024,01,24,144652,104666,88055,-,16611,18.9,2024/01/24(10:00),-
2024,01,23,144640,104997,89231,-,15766,17.7,2024/01/23(17:00),-
2024,01,22,144640,104312,86746,-,17566,20.2,2024/01/22(18:00),-
2024,01,21,144640,99278,66867,-,32411,48.5,2024/01/21(19:00),-
2024,01,20,144640,97708,69500,-,28208,40.6,2024/01/20(11:00),-
2024,01,19,144640,101298,81003,-,20295,25.1,2024/01/19(10:00),-
2024,01,18,144640,102314,82978,-,19336,23.3,2024/01/18(11:00),-
2024,01,17,144640,103539,86162,-,17377,20.2,2024/01/17(11:00),-
2024,01,16,144426,104133,83487,-,20646,24.7,2024/01/16(09:00),-
2024,01,15,144426,105880,81436,-,24444,30,2024/01/15(18:00),-
2024,01,14,144426,102984,66854,-,36130,54,2024/01/14(19:00),-
2024,01,13,144426,98104,68211,-,29893,43.8,2024/01/13(19:00),-
2024,01,12,144426,102931,80506,-,22425,27.9,2024/01/12(09:00),-
2024,01,11,144426,103418,84185,-,19233,22.8,2024/01/11(10:00),-
2024,01,10,144426,105583,85081,-,20502,24.1,2024/01/10(10:00),-
2024,01,09,144421,103910,88214,-,15696,17.8,2024/01/09(11:00),-
2024,01,08,144421,105598,84150,-,21448,25.5,2024/01/08(10:00),-
2024,01,07,144421,103720,69798,-,33922,48.6,2024/01/07(19:00),-
2024,01,06,144421,99930,67965,-,31965,47,2024/01/06(19:00),-
2024,01,05,144421,101519,80632,-,20887,25.9,2024/01/05(10:00),-
2024,01,04,144421,101701,81728,-,19973,24.4,2024/01/04(09:00),-
2024,01,03,144415,101197,83422,-,17775,21.3,2024/01/03(10:00),-
2024,01,02,144415,103419,80460,-,22959,28.5,2024/01/02(10:00),-
2024,01,01,144415,101990,63132,-,38858,61.6,2024/01/01(19:00),-
2023,12,31,144415,102709,63589,-,39120,61.5,2023/12/31(19:00),-
2023,12,30,144415,102366,66025,-,36341,55,2023/12/30(18:00),-
2023,12,29,144415,103693,78244,-,25449,32.5,2023/12/29(09:00),-
2023,12,28,144381,102810,81745,-,21065,25.8,2023/12/28(10:00),-
2023,12,27,144381,103064,82383,-,20681,25.1,2023/12/27(10:00),-
2023,12,26,144381,102816,84106,-,18710,22.2,2023/12/26(10:00),-
2023,12,25,144381,103217,71050,-,32167,45.3,2023/12/25(19:00),-
2023,12,24,144381,102110,68643,-,33467,48.8,2023/12/24(19:00),-
2023,12,23,144381,103207,73369,-,29838,40.7,2023/12/23(19:00),-
2023,12,22,144381,104466,91391,-,13075,14.3,2023/12/22(10:00),-
2023,12,21,144381,105213,91556,-,13657,14.9,2023/12/21(10:00),-
2023,12,20,144381,103834,89230,-,14604,16.4,2023/12/20(17:00),-
2023,12,19,144200,101928,88580,-,13348,15.1,2023/12/19(10:00),-
2023,12,18,144200,103366,88869,-,14497,16.3,2023/12/18(11:00),-
2023,12,17,144200,99119,70703,-,28416,40.2,2023/12/17(19:00),-
2023,12,16,144200,99891,70383,-,29508,41.9,2023/12/16(19:00),-
2023,12,15,144200,99963,78513,-,21450,27.3,2023/12/15(11:00),-
2023,12,14,144200,101310,77896,-,23414,30.1,2023/12/14(15:00),-
2023,12,13,144200,101145,75581,-,25564,33.8,2023/12/13(09:00),-
2023,12,12,144070,100804,76995,-,23809,30.9,2023/12/12(10:00),-
2023,12,11,144070,100669,76893,-,23776,30.9,2023/12/11(15:00),-
2023,12,10,144070,96107,61067,-,35040,57.4,2023/12/10(19:00),-
2023,12,09,144070,97556,62483,-,35073,56.1,2023/12/09(19:00),-
2023,12,08,144070,99956,75245,-,24711,32.8,2023/12/08(09:00),-
2023,12,07,144070,100157,77237,-,22920,29.7,2023/12/07(09:00),-
2023,12,06,144070,99399,79102,-,20297,25.7,2023/12/06(10:00),-
2023,12,05,144063,97325,78441,-,18884,24.1,2023/12/05(09:00),-
2023,12,04,144063,99020,79599,-,19421,24.4,2023/12/04(18:00),-
2023,12,03,144063,97827,65368,-,32459,49.7,2023/12/03(19:00),-
2023,12,02,144063,96616,66924,-,29692,44.4,2023/12/02(01:00),-
2023,12,01,144063,99572,81228,-,18344,22.6,2023/12/01(10:00),-
2023,11,30,144063,96366,82716,-,13650,16.5,2023/11/30(18:00),-
2023,11,29,144063,96664,81146,-,15518,19.1,2023/11/29(17:00),-
2023,11,28,144026,96172,78894,-,17278,21.9,2023/11/28(18:00),-
2023,11,27,144026,93206,79861,-,13345,16.7,2023/11/27(11:00),-
2023,11,26,144336,90868,63720,-,27148,42.6,2023/11/26(19:00),-
2023,11,25,144336,91812,66540,-,25272,38,2023/11/25(19:00),-
2023,11,24,144336,97329,76598,-,20731,27.1,2023/11/24(18:00),-
2023,11,23,144336,92817,72557,-,20260,27.9,2023/11/23(18:00),-
2023,11,22,144336,92695,73266,-,19429,26.5,2023/11/22(18:00),-
2023,11,21,143978,91666,74025,-,17641,23.8,2023/11/21(09:00),-
2023,11,20,143978,92492,75162,-,17330,23.1,2023/11/20(18:00),-
2023,11,19,143978,91299,62598,-,28701,45.8,2023/11/19(19:00),-
2023,11,18,143978,91879,66148,-,25731,38.9,2023/11/18(19:00),-
2023,11,17,143978,90313,76618,-,13695,17.9,2023/11/17(17:00),-
2023,11,16,143978,89652,78815,-,10837,13.7,2023/11/16(15:00),-
2023,11,15,143978,89641,73401,-,16240,22.1,2023/11/15(09:00),-
2023,11,14,143802,89441,74305,-,15136,20.4,2023/11/14(18:00),-
2023,11,13,143802,90613,75186,-,15427,20.5,2023/11/13(18:00),-
2023,11,12,143802,90094,63156,-,26938,42.7,2023/11/12(19:00),-
2023,11,11,143802,90025,63124,-,26901,42.6,2023/11/11(19:00),-
2023,11,10,143802,90043,70206,-,19837,28.3,2023/11/10(19:00),-
2023,11,09,143802,88466,69833,-,18633,26.7,2023/11/09(18:00),-
2023,11,08,143802,88768,68456,-,20312,29.7,2023/11/08(19:00),-
2023,11,07,143770,88748,70456,-,18292,26,2023/11/07(19:00),-
2023,11,06,143770,85794,69757,-,16037,23,2023/11/06(10:00),-
2023,11,05,143770,84474,60309,-,24165,40.1,2023/11/05(19:00),-
2023,11,04,143770,86600,61037,-,25563,41.9,2023/11/04(19:00),-
2023,11,03,143770,86921,69323,-,17598,25.4,2023/11/03(18:00),-
2023,11,02,143770,86411,70489,-,15922,22.6,2023/11/02(19:00),-
2023,11,01,143770,84681,69845,-,14836,21.2,2023/11/01(18:00),-
2023,10,31,143731,84749,69878,-,14871,21.3,2023/10/31(19:00),-
2023,10,30,143731,82961,69602,-,13359,19.2,2023/10/30(19:00),-
2023,10,29,143731,82674,58684,-,23990,40.9,2023/10/29(19:00),-
2023,10,28,143731,81318,59753,-,21565,36.1,2023/10/28(19:00),-
2023,10,27,143731,84240,68296,-,15944,23.3,2023/10/27(19:00),-
2023,10,26,143731,83740,70646,-,13094,18.5,2023/10/26(19:00),-
2023,10,25,143731,83979,69653,-,14326,20.6,2023/10/25(19:00),-
2023,10,24,143712,84248,70197,-,14051,20,2023/10/24(19:00),-
2023,10,23,143712,83397,69638,-,13759,19.8,2023/10/23(19:00),-
2023,10,22,143712,85357,58718,-,26639,45.4,2023/10/22(19:00),-
2023,10,21,143712,83506,59888,-,23618,39.4,2023/10/21(19:00),-
2023,10,20,143712,87249,67722,-,19527,28.8,2023/10/20(19:00),-
2023,10,19,143712,85738,70985,-,14753,20.8,2023/10/19(19:00),-
2023,10,18,143712,86240,69700,-,16540,23.7,2023/10/18(19:00),-
2023,10,17,143559,84574,69960,-,14614,20.9,2023/10/17(19:00),-
2023,10,16,143559,85263,69274,-,15989,23.1,2023/10/16(19:00),-
2023,10,15,143559,83060,59651,-,23409,39.2,2023/10/15(19:00),-
2023,10,14,143559,82270,60838,-,21432,35.2,2023/10/14(19:00),-
2023,10,13,143559,84971,69448,-,15523,22.4,2023/10/13(19:00),-
2023,10,12,143559,84165,70840,-,13325,18.8,2023/10/12(19:00),-
2023,10,11,143486,84960,70443,-,14517,20.6,2023/10/11(19:00),-
2023,10,10,143486,85494,70604,-,14890,21.1,2023/10/10(19:00),-
2023,10,09,143486,86123,63732,-,22391,35.1,2023/10/09(19:00),-
2023,10,08,143486,87772,58651,-,29121,49.7,2023/10/08(19:00),-
2023,10,07,143486,88103,60894,-,27209,44.7,2023/10/07(19:00),-
2023,10,06,143486,89340,68442,-,20898,30.5,2023/10/06(19:00),-
2023,10,05,143486,88648,68749,-,19899,28.9,2023/10/05(19:00),-
2023,10,04,143486,87361,70315,-,17046,24.2,2023/10/04(19:00),-
2023,10,03,143486,88991,61368,-,27623,45,2023/10/03(19:00),-
2023,10,02,143486,89665,57484,-,32181,56,2023/10/02(19:00),-
2023,10,01,143486,88085,54323,-,33762,62.2,2023/10/01(20:00),-
2023,09,30,143486,87107,54122,-,32985,60.9,2023/09/30(20:00),-
2023,09,29,143486,89759,52425,-,37334,71.2,2023/09/29(20:00),-
2023,09,28,143486,92297,56740,-,35557,62.7,2023/09/28(19:00),-
2023,09,27,143486,91105,71537,-,19568,27.4,2023/09/27(11:00),-
2023,09,26,143481,89883,74562,-,15321,20.5,2023/09/26(17:00),-
2023,09,25,143481,90962,74249,-,16713,22.5,2023/09/25(17:00),-
2023,09,24,143481,87899,61853,-,26046,42.1,2023/09/24(20:00),-
2023,09,23,143481,88758,63395,-,25363,40,2023/09/23(20:00),-
2023,09,22,143481,92123,71935,-,20188,28.1,2023/09/22(19:00),-
2023,09,21,143481,92647,74465,-,18182,24.4,2023/09/21(17:00),-
2023,09,20,143481,91763,79940,-,11823,14.8,2023/09/20(11:00),-
2023,09,19,143460,91780,79704,-,12076,15.2,2023/09/19(17:00),-
2023,09,18,143460,94611,79866,-,14745,18.5,2023/09/18(18:00),-
2023,09,17,143460,92366,67762,-,24604,36.3,2023/09/17(20:00),-
2023,09,16,143460,89463,69043,-,20420,29.6,2023/09/16(15:00),-
2023,09,15,143460,94430,78139,-,16291,20.8,2023/09/15(17:00),-
2023,09,14,143460,94930,80149,-,14781,18.4,2023/09/14(17:00),-
2023,09,13,143460,94349,81364,-,12985,16,2023/09/13(11:00),-
2023,09,12,143429,96217,82478,-,13739,16.7,2023/09/12(17:00),-
2023,09,11,143429,97469,81913,-,15556,19,2023/09/11(18:00),-
2023,09,10,143429,95818,68207,-,27611,40.5,2023/09/10(20:00),-
2023,09,09,143429,94923,69152,-,25771,37.3,2023/09/09(20:00),-
2023,09,08,143429,98050,78754,-,19296,24.5,2023/09/08(18:00),-
2023,09,07,143429,98334,81665,-,16669,20.4,2023/09/07(18:00),-
2023,09,06,143429,98686,84181,-,14505,17.2,2023/09/06(18:00),-
2023,09,05,143401,99391,85682,-,13709,16,2023/09/05(18:00),-
2023,09,04,143401,99186,85567,-,13619,15.9,2023/09/04(17:00),-
2023,09,03,143401,98099,70303,-,27796,39.5,2023/09/03(20:00),-
2023,09,02,143401,97506,68954,-,28552,41.4,2023/09/02(20:00),-
2023,09,01,143401,100172,76397,-,23775,31.1,2023/09/01(18:00),-
2023,08,31,143401,101698,77880,-,23818,30.6,2023/08/31(19:00),-
2023,08,30,143401,101752,81190,-,20562,25.3,2023/08/30(11:00),-
2023,08,29,143332,102207,83947,-,18260,21.8,2023/08/29(15:00),-
2023,08,28,143332,102236,81578,-,20658,25.3,2023/08/28(17:00),-
2023,08,27,143332,96857,71334,-,25523,35.8,2023/08/27(20:00),-
2023,08,26,143332,98457,71966,-,26491,36.8,2023/08/26(20:00),-
2023,08,25,143332,102355,82632,-,19723,23.9,2023/08/25(18:00),-
2023,08,24,143332,102384,86561,-,15823,18.3,2023/08/24(16:00),-
2023,08,23,143332,103456,87971,-,15485,17.6,2023/08/23(17:00),-
2023,08,22,143332,104034,90322,-,13712,15.2,2023/08/22(17:00),-
2023,08,21,143332,102587,91334,-,11253,12.3,2023/08/21(18:00),-
2023,08,20,143332,100227,76867,-,23360,30.4,2023/08/20(20:00),-
2023,08,19,142584,101346,77513,-,23833,30.7,2023/08/19(20:00),-
2023,08,18,142584,102810,88570,-,14240,16.1,2023/08/18(17:00),-
2023,08,17,142584,102798,86794,-,16004,18.4,2023/08/17(18:00),-
2023,08,16,142584,102713,86140,-,16573,19.2,2023/08/16(17:00),-
2023,08,15,142584,102421,80630,-,21791,27,2023/08/15(20:00),-
2023,08,14,142584,102576,82760,-,19816,23.9,2023/08/14(18:00),-
2023,08,13,142584,99087,72148,-,26939,37.3,2023/08/13(20:00),-
2023,08,12,142584,99351,69688,-,29663,42.6,2023/08/12(20:00),-
2023,08,11,142584,103881,80549,-,23332,29,2023/08/11(17:00),-
2023,08,10,142584,102841,81651,-,21190,26,2023/08/10(11:00),-
2023,08,09,142584,103773,89935,-,13838,15.4,2023/08/09(15:00),-
2023,08,08,142567,103860,93299,-,10561,11.3,2023/08/08(18:00),-
2023,08,07,142567,104297,93615,-,10682,11.4,2023/08/07(17:00),-
2023,08,06,142567,101793,79971,-,21822,27.3,2023/08/06(20:00),-
2023,08,05,142567,101731,80221,-,21510,26.8,2023/08/05(20:00),-
2023,08,04,142567,101133,86089,-,15044,17.5,2023/08/04(19:00),-
2023,08,03,142567,101997,85990,-,16007,18.6,2023/08/03(19:00),-
2023,08,02,142567,102567,82699,-,19868,24,2023/08/02(19:00),-
2023,08,01,142567,101734,82962,-,18772,22.6,2023/08/01(20:00),-
2023,07,31,142567,101789,80734,-,21055,26.1,2023/07/31(19:00),-
2023,07,30,142567,100571,74605,-,25966,34.8,2023/07/30(20:00),-
2023,07,29,142567,99446,76405,-,23041,30.2,2023/07/29(20:00),-
2023,07,28,142567,102152,85321,-,16831,19.7,2023/07/28(17:00),-
2023,07,27,142201,102234,87033,-,15201,17.5,2023/07/27(18:00),-
2023,07,26,142201,103142,86054,-,17088,19.9,2023/07/26(17:00),-
2023,07,25,142201,103526,83943,-,19583,23.3,2023/07/25(17:00),-
2023,07,24,142201,102648,83062,-,19586,23.6,2023/07/24(17:00),-
2023,07,23,142201,99820,70370,-,29450,41.9,2023/07/23(20:00),-
2023,07,22,142201,99735,72220,-,27515,38.1,2023/07/22(15:00),-
2023,07,21,142201,103301,84221,-,19080,22.7,2023/07/21(17:00),-
2023,07,20,142201,104568,83731,-,20837,24.9,2023/07/20(17:00),-
2023,07,19,142201,103424,80874,-,22550,27.9,2023/07/19(19:00),-
2023,07,18,142126,101987,82615,-,19372,23.4,2023/07/18(15:00),-
2023,07,17,142126,102562,82555,-,20007,24.2,2023/07/17(17:00),-
2023,07,16,142126,95585,68041,-,27544,40.5,2023/07/16(20:00),-
2023,07,15,142126,94588,70903,-,23685,33.4,2023/07/15(12:00),-
2023,07,14,142126,98278,84380,-,13898,16.5,2023/07/14(11:00),-
2023,07,13,142126,98496,84575,-,13921,16.5,2023/07/13(11:00),-
2023,07,12,142126,99381,82046,-,17335,21.1,2023/07/12(17:00),-
2023,07,11,141984,98896,83533,-,15363,18.4,2023/07/11(11:00),-
2023,07,10,141984,99558,82203,-,17355,21.1,2023/07/10(18:00),-
2023,07,09,141984,95134,68423,-,26711,39,2023/07/09(20:00),-
2023,07,08,141984,94216,69633,-,24583,35.3,2023/07/08(20:00),-
2023,07,07,141984,96783,82068,-,14715,17.9,2023/07/07(14:00),-
2023,07,06,141984,99885,82268,-,17617,21.4,2023/07/06(17:00),-
2023,07,05,141984,98922,77283,-,21639,28,2023/07/05(19:00),-
2023,07,04,140955,97789,83089,-,14700,17.7,2023/07/04(15:00),-
2023,07,03,140955,98483,84023,-,14460,17.2,2023/07/03(17:00),-
2023,07,02,140955,95689,69809,-,25880,37.1,2023/07/02(20:00),-
2023,07,01,140955,95423,69581,-,25842,37.1,2023/07/01(20:00),-
2023,06,30,140955,93460,79294,-,14166,17.9,2023/06/30(11:00),-
2023,06,29,140955,93562,82196,-,11366,13.8,2023/06/29(11:00),-
2023,06,28,140945,94576,79205,-,15371,19.4,2023/06/28(17:00),-
2023,06,27,140945,93711,77801,-,15910,20.4,2023/06/27(19:00),-
2023,06,26,140945,93188,79558,-,13630,17.1,2023/06/26(17:00),-
2023,06,25,140945,86380,66484,-,19896,29.9,2023/06/25(20:00),-
2023,06,24,140945,88311,66496,-,21815,32.8,2023/06/24(20:00),-
2023,06,23,140945,90105,73677,-,16428,22.3,2023/06/23(18:00),-
2023,06,22,140945,90532,73402,-,17130,23.3,2023/06/22(19:00),-
2023,06,21,140945,90548,75890,-,14658,19.3,2023/06/21(11:00),-
2023,06,20,140908,91012,76566,-,14446,18.9,2023/06/20(15:00),-
2023,06,19,140908,91145,79351,-,11794,14.9,2023/06/19(17:00),-
2023,06,18,140908,84025,64094,-,19931,31.1,2023/06/18(20:00),-
2023,06,17,140908,83897,63664,-,20233,31.8,2023/06/17(20:00),-
2023,06,16,140908,85483,72163,-,13320,18.5,2023/06/16(18:00),-
2023,06,15,140908,84221,72139,-,12082,16.7,2023/06/15(19:00),-
2023,06,14,140908,86792,71475,-,15317,21.4,2023/06/14(17:00),-
2023,06,13,140758,86678,72258,-,14420,20,2023/06/13(19:00),-
2023,06,12,140758,87631,71512,-,16119,22.5,2023/06/12(18:00),-
2023,06,11,140758,82473,62339,-,20134,32.3,2023/06/11(21:00),-
2023,06,10,140758,82997,61953,-,21044,34,2023/06/10(21:00),-
2023,06,09,140758,83619,69747,-,13872,19.9,2023/06/09(19:00),-
2023,06,08,140758,85279,70755,-,14524,20.5,2023/06/08(17:00),-
2023,06,07,140758,85092,69540,-,15552,22.4,2023/06/07(20:00),-
2023,06,06,140758,86513,63781,-,22732,35.6,2023/06/06(21:00),-
2023,06,05,140758,84710,65659,-,19051,29,2023/06/05(20:00),-
2023,06,04,140758,84682,59372,-,25310,42.6,2023/06/04(21:00),-
2023,06,03,140758,82672,59502,-,23170,38.9,2023/06/03(21:00),-
2023,06,02,140758,82669,68262,-,14407,21.1,2023/06/02(19:00),-
2023,06,01,140758,83644,71202,-,12442,17.5,2023/06/01(17:00),-
2023,05,31,140240,83165,69289,-,13876,20,2023/05/31(19:00),-
2023,05,30,140240,82332,72772,-,9560,13.1,2023/05/30(17:00),-
2023,05,29,140240,79383,65013,-,14370,22.1,2023/05/29(20:00),-
2023,05,28,140240,79202,59003,-,20199,34.2,2023/05/28(20:00),-
2023,05,27,140240,82676,60765,-,21911,36.1,2023/05/27(21:00),-
2023,05,26,140240,84268,68018,-,16250,23.9,2023/05/26(17:00),-
2023,05,25,140240,83621,68519,-,15102,22,2023/05/25(17:00),-
2023,05,24,140240,81333,67877,-,13456,19.8,2023/05/24(17:00),-
2023,05,23,140240,82407,67974,-,14433,21.2,2023/05/23(20:00),-
2023,05,22,140240,82998,67579,-,15419,22.8,2023/05/22(11:00),-
2023,05,21,140240,83862,58588,-,25274,43.1,2023/05/21(21:00),-
2023,05,20,140240,81884,60092,-,21792,36.3,2023/05/20(20:00),-
2023,05,19,139171,82309,67914,-,14395,21.2,2023/05/19(20:00),-
2023,05,18,139171,84042,70912,-,13130,18.5,2023/05/18(11:00),-
2023,05,17,139171,81136,69974,-,11162,16,2023/05/17(20:00),-
2023,05,16,139147,81823,69942,-,11881,17,2023/05/16(19:00),-
2023,05,15,139147,82771,67563,-,15208,22.5,2023/05/15(20:00),-
2023,05,14,139147,82371,58026,-,24345,42,2023/05/14(21:00),-
2023,05,13,139147,82692,59028,-,23664,40.1,2023/05/13(21:00),-
2023,05,12,139147,82904,65469,-,17435,26.6,2023/05/12(20:00),-
2023,05,11,139147,83347,67295,-,16052,23.9,2023/05/11(20:00),-
2023,05,10,139147,82235,66339,-,15896,24,2023/05/10(20:00),-
2023,05,09,139065,82009,66833,-,15176,22.7,2023/05/09(20:00),-
2023,05,08,139065,82152,65456,-,16696,25.5,2023/05/08(20:00),-
2023,05,07,139065,82320,57038,-,25282,44.3,2023/05/07(21:00),-
2023,05,06,139065,81015,57640,-,23375,40.6,2023/05/06(20:00),-
2023,05,05,139065,82783,61504,-,21279,34.6,2023/05/05(20:00),-
2023,05,04,139065,85400,66972,-,18428,27.5,2023/05/04(17:00),-
2023,05,03,139065,84319,66914,-,17405,26,2023/05/03(20:00),-
2023,05,02,139065,83580,66341,-,17239,26,2023/05/02(20:00),-
2023,05,01,139065,84199,58849,-,25350,43.1,2023/05/01(21:00),-
2023,04,30,139065,78787,56344,-,22443,39.8,2023/04/30(21:00),-
2023,04,29,139065,80693,59105,-,21588,36.5,2023/04/29(12:00),-
2023,04,28,139065,81098,65812,-,15286,23.2,2023/04/28(20:00),-
2023,04,27,139065,80656,66708,-,13948,20.9,2023/04/27(20:00),-
2023,04,26,139065,82164,66959,-,15205,22.7,2023/04/26(20:00),-
2023,04,25,139100,82630,69358,-,13272,19.1,2023/04/25(17:00),-
2023,04,24,139100,80652,66664,-,13988,21,2023/04/24(20:00),-
2023,04,23,139100,81460,57975,-,23485,40.5,2023/04/23(21:00),-
2023,04,22,139100,81689,58620,-,23069,39.4,2023/04/22(20:00),-
2023,04,21,139100,84862,65953,-,18909,28.7,2023/04/21(20:00),-
2023,04,20,139100,84194,69019,-,15175,22,2023/04/20(20:00),-
2023,04,19,139100,84523,67904,-,16619,24.5,2023/04/19(20:00),-
2023,04,18,139048,82167,71402,-,10765,15.1,2023/04/18(11:00),-
2023,04,17,139048,82728,67016,-,15712,23.4,2023/04/17(20:00),-
2023,04,16,139048,81738,58530,-,23208,39.7,2023/04/16(21:00),-
2023,04,15,139048,79939,59880,-,20059,33.5,2023/04/15(20:00),-
2023,04,14,139048,82131,67403,-,14728,21.9,2023/04/14(10:00),-
2023,04,13,139048,82778,67686,-,15092,22.3,2023/04/13(20:00),-
2023,04,12,139048,83551,67710,-,15841,23.4,2023/04/12(20:00),-
2023,04,11,139079,83307,69385,-,13922,20.1,2023/04/11(17:00),-
2023,04,10,139079,83951,67150,-,16801,25,2023/04/10(20:00),-
2023,04,10,139079,83951,67150,-,16801,25,2023/04/10(20:00),-
2023,04,09,139079,83956,58648,-,25308,43.2,2023/04/09(21:00),-
2023,04,09,139079,83956,58648,-,25308,43.2,2023/04/09(21:00),-
2023,04,08,139079,84600,59967,-,24633,41.1,2023/04/08(20:00),-
2023,04,08,139079,84600,59967,-,24633,41.1,2023/04/08(20:00),-
2023,04,07,139079,85615,66780,-,18835,28.2,2023/04/07(20:00),-
2023,04,07,139079,85615,66780,-,18835,28.2,2023/04/07(20:00),-
2023,04,06,139079,84070,70688,-,13382,18.9,2023/04/06(17:00),-
2023,04,06,139079,84070,70688,-,13382,18.9,2023/04/06(17:00),-
2023,04,05,139079,84179,72292,-,11887,16.4,2023/04/05(11:00),-
2023,04,05,139079,84179,72292,-,11887,16.4,2023/04/05(11:00),-
2023,04,04,139049,84938,68535,-,16403,23.9,2023/04/04(17:00),-
2023,04,04,139049,84938,68535,-,16403,23.9,2023/04/04(17:00),-
2023,04,03,139049,84289,67649,-,16640,24.6,2023/04/03(20:00),-
2023,04,03,139049,84289,67649,-,16640,24.6,2023/04/03(20:00),-
2023,04,02,139049,85228,58205,-,27023,46.4,2023/04/02(21:00),-
2023,04,02,139049,85228,58205,-,27023,46.4,2023/04/02(21:00),-
2023,04,01,139049,81707,59002,-,22705,38.5,2023/04/01(20:00),-
2023,04,01,139049,81707,59002,-,22705,38.5,2023/04/01(20:00),-
2023,03,31,139049,85199,65629,-,19570,29.8,2023/03/31(20:00),-
2023,03,30,139049,86801,67833,-,18968,28,2023/03/30(20:00),-
2023,03,29,139049,87768,68140,-,19628,28.8,2023/03/29(20:00),-
2023,03,28,139025,86976,69012,-,17964,26,2023/03/28(20:00),-
2023,03,27,139025,88424,69047,-,19377,28.1,2023/03/27(20:00),-
2023,03,26,139025,83053,59275,-,23778,40.1,2023/03/26(20:00),-
2023,03,25,139025,82416,60553,-,21863,36.1,2023/03/25(20:00),-
2023,03,24,139025,88027,68133,-,19894,29.2,2023/03/24(10:00),-
2023,03,23,139025,85967,71388,-,14579,20.4,2023/03/23(10:00),-
2023,03,22,139025,85956,68792,-,17164,25,2023/03/22(19:00),-
2023,03,21,139011,87042,68985,-,18057,26.2,2023/03/21(20:00),-
2023,03,20,139011,83818,69333,-,14485,20.9,2023/03/20(20:00),-
2023,03,19,139011,84692,60568,-,24124,39.8,2023/03/19(20:00),-
2023,03,18,139011,86856,61605,-,25251,41,2023/03/18(20:00),-
2023,03,17,139011,89299,71612,-,17687,24.7,2023/03/17(10:00),-
2023,03,16,139011,88531,72068,-,16463,22.8,2023/03/16(19:00),-
2023,03,15,139011,88788,70533,-,18255,25.9,2023/03/15(19:00),-
2023,03,14,138866,89931,70755,-,19176,27.1,2023/03/14(19:00),-
2023,03,13,138866,90608,72805,-,17803,24.5,2023/03/13(19:00),-
2023,03,12,138866,85088,62216,-,22872,36.8,2023/03/12(20:00),-
2023,03,11,138866,84465,60181,-,24284,40.4,2023/03/11(20:00),-
2023,03,10,138866,91060,68901,-,22159,32.2,2023/03/10(09:00),-
2023,03,09,138866,92036,72032,-,20004,27.8,2023/03/09(10:00),-
2023,03,08,138866,92310,70657,-,21653,30.6,2023/03/08(09:00),-
2023,03,07,138860,93336,72608,-,20728,28.5,2023/03/07(09:00),-
2023,03,06,138860,92749,72424,-,20325,28.1,2023/03/06(09:00),-
2023,03,05,138860,87307,62329,-,24978,40.1,2023/03/05(20:00),-
2023,03,04,138860,90987,64218,-,26769,41.7,2023/03/04(01:00),-
2023,03,03,138860,98244,75363,-,22881,30.4,2023/03/03(09:00),-
2023,03,02,138860,97952,76510,-,21442,28,2023/03/02(19:00),-
2023,03,01,138846,92683,69174,-,23509,34,2023/03/01(20:00),-
2023,02,28,138846,95866,74655,-,21211,28.4,2023/02/28(09:00),-
2023,02,27,138846,95543,74630,-,20913,28,2023/02/27(09:00),-
2023,02,26,138846,96610,64923,-,31687,48.8,2023/02/26(20:00),-
2023,02,25,138846,96966,66816,-,30150,45.1,2023/02/25(01:00),-
2023,02,24,138846,98287,76151,-,22136,29.1,2023/02/24(09:00),-
2023,02,23,138846,99004,76790,-,22214,28.9,2023/02/23(09:00),-
2023,02,22,138846,98864,78537,-,20327,25.9,2023/02/22(09:00),-
2023,02,21,138840,97554,79297,-,18257,23,2023/02/21(09:00),-
2023,02,20,138840,97609,78791,-,18818,23.9,2023/02/20(19:00),-
2023,02,19,138840,97215,65618,-,31597,48.2,2023/02/19(20:00),-
2023,02,18,138840,94387,68387,-,26000,38,2023/02/18(11:00),-
2023,02,17,138840,98378,79701,-,18677,23.4,2023/02/17(10:00),-
2023,02,16,138840,99109,81126,-,17983,22.2,2023/02/16(10:00),-
2023,02,15,138840,99470,80643,-,18827,23.3,2023/02/15(10:00),-
2023,02,14,138817,98967,79024,-,19943,25.2,2023/02/14(09:00),-
2023,02,13,138817,99986,81235,-,18751,23.1,2023/02/13(11:00),-
2023,02,12,138817,98838,65888,-,32950,50,2023/02/12(19:00),-
2023,02,11,138817,97867,67796,-,30071,44.4,2023/02/11(01:00),-
2023,02,10,138817,99009,81340,-,17669,21.7,2023/02/10(10:00),-
2023,02,09,138817,99329,80850,-,18479,22.9,2023/02/09(09:00),-
2023,02,08,138817,99128,81028,-,18100,22.3,2023/02/08(09:00),-
2023,02,07,138647,97301,81585,-,15716,19.3,2023/02/07(10:00),-
2023,02,06,138647,100804,81935,-,18869,23,2023/02/06(10:00),-
2023,02,05,138647,100338,67195,-,33143,49.3,2023/02/05(20:00),-
2023,02,04,138647,100826,70005,-,30821,44,2023/02/04(01:00),-
2023,02,03,138647,101103,84290,-,16813,19.9,2023/02/03(10:00),-
2023,02,02,138647,101827,83228,-,18599,22.3,2023/02/02(09:00),-
2023,02,01,138647,102478,81652,-,20826,25.5,2023/02/01(10:00),-
2023,01,31,138643,101699,84058,-,17641,21,2023/01/31(09:00),-
2023,01,30,138643,101644,83568,-,18076,21.6,2023/01/30(09:00),-
2023,01,29,138643,98222,69956,-,28266,40.4,2023/01/29(19:00),-
2023,01,28,138643,98523,74081,-,24442,33,2023/01/28(19:00),-
2023,01,27,138643,103908,89833,-,14075,15.7,2023/01/27(10:00),-
2023,01,26,138399,103138,92613,-,10525,11.4,2023/01/26(11:00),-
2023,01,25,138399,103636,87275,-,16361,18.7,2023/01/25(18:00),-
2023,01,24,138399,101038,72643,-,28395,39.1,2023/01/24(19:00),-
2023,01,23,138399,100500,62575,-,37925,60.6,2023/01/23(23:00),-
2023,01,22,138399,98334,60143,-,38191,63.5,2023/01/22(23:00),-
2023,01,21,138399,99057,68910,-,30147,43.7,2023/01/21(01:00),-
2023,01,20,138399,105249,81244,-,24005,29.5,2023/01/20(10:00),-
2023,01,19,138399,103674,84465,-,19209,22.7,2023/01/19(09:00),-
2023,01,18,138399,104805,85627,-,19178,22.4,2023/01/18(10:00),-
2023,01,17,138280,107179,86815,-,20364,23.5,2023/01/17(10:00),-
2023,01,16,138280,106545,84582,-,21963,26,2023/01/16(18:00),-
2023,01,15,138280,103949,69166,-,34783,50.3,2023/01/15(19:00),-
2023,01,14,138280,102803,69388,-,33415,48.2,2023/01/14(11:00),-
2023,01,13,138280,104134,81907,-,22227,27.1,2023/01/13(11:00),-
2023,01,12,138280,105269,82287,-,22982,27.9,2023/01/12(09:00),-
2023,01,11,138280,103840,83078,-,20762,25,2023/01/11(09:00),-
2023,01,10,138193,103335,83973,-,19362,23.1,2023/01/10(09:00),-
2023,01,09,138193,102864,84683,-,18181,21.5,2023/01/09(10:00),-
2023,01,08,138193,98882,68090,-,30792,45.2,2023/01/08(19:00),-
2023,01,07,138193,97543,70729,-,26814,37.9,2023/01/07(19:00),-
2023,01,06,138193,100386,86606,-,13780,15.9,2023/01/06(10:00),-
2023,01,05,138193,103422,89012,-,14410,16.2,2023/01/05(10:00),-
2023,01,04,138193,105387,87191,-,18196,20.9,2023/01/04(10:00),-
2023,01,03,138018,103751,87110,-,16641,19.1,2023/01/03(09:00),-
2023,01,02,138018,104849,85269,-,19580,23,2023/01/02(18:00),-
2023,01,01,138018,103636,66465,-,37171,55.9,2023/01/01(19:00),-
2022,12,31,138018,102234,68466,-,33768,49.3,2022/12/31(01:00),-
2022,12,30,138018,104511,83307,-,21204,25.5,2022/12/30(10:00),-
2022,12,29,138018,103136,86768,-,16368,18.9,2022/12/29(09:00),-
2022,12,28,138018,103841,88939,-,14902,16.8,2022/12/28(10:00),-
2022,12,27,137938,105048,89282,-,15766,17.7,2022/12/27(10:00),-
2022,12,26,137938,103765,89935,-,13830,15.4,2022/12/26(10:00),-
2022,12,25,137938,103170,71213,-,31957,44.9,2022/12/25(19:00),-
2022,12,24,137938,101805,75010,-,26795,35.7,2022/12/24(11:00),-
2022,12,23,137938,105628,94509,-,11119,11.8,2022/12/23(11:00),-
2022,12,22,137938,104749,92999,-,11750,12.6,2022/12/22(17:00),-
2022,12,21,137938,103274,92698,-,10576,11.4,2022/12/21(11:00),-
2022,12,20,137875,104369,90571,-,13798,15.2,2022/12/20(10:00),-
2022,12,19,137875,103828,91710,-,12118,13.2,2022/12/19(17:00),-
2022,12,18,137875,101564,73852,-,27712,37.5,2022/12/18(19:00),-
2022,12,17,137875,101175,74303,-,26872,36.2,2022/12/17(18:00),-
2022,12,16,137875,101510,89583,-,11927,13.3,2022/12/16(10:00),-
2022,12,15,137875,102168,88874,-,13294,15,2022/12/15(10:00),-
2022,12,14,137875,100637,90128,-,10509,11.7,2022/12/14(10:00),-
2022,12,13,137861,98308,85195,-,13113,15.4,2022/12/13(17:00),-
2022,12,12,137861,97985,83311,-,14674,17.6,2022/12/12(17:00),-
2022,12,11,137861,96222,65907,-,30315,46,2022/12/11(19:00),-
2022,12,10,137861,93012,67446,-,25566,37.9,2022/12/10(18:00),-
2022,12,09,137861,97136,82223,-,14913,18.1,2022/12/09(10:00),-
2022,12,08,137861,97385,81462,-,15923,19.5,2022/12/08(09:00),-
2022,12,07,137861,96563,82135,-,14428,17.6,2022/12/07(09:00),-
2022,12,06,136268,97332,84058,-,13274,15.8,2022/12/06(10:00),-
2022,12,05,136268,96977,83990,-,12987,15.5,2022/12/05(10:00),-
2022,12,04,136268,94440,67707,-,26733,39.5,2022/12/04(19:00),-
2022,12,03,136268,92219,67989,-,24230,35.6,2022/12/03(01:00),-
2022,12,02,136268,94957,80829,-,14128,17.5,2022/12/02(09:00),-
2022,12,01,136268,96487,83052,-,13435,16.2,2022/12/01(17:00),-
2022,11,30,136268,92682,82117,-,10565,12.9,2022/11/30(17:00),-
2022,11,29,136249,91100,75720,-,15380,20.3,2022/11/29(17:00),-
2022,11,28,136249,87897,74855,-,13042,17.4,2022/11/28(17:00),-
2022,11,27,136249,87912,61147,-,26765,43.8,2022/11/27(19:00),-
2022,11,26,136249,86934,61907,-,25027,40.4,2022/11/26(19:00),-
2022,11,25,136249,87034,70886,-,16148,22.8,2022/11/25(09:00),-
2022,11,24,136249,85945,72420,-,13525,18.7,2022/11/24(09:00),-
2022,11,23,136249,85867,71774,-,14093,19.6,2022/11/23(09:00),-
2022,11,22,136207,86178,74117,-,12061,16.3,2022/11/22(17:00),-
2022,11,21,136207,86966,71811,-,15155,21.1,2022/11/21(17:00),-
2022,11,20,136207,85105,60057,-,25048,41.7,2022/11/20(19:00),-
2022,11,19,136207,83590,60856,-,22734,37.4,2022/11/19(19:00),-
2022,11,18,136207,84158,70458,-,13700,19.4,2022/11/18(17:00),-
2022,11,17,136207,85468,71642,-,13826,19.3,2022/11/17(18:00),-
2022,11,16,136207,86564,71687,-,14877,20.8,2022/11/16(17:00),-
2022,11,15,136200,86049,72431,-,13618,18.8,2022/11/15(17:00),-
2022,11,14,136200,85353,71165,-,14188,19.9,2022/11/14(17:00),-
2022,11,13,136200,83142,60054,-,23088,38.4,2022/11/13(19:00),-
2022,11,12,136200,81862,60675,-,21187,34.9,2022/11/12(19:00),-
2022,11,11,136200,82359,69415,-,12944,18.6,2022/11/11(17:00),-
2022,11,10,136200,83233,69764,-,13469,19.3,2022/11/10(09:00),-
2022,11,09,136200,83208,69966,-,13242,18.9,2022/11/09(17:00),-
2022,11,08,136031,84526,69806,-,14720,21.1,2022/11/08(18:00),-
2022,11,07,136031,85170,71020,-,14150,19.9,2022/11/07(17:00),-
2022,11,06,136031,83073,59724,-,23349,39.1,2022/11/06(19:00),-
2022,11,05,136031,84711,61328,-,23383,38.1,2022/11/05(19:00),-
2022,11,04,136031,84682,70733,-,13949,19.7,2022/11/04(18:00),-
2022,11,03,136031,84448,71242,-,13206,18.5,2022/11/03(17:00),-
2022,11,02,136031,84799,69282,-,15517,22.4,2022/11/02(18:00),-
2022,11,01,136031,82712,69729,-,12983,18.6,2022/11/01(19:00),-
2022,10,31,136031,86565,69769,-,16796,24.1,2022/10/31(19:00),-
2022,10,30,134823,83152,58605,-,24547,41.9,2022/10/30(19:00),-
2022,10,29,134823,82677,59900,-,22777,38,2022/10/29(19:00),-
2022,10,28,134823,84939,68956,-,15983,23.2,2022/10/28(18:00),-
2022,10,27,134823,85104,70573,-,14531,20.6,2022/10/27(19:00),-
2022,10,26,134823,84774,70052,-,14722,21,2022/10/26(19:00),-
2022,10,25,134823,85434,70495,-,14939,21.2,2022/10/25(19:00),-
2022,10,24,134823,83828,70139,-,13689,19.5,2022/10/24(19:00),-
2022,10,23,134823,82226,58500,-,23726,40.6,2022/10/23(19:00),-
2022,10,22,134823,80425,60433,-,19992,33.1,2022/10/22(19:00),-
2022,10,21,134823,83851,69240,-,14611,21.1,2022/10/21(19:00),-
2022,10,20,134823,84256,70976,-,13280,18.7,2022/10/20(19:00),-
2022,10,19,134823,85998,70250,-,15748,22.4,2022/10/19(19:00),-
2022,10,18,134824,86919,70701,-,16218,22.9,2022/10/18(19:00),-
2022,10,17,134824,86767,70021,-,16746,23.9,2022/10/17(19:00),-
2022,10,16,134824,84594,59248,-,25346,42.8,2022/10/16(19:00),-
2022,10,15,134824,82961,60625,-,22336,36.8,2022/10/15(19:00),-
2022,10,14,134824,82757,69004,-,13753,19.9,2022/10/14(19:00),-
2022,10,13,134824,83262,70316,-,12946,18.4,2022/10/13(19:00),-
2022,10,12,134797,83927,69872,-,14055,20.1,2022/10/12(19:00),-
2022,10,11,134797,84595,70344,-,14251,20.3,2022/10/11(19:00),-
2022,10,10,134797,84696,62700,-,21996,35.1,2022/10/10(20:00),-
2022,10,09,134797,86454,58315,-,28139,48.3,2022/10/09(19:00),-
2022,10,08,134797,85508,59871,-,25637,42.8,2022/10/08(19:00),-
2022,10,07,134797,87225,68983,-,18242,26.4,2022/10/07(19:00),-
2022,10,06,134797,86440,70544,-,15896,22.5,2022/10/06(19:00),-
2022,10,05,134768,85928,70074,-,15854,22.6,2022/10/05(19:00),-
2022,10,04,134768,86098,72544,-,13554,18.7,2022/10/04(10:00),-
2022,10,03,134768,86928,66998,-,19930,29.7,2022/10/03(19:00),-
2022,10,02,134768,84572,59834,-,24738,41.3,2022/10/02(19:00),-
2022,10,01,134768,83632,61848,-,21784,35.2,2022/10/01(19:00),-
2022,09,30,134768,88547,71844,-,16703,23.2,2022/09/30(18:00),-
2022,09,29,134768,87139,73018,-,14121,19.3,2022/09/29(18:00),-
2022,09,28,134725,88782,72806,-,15976,21.9,2022/09/28(17:00),-
2022,09,27,134725,88928,72742,-,16186,22.3,2022/09/27(19:00),-
2022,09,26,134725,89385,71400,-,17985,25.2,2022/09/26(17:00),-
2022,09,25,134725,87931,59920,-,28011,46.7,2022/09/25(20:00),-
2022,09,24,134725,87890,61033,-,26857,44,2022/09/24(20:00),-
2022,09,23,134725,89172,70071,-,19101,27.3,2022/09/23(17:00),-
2022,09,22,134725,87478,72184,-,15294,21.2,2022/09/22(19:00),-
2022,09,21,134725,87357,72071,-,15286,21.2,2022/09/21(18:00),-
2022,09,20,134719,88671,73548,-,15123,20.6,2022/09/20(17:00),-
2022,09,19,134719,92433,78589,-,13844,17.6,2022/09/19(17:00),-
2022,09,18,134719,89824,70720,-,19104,27,2022/09/18(20:00),-
2022,09,17,134719,87077,71108,-,15969,22.5,2022/09/17(20:00),-
2022,09,16,134719,91923,82122,-,9801,11.9,2022/09/16(17:00),-
2022,09,15,134719,91430,79407,-,12023,15.1,2022/09/15(17:00),-
2022,09,14,134702,93018,76406,-,16612,21.7,2022/09/14(17:00),-
2022,09,13,134702,92082,75687,-,16395,21.7,2022/09/13(17:00),-
2022,09,12,134702,91334,61790,-,29544,47.8,2022/09/12(20:00),-
2022,09,11,134702,91779,57250,-,34529,60.3,2022/09/11(20:00),-
2022,09,10,134702,93326,53936,-,39390,73,2022/09/10(20:00),-
2022,09,09,134702,94422,57303,-,37119,64.8,2022/09/09(20:00),-
2022,09,08,134702,95199,67681,-,27518,40.7,2022/09/08(20:00),-
2022,09,07,134702,98348,73807,-,24541,33.3,2022/09/07(18:00),-
2022,09,06,134695,97699,73602,-,24097,32.7,2022/09/06(18:00),-
2022,09,05,134695,97945,79872,-,18073,22.6,2022/09/05(15:00),-
2022,09,04,134695,97062,67901,-,29161,42.9,2022/09/04(20:00),-
2022,09,03,134695,95712,67164,-,28548,42.5,2022/09/03(20:00),-
2022,09,02,134695,99473,77142,-,22331,28.9,2022/09/02(17:00),-
2022,09,01,134695,98608,78089,-,20519,26.3,2022/09/01(17:00),-
2022,08,31,134695,99257,74990,-,24267,32.4,2022/08/31(11:00),-
2022,08,30,134509,99404,77097,-,22307,28.9,2022/08/30(15:00),-
2022,08,29,134509,98962,75328,-,23634,31.4,2022/08/29(15:00),-
2022,08,28,134509,96902,64155,-,32747,51,2022/08/28(20:00),-
2022,08,27,134509,97877,64721,-,33156,51.2,2022/08/27(20:00),-
2022,08,26,134509,102136,77935,-,24201,31.1,2022/08/26(17:00),-
2022,08,25,134509,102008,79448,-,22560,28.4,2022/08/25(17:00),-
2022,08,24,134509,101820,79100,-,22720,28.7,2022/08/24(11:00),-
2022,08,23,134462,101268,86792,-,14476,16.7,2022/08/23(15:00),-
2022,08,22,134462,102558,86842,-,15716,18.1,2022/08/22(17:00),-
2022,08,21,134462,96045,73895,-,22150,30,2022/08/21(20:00),-
2022,08,20,134462,95284,76241,-,19043,25,2022/08/20(20:00),-
2022,08,19,134462,100632,86684,-,13948,16.1,2022/08/19(17:00),-
2022,08,18,134462,101828,83585,-,18243,21.8,2022/08/18(18:00),-
2022,08,17,134446,101195,84518,-,16677,19.7,2022/08/17(18:00),-
2022,08,16,134446,101402,86440,-,14962,17.3,2022/08/16(17:00),-
2022,08,15,134446,99379,80123,-,19256,24,2022/08/15(20:00),-
2022,08,14,134446,95386,74228,-,21158,28.5,2022/08/14(20:00),-
2022,08,13,134446,95281,73971,-,21310,28.8,2022/08/13(20:00),-
2022,08,12,134446,100802,85622,-,15180,17.7,2022/08/12(18:00),-
2022,08,11,134446,100101,85488,-,14613,17.1,2022/08/11(11:00),-
2022,08,10,134446,100922,85666,-,15256,17.8,2022/08/10(15:00),-
2022,08,09,134417,100864,88479,-,12385,14,2022/08/09(18:00),-
2022,08,08,134417,100691,89263,-,11428,12.8,2022/08/08(17:00),-
2022,08,07,134417,100210,78998,-,21212,26.9,2022/08/07(20:00),-
2022,08,06,134417,100321,80391,-,19930,24.8,2022/08/06(20:00),-
2022,08,05,134417,102311,86550,-,15761,18.2,2022/08/05(18:00),-
2022,08,04,134417,101790,85866,-,15924,18.5,2022/08/04(18:00),-
2022,08,03,134417,100831,81174,-,19657,24.2,2022/08/03(18:00),-
2022,08,02,134291,99741,77981,-,21760,27.9,2022/08/02(20:00),-
2022,08,01,134291,99761,80055,-,19706,24.6,2022/08/01(18:00),-
2022,07,31,134291,97211,72224,-,24987,34.6,2022/07/31(20:00),-
2022,07,30,134291,96642,76651,-,19991,26.1,2022/07/30(20:00),-
2022,07,29,134291,101383,87601,-,13782,15.7,2022/07/29(17:00),-
2022,07,28,134291,100467,87405,-,13062,14.9,2022/07/28(18:00),-
2022,07,27,134291,100687,85507,-,15180,17.8,2022/07/27(18:00),-
2022,07,26,134269,100295,87347,-,12948,14.8,2022/07/26(18:00),-
2022,07,25,134269,99610,84338,-,15272,18.1,2022/07/25(18:00),-
2022,07,24,134269,96305,69817,-,26488,37.9,2022/07/24(20:00),-
2022,07,23,134269,96461,70266,-,26195,37.3,2022/07/23(20:00),-
2022,07,22,134269,100057,80509,-,19548,24.3,2022/07/22(17:00),-
2022,07,21,134269,99835,82156,-,17679,21.5,2022/07/21(15:00),-
2022,07,20,134269,99728,85756,-,13972,16.3,2022/07/20(18:00),-
2022,07,19,134266,99472,84631,-,14841,17.5,2022/07/19(18:00),-
2022,07,18,134266,97680,83578,-,14102,16.9,2022/07/18(15:00),-
2022,07,17,134266,96711,70356,-,26355,37.5,2022/07/17(21:00),-
2022,07,16,134266,96946,71327,-,25619,35.9,2022/07/16(20:00),-
2022,07,15,134266,100653,83272,-,17381,20.9,2022/07/15(17:00),-
2022,07,14,134266,100515,85530,-,14985,17.5,2022/07/14(18:00),-
2022,07,13,134266,100299,85034,-,15265,18,2022/07/13(15:00),-
2022,07,12,134239,99071,87250,-,11821,13.5,2022/07/12(17:00),-
2022,07,11,134239,100015,86943,-,13072,15,2022/07/11(17:00),-
2022,07,10,134239,96494,75168,-,21326,28.4,2022/07/10(20:00),-
2022,07,09,134239,96076,75216,-,20860,27.7,2022/07/09(20:00),-
2022,07,08,134239,99997,86475,-,13522,15.6,2022/07/08(17:00),-
2022,07,07,134239,99716,92990,-,6726,7.2,2022/07/07(17:00),-
2022,07,06,134239,99959,91938,-,8021,8.7,2022/07/06(18:00),-
2022,07,05,134237,99463,90855,-,8608,9.5,2022/07/05(17:00),-
2022,07,04,134237,99188,89337,-,9851,11,2022/07/04(17:00),-
2022,07,03,134237,87495,74464,-,13031,17.5,2022/07/03(20:00),-
2022,07,02,134237,88500,74974,-,13526,18,2022/07/02(20:00),-
2022,07,01,134237,93231,83309,-,9922,11.9,2022/07/01(18:00),-
2022,06,30,134237,93599,82731,-,10868,13.1,2022/06/30(17:00),-
2022,06,29,134237,95432,84492,-,10940,12.9,2022/06/29(17:00),-
2022,06,28,134092,93797,84057,-,9740,11.6,2022/06/28(17:00),-
2022,06,27,134092,94364,84739,-,9625,11.4,2022/06/27(17:00),-
2022,06,26,134092,86439,68906,-,17533,25.4,2022/06/26(21:00),-
2022,06,25,134092,84436,69554,-,14882,21.4,2022/06/25(20:00),-
2022,06,24,134092,92119,76118,-,16001,21,2022/06/24(17:00),-
2022,06,23,134092,91404,83449,-,7955,9.5,2022/06/23(15:00),-
2022,06,22,134092,91108,80941,-,10167,12.6,2022/06/22(17:00),-
2022,06,21,134066,91094,81164,-,9930,12.2,2022/06/21(17:00),-
2022,06,20,134066,87774,77816,-,9958,12.8,2022/06/20(18:00),-
2022,06,19,134066,85859,64404,-,21455,33.3,2022/06/19(21:00),-
2022,06,18,134066,85104,64277,-,20827,32.4,2022/06/18(20:00),-
2022,06,17,134066,87896,73461,-,14435,19.6,2022/06/17(17:00),-
2022,06,16,134066,85906,70925,-,14981,21.1,2022/06/16(19:00),-
2022,06,15,134066,85748,69275,-,16473,23.8,2022/06/15(18:00),-
2022,06,14,134060,86350,71477,-,14873,20.8,2022/06/14(17:00),-
2022,06,13,134060,87376,71248,-,16128,22.6,2022/06/13(18:00),-
2022,06,12,134060,82389,61303,-,21086,34.4,2022/06/12(21:00),-
2022,06,11,134060,81919,62034,-,19885,32.1,2022/06/11(21:00),-
2022,06,10,134060,85397,71317,-,14080,19.7,2022/06/10(17:00),-
2022,06,09,134060,86254,69993,-,16261,23.2,2022/06/09(18:00),-
2022,06,08,134060,85703,68480,-,17223,25.2,2022/06/08(20:00),-
2022,06,07,134186,85109,70522,-,14587,20.7,2022/06/07(17:00),-
2022,06,06,134186,83093,61814,-,21279,34.4,2022/06/06(21:00),-
2022,06,05,134186,80301,58600,-,21701,37,2022/06/05(20:00),-
2022,06,04,134186,82590,62408,-,20182,32.3,2022/06/04(21:00),-
2022,06,03,134186,84094,72128,-,11966,16.6,2022/06/03(17:00),-
2022,06,02,134186,83606,71717,-,11889,16.6,2022/06/02(18:00),-
2022,06,01,134186,79189,64790,-,14399,22.2,2022/06/01(20:00),-
2022,05,31,133917,84553,69888,-,14665,21,2022/05/31(18:00),-
2022,05,30,133917,84474,73134,-,11340,15.5,2022/05/30(17:00),-
2022,05,29,133917,79357,60948,-,18409,30.2,2022/05/29(21:00),-
2022,05,28,133917,76955,61733,-,15222,24.7,2022/05/28(21:00),-
2022,05,27,133917,82016,68961,-,13055,18.9,2022/05/27(19:00),-
2022,05,26,133917,82378,69479,-,12899,18.6,2022/05/26(19:00),-
2022,05,25,133917,82910,72539,-,10371,14.3,2022/05/25(17:00),-
2022,05,24,133917,81847,72576,-,9271,12.8,2022/05/24(18:00),-
2022,05,23,133917,81075,72122,-,8953,12.4,2022/05/23(17:00),-
2022,05,22,133917,77792,60230,-,17562,29.2,2022/05/22(21:00),-
2022,05,21,133917,73392,60962,-,12430,20.4,2022/05/21(21:00),-
2022,05,20,133917,78019,68019,-,10000,14.7,2022/05/20(20:00),-
2022,05,19,133917,78739,68981,-,9758,14.1,2022/05/19(20:00),-
2022,05,18,133917,80022,69000,-,11022,16,2022/05/18(19:00),-
2022,05,17,133917,78740,69598,-,9142,13.1,2022/05/17(20:00),-
2022,05,16,133917,81117,68158,-,12959,19,2022/05/16(20:00),-
2022,05,15,133917,80194,58322,-,21872,37.5,2022/05/15(21:00),-
2022,05,14,133917,77018,59523,-,17495,29.4,2022/05/14(21:00),-
2022,05,13,133917,81648,70215,-,11433,16.3,2022/05/13(15:00),-
2022,05,12,133917,78815,69519,-,9296,13.4,2022/05/12(20:00),-
2022,05,11,133917,82127,69284,-,12843,18.5,2022/05/11(18:00),-
2022,05,10,133917,81916,68449,-,13467,19.7,2022/05/10(20:00),-
2022,05,09,133917,82664,68295,-,14369,21,2022/05/09(20:00),-
2022,05,08,133917,78693,57573,-,21120,36.7,2022/05/08(21:00),-
2022,05,07,133917,74588,58240,-,16348,28.1,2022/05/07(21:00),-
2022,05,06,133917,83815,65275,-,18540,28.4,2022/05/06(20:00),-
2022,05,05,133917,82440,62398,-,20042,32.1,2022/05/05(21:00),-
2022,05,04,133917,84671,66896,-,17775,26.6,2022/05/04(20:00),-
2022,05,03,133680,85122,68221,-,16901,24.8,2022/05/03(20:00),-
2022,05,02,133680,84804,67357,-,17447,25.9,2022/05/02(20:00),-
2022,05,01,133680,80599,57624,-,22975,39.9,2022/05/01(21:00),-
2022,04,30,133680,81336,58925,-,22411,38,2022/04/30(21:00),-
2022,04,29,133680,83895,67684,-,16211,24,2022/04/29(09:00),-
2022,04,28,133680,82861,68086,-,14775,21.7,2022/04/28(20:00),-
2022,04,27,133680,83673,67404,-,16269,24.1,2022/04/27(20:00),-
2022,04,26,133680,81625,69997,-,11628,16.6,2022/04/26(17:00),-
2022,04,25,133680,82516,69646,-,12870,18.5,2022/04/25(17:00),-
2022,04,24,133680,77599,58501,-,19098,32.6,2022/04/24(20:00),-
2022,04,23,133680,77509,58909,-,18600,31.6,2022/04/23(20:00),-
2022,04,22,133680,82377,67015,-,15362,22.9,2022/04/22(20:00),-
2022,04,21,133680,82006,68547,-,13459,19.6,2022/04/21(20:00),-
2022,04,20,133680,82087,67702,-,14385,21.2,2022/04/20(20:00),-
2022,04,19,133680,82152,68498,-,13654,19.9,2022/04/19(20:00),-
2022,04,18,133680,80747,67906,-,12841,18.9,2022/04/18(20:00),-
2022,04,17,133680,77578,58749,-,18829,32,2022/04/17(21:00),-
2022,04,16,133680,77102,59944,-,17158,28.6,2022/04/16(20:00),-
2022,04,15,133680,83940,67132,-,16808,25,2022/04/15(20:00),-
2022,04,14,133680,84050,71334,-,12716,17.8,2022/04/14(10:00),-
2022,04,13,133680,84457,71879,-,12578,17.5,2022/04/13(17:00),-
2022,04,12,133680,84159,69958,-,14201,20.3,2022/04/12(19:00),-
2022,04,11,133680,83037,68821,-,14216,20.7,2022/04/11(20:00),-
2022,04,10,133680,79188,58490,-,20698,35.4,2022/04/10(20:00),-
2022,04,09,133680,78558,60137,-,18421,30.6,2022/04/09(20:00),-
2022,04,08,133680,84389,67293,-,17096,25.4,2022/04/08(20:00),-
2022,04,07,133561,84039,69860,-,14179,20.3,2022/04/07(20:00),-
2022,04,06,133561,83820,69222,-,14598,21.1,2022/04/06(20:00),-
2022,04,05,133561,84085,70446,-,13639,19.4,2022/04/05(20:00),-
2022,04,04,133561,84320,69891,-,14429,20.6,2022/04/04(20:00),-
2022,04,03,133561,81121,60331,-,20790,34.5,2022/04/03(21:00),-
2022,04,02,133561,81417,61732,-,19685,31.9,2022/04/02(20:00),-
2022,04,01,133561,86929,68838,-,18091,26.3,2022/04/01(20:00),-
2022,03,31,133561,83397,70618,-,12779,18.1,2022/03/31(20:00),-
2022,03,30,133561,83144,71112,-,12032,16.9,2022/03/30(17:00),-
2022,03,29,133561,83223,70311,-,12912,18.4,2022/03/29(20:00),-
2022,03,28,133561,83826,70765,-,13061,18.5,2022/03/28(20:00),-
2022,03,27,133561,81196,60623,-,20573,33.9,2022/03/27(20:00),-
2022,03,26,133561,78264,62291,-,15973,25.6,2022/03/26(10:00),-
2022,03,25,133561,84019,71135,-,12884,18.1,2022/03/25(09:00),-
2022,03,24,133561,83716,73156,-,10560,14.4,2022/03/24(09:00),-
2022,03,23,133561,89033,78233,-,10800,13.8,2022/03/23(10:00),-
2022,03,22,133561,86161,73197,-,12964,17.7,2022/03/22(20:00),-
2022,03,21,133561,86078,74381,-,11697,15.7,2022/03/21(17:00),-
2022,03,20,133561,83653,62882,-,20771,33,2022/03/20(20:00),-
2022,03,19,133561,84686,66838,-,17848,26.7,2022/03/19(11:00),-
2022,03,18,133561,89903,76980,-,12923,16.8,2022/03/18(10:00),-
2022,03,17,133561,87346,75585,-,11761,15.6,2022/03/17(10:00),-
2022,03,16,133561,87501,70966,-,16535,23.3,2022/03/16(09:00),-
2022,03,15,133561,92568,71988,-,20580,28.6,2022/03/15(19:00),-
2022,03,14,133561,91813,76789,-,15024,19.6,2022/03/14(15:00),-
2022,03,13,133561,83055,61436,-,21619,35.2,2022/03/13(20:00),-
2022,03,12,133561,83382,62114,-,21268,34.2,2022/03/12(20:00),-
2022,03,11,133561,91552,74509,-,17043,22.9,2022/03/11(10:00),-
2022,03,10,133561,93595,73841,-,19754,26.8,2022/03/10(09:00),-
2022,03,09,133561,92928,67781,-,25147,37.1,2022/03/09(20:00),-
2022,03,08,133561,90369,76762,-,13607,17.7,2022/03/08(09:00),-
2022,03,07,133069,88990,77345,-,11645,15.1,2022/03/07(10:00),-
2022,03,06,133069,81233,64675,-,16558,25.6,2022/03/06(20:00),-
2022,03,05,133069,82102,66375,-,15727,23.7,2022/03/05(20:00),-
2022,03,04,133069,89526,78189,-,11337,14.5,2022/03/04(09:00),-
2022,03,03,133069,91888,77182,-,14706,19.1,2022/03/03(09:00),-
2022,03,02,133069,93798,77502,-,16296,21,2022/03/02(09:00),-
2022,03,01,133069,92392,69920,-,22472,32.1,2022/03/01(20:00),-
2022,02,28,133069,91911,73959,-,17952,24.3,2022/02/28(09:00),-
2022,02,27,133069,95229,64965,-,30264,46.6,2022/02/27(20:00),-
2022,02,26,133069,97176,67374,-,29802,44.2,2022/02/26(01:00),-
2022,02,25,133069,98432,80824,-,17608,21.8,2022/02/25(09:00),-
2022,02,24,133069,97557,83453,-,14104,16.9,2022/02/24(09:00),-
2022,02,23,133069,98038,85489,-,12549,14.7,2022/02/23(10:00),-
2022,02,22,133069,96702,83248,-,13454,16.2,2022/02/22(19:00),-
2022,02,21,133069,97347,82900,-,14447,17.4,2022/02/21(17:00),-
2022,02,20,133069,96907,69627,-,27280,39.2,2022/02/20(20:00),-
2022,02,19,133069,98848,70632,-,28216,39.9,2022/02/19(11:00),-
2022,02,18,133069,100716,84164,-,16552,19.7,2022/02/18(09:00),-
2022,02,17,133069,103184,86434,-,16750,19.4,2022/02/17(10:00),-
2022,02,16,133069,103942,86687,-,17255,19.9,2022/02/16(10:00),-
2022,02,15,133069,104682,83893,-,20789,24.8,2022/02/15(10:00),-
2022,02,14,133069,103073,79225,-,23848,30.1,2022/02/14(10:00),-
2022,02,13,133069,100238,65396,-,34842,53.3,2022/02/13(20:00),-
2022,02,12,133069,100573,67542,-,33031,48.9,2022/02/12(09:00),-
2022,02,11,133069,102618,81928,-,20690,25.3,2022/02/11(09:00),-
2022,02,10,133069,103674,81626,-,22048,27,2022/02/10(09:00),-
2022,02,09,133069,101527,83819,-,17708,21.1,2022/02/09(09:00),-
2022,02,08,133069,102163,85352,-,16811,19.7,2022/02/08(10:00),-
2022,02,07,133069,100103,87351,-,12752,14.6,2022/02/07(17:00),-
2022,02,06,133069,100922,69718,-,31204,44.8,2022/02/06(19:00),-
2022,02,05,133069,100908,73089,-,27819,38.1,2022/02/05(19:00),-
2022,02,04,133069,102340,82614,-,19726,23.9,2022/02/04(17:00),-
2022,02,03,133069,102205,78841,-,23364,29.6,2022/02/03(18:00),-
2022,02,02,133069,99458,63795,-,35663,55.9,2022/02/02(19:00),-
2022,02,01,133069,97064,59840,-,37224,62.2,2022/02/01(23:00),-
2022,01,31,134123,95850,61339,-,34511,56.3,2022/01/31(01:00),-
2022,01,30,134123,95905,65026,-,30879,47.5,2022/01/30(19:00),-
2022,01,29,134123,98753,68009,-,30744,45.2,2022/01/29(19:00),-
2022,01,28,134123,104633,82283,-,22350,27.2,2022/01/28(09:00),-
2022,01,27,134123,103391,82938,-,20453,24.7,2022/01/27(09:00),-
2022,01,26,134123,103430,82984,-,20446,24.6,2022/01/26(10:00),-
2022,01,25,134123,102737,86241,-,16496,19.1,2022/01/25(11:00),-
2022,01,24,134020,103205,83085,-,20120,24.2,2022/01/24(10:00),-
2022,01,23,134020,100014,67726,-,32288,47.7,2022/01/23(19:00),-
2022,01,22,134020,99165,72105,-,27060,37.5,2022/01/22(09:00),-
2022,01,21,134020,104526,86522,-,18004,20.8,2022/01/21(09:00),-
2022,01,20,134020,105164,87884,-,17280,19.7,2022/01/20(10:00),-
2022,01,19,134020,104860,88076,-,16784,19.1,2022/01/19(17:00),-
2022,01,18,134020,104684,87579,-,17105,19.5,2022/01/18(09:00),-
2022,01,17,134020,104610,87967,-,16643,18.9,2022/01/17(17:00),-
2022,01,16,134020,99043,70090,-,28953,41.3,2022/01/16(19:00),-
2022,01,15,134020,99046,71585,-,27461,38.4,2022/01/15(09:00),-
2022,01,14,134020,106463,87278,-,19185,22,2022/01/14(09:00),-
2022,01,13,134020,107327,89115,-,18212,20.4,2022/01/13(17:00),-
2022,01,12,134020,107063,88305,-,18758,21.2,2022/01/12(10:00),-
2022,01,11,134020,107504,88103,-,19401,22,2022/01/11(17:00),-
2022,01,10,134020,104076,85301,-,18775,22,2022/01/10(10:00),-
2022,01,09,134020,101437,67889,-,33548,49.4,2022/01/09(19:00),-
2022,01,08,134020,102853,70793,-,32060,45.3,2022/01/08(09:00),-
2022,01,07,134020,107169,85425,-,21744,25.5,2022/01/07(09:00),-
2022,01,06,134020,107486,84761,-,22725,26.8,2022/01/06(09:00),-
2022,01,05,134020,107631,89397,-,18234,20.4,2022/01/05(10:00),-
2022,01,04,134020,106705,85161,-,21544,25.3,2022/01/04(09:00),-
2022,01,03,134020,107391,85196,-,22195,26.1,2022/01/03(17:00),-
2022,01,02,134020,103896,68173,-,35723,52.4,2022/01/02(19:00),-
2022,01,01,134020,101222,67369,-,33853,50.3,2022/01/01(01:00),-
